nct_id,title,cancer_type,sponsor,phase,status,enrollment,start_date,completion_date,duration_months,blinding,allocation,intervention_model,number_of_sites,regions,dropout_rate_percent,sae_per_100_patients,primary_endpoint_met,start_year,completion_year,enrollment_category,complexity_score,region_count,enrollment_per_site,enrollment_rate,expected_duration,completed_on_time,trial_success,estimated_cost_millions,cost_per_patient_thousands
NCT2018000000,A Study of Novel Therapy in Patients With Breast Cancer,Breast Cancer,Mayo Clinic,Phase 3,Completed,474,2019-04-08,2022-12-18,45,Open Label,Randomized,Single Group Assignment,27,South America,17.3,25.6,True,2019,2022,Large (300-500),2,1,17.6,10.53,48.0,True,True,62.17,131.2
NCT2018000001,A Study of Novel Therapy in Patients With Prostate Cancer,Prostate Cancer,AbbVie,Phase 1,Completed,32,2015-09-07,2016-10-31,14,Double Blind,Non-Randomized,Parallel Assignment,2,"North America, Europe",11.4,1.1,True,2015,2016,Small (30-100),4,2,16.0,2.29,18.0,True,True,1.5,46.9
NCT2018000002,A Study of Novel Therapy in Patients With Colorectal Cancer,Colorectal Cancer,Merck,Phase 2,Completed,59,2020-02-03,2022-10-20,33,Single Blind,Randomized,Parallel Assignment,6,"South America, North America, Europe",14.6,8.8,True,2020,2022,Small (30-100),6,3,9.8,1.79,29.0,False,False,10.08,170.8
NCT2018000003,A Study of Novel Therapy in Patients With Liver Cancer,Liver Cancer,National Cancer Institute,Phase 2,Completed,43,2020-10-07,2023-04-25,31,Double Blind,Randomized,Parallel Assignment,2,"Europe, North America, Australia, Asia, South America",15.1,6.6,True,2020,2023,Small (30-100),7,5,21.5,1.39,29.0,False,False,3.23,75.1
NCT2018000004,A Study of Novel Therapy in Patients With Leukemia,Leukemia,AstraZeneca,Phase 2,Completed,99,2018-11-09,2020-06-01,19,Double Blind,Non-Randomized,Parallel Assignment,4,"Europe, Australia",38.4,2.4,True,2018,2020,Small (30-100),4,2,24.8,5.21,29.0,True,True,4.1,41.4
NCT2018000005,A Study of Novel Therapy in Patients With Liver Cancer,Liver Cancer,Mayo Clinic,Phase 2,Completed,107,2018-11-11,2021-06-28,32,Triple Blind,Non-Randomized,Parallel Assignment,2,"South America, Asia, North America",29.6,6.5,True,2018,2021,Medium (100-300),6,3,53.5,3.34,29.0,False,False,3.52,32.9
NCT2018000006,A Study of Novel Therapy in Patients With Gastric Cancer,Gastric Cancer,AstraZeneca,Phase 4,Completed,163,2018-11-16,2022-10-26,48,Single Blind,Single Group,Parallel Assignment,6,Australia,36.5,4.7,True,2018,2022,Medium (100-300),2,1,27.2,3.4,34.0,False,False,14.89,91.3
NCT2018000007,A Study of Novel Therapy in Patients With Lymphoma,Lymphoma,National Cancer Institute,Phase 3,Completed,491,2021-06-08,2026-01-13,56,Quadruple Blind,Randomized,Parallel Assignment,11,"Europe, Australia, Asia, South America",35.7,7.1,False,2021,2026,Large (300-500),9,4,44.6,8.77,48.0,False,False,32.27,65.7
NCT2018000008,A Study of Novel Therapy in Patients With Pancreatic Cancer,Pancreatic Cancer,Sanofi,Phase 2,Completed,80,2019-09-28,2022-01-15,28,Quadruple Blind,Non-Randomized,Parallel Assignment,10,"Asia, North America, Europe",11.2,7.9,True,2019,2022,Small (30-100),7,3,8.0,2.86,29.0,True,True,14.24,178.0
NCT2018000009,A Study of Novel Therapy in Patients With Gastric Cancer,Gastric Cancer,Mayo Clinic,Phase 2,Completed,140,2019-09-25,2022-12-08,39,Open Label,Single Group,Sequential Assignment,6,"Australia, Europe, North America",27.8,23.1,True,2019,2022,Medium (100-300),4,3,23.3,3.59,29.0,False,False,12.12,86.6
NCT2018000010,A Study of Novel Therapy in Patients With Ovarian Cancer,Ovarian Cancer,Pfizer,Phase 1,Completed,25,2020-08-01,2021-11-24,16,Open Label,Randomized,Factorial Assignment,2,Europe,34.6,22.0,False,2020,2021,Very Small (<30),6,1,12.5,1.56,18.0,True,False,1.68,67.2
NCT2018000011,A Study of Novel Therapy in Patients With Lung Cancer,Lung Cancer,Mayo Clinic,Phase 4,Completed,158,2022-02-25,2024-11-11,33,Double Blind,Randomized,Single Group Assignment,10,Australia,10.1,10.6,False,2022,2024,Medium (100-300),4,1,15.8,4.79,34.0,True,False,16.97,107.4
NCT2018000012,A Study of Novel Therapy in Patients With Prostate Cancer,Prostate Cancer,AbbVie,Phase 2,Completed,103,2018-12-10,2022-02-22,39,Single Blind,Non-Randomized,Parallel Assignment,10,"Europe, Australia",11.9,10.4,True,2018,2022,Medium (100-300),3,2,10.3,2.64,29.0,False,False,19.81,192.3
NCT2018000013,A Study of Novel Therapy in Patients With Ovarian Cancer,Ovarian Cancer,Merck,Phase 1,Completed,27,2018-01-03,2018-07-02,6,Double Blind,Randomized,Parallel Assignment,1,"North America, Europe, South America, Asia",24.2,4.2,True,2018,2018,Very Small (<30),7,4,27.0,4.5,18.0,True,True,0.38,14.1
NCT2018000014,A Study of Novel Therapy in Patients With Pancreatic Cancer,Pancreatic Cancer,National Cancer Institute,Phase 1,Completed,43,2022-04-26,2023-11-17,19,Single Blind,Randomized,Parallel Assignment,3,"South America, Australia",21.3,1.1,True,2022,2023,Small (30-100),5,2,14.3,2.26,18.0,False,False,2.98,69.3
NCT2018000015,A Study of Novel Therapy in Patients With Liver Cancer,Liver Cancer,MD Anderson,Phase 3,Completed,396,2016-01-13,2020-01-22,49,Double Blind,Non-Randomized,Parallel Assignment,16,South America,14.1,11.5,True,2016,2020,Large (300-500),3,1,24.8,8.08,48.0,False,False,40.39,102.0
NCT2018000016,A Study of Novel Therapy in Patients With Brain Cancer,Brain Cancer,Merck,Phase 1,Completed,36,2016-08-26,2018-06-17,22,Triple Blind,Randomized,Parallel Assignment,3,"North America, Europe, Australia",35.0,12.7,True,2016,2018,Small (30-100),8,3,12.0,1.64,18.0,False,False,3.41,94.7
NCT2018000017,A Study of Novel Therapy in Patients With Lymphoma,Lymphoma,Pfizer,Phase 2,Completed,187,2017-07-01,2019-07-21,25,Quadruple Blind,Randomized,Crossover Assignment,9,Australia,28.5,5.5,False,2017,2019,Medium (100-300),9,1,20.8,7.48,29.0,True,False,11.81,63.2
NCT2018000018,A Study of Novel Therapy in Patients With Prostate Cancer,Prostate Cancer,Bristol-Myers Squibb,Phase 2,Completed,37,2018-01-19,2020-07-07,30,Double Blind,Randomized,Parallel Assignment,1,"Australia, Europe",6.6,4.2,True,2018,2020,Small (30-100),6,2,37.0,1.23,29.0,False,False,1.61,43.5
NCT2018000019,A Study of Novel Therapy in Patients With Colorectal Cancer,Colorectal Cancer,Novartis,Phase 2,Completed,87,2016-11-28,2019-01-17,26,Open Label,Randomized,Sequential Assignment,5,"North America, Australia",23.1,19.9,True,2016,2019,Small (30-100),5,2,17.4,3.35,29.0,True,True,6.76,77.7
NCT2018000020,A Study of Novel Therapy in Patients With Ovarian Cancer,Ovarian Cancer,AstraZeneca,Phase 2,Completed,110,2019-04-22,2022-05-06,37,Double Blind,Randomized,Parallel Assignment,6,"North America, Australia",10.3,10.1,True,2019,2022,Medium (100-300),6,2,18.3,2.97,29.0,False,False,11.43,103.9
NCT2018000021,A Study of Novel Therapy in Patients With Lung Cancer,Lung Cancer,Novartis,Early Phase 1,Completed,28,2018-09-09,2020-04-01,19,Open Label,Randomized,Parallel Assignment,1,"Europe, South America",26.2,4.5,False,2018,2020,Very Small (<30),4,2,28.0,1.47,19.0,True,False,1.03,36.8
NCT2018000022,A Study of Novel Therapy in Patients With Pancreatic Cancer,Pancreatic Cancer,MD Anderson,Phase 3,Completed,679,2015-11-27,2020-06-03,55,Double Blind,Single Group,Parallel Assignment,76,North America,5.4,20.1,False,2015,2020,Very Large (500+),3,1,8.9,12.35,48.0,False,False,211.04,310.8
NCT2018000023,A Study of Novel Therapy in Patients With Colorectal Cancer,Colorectal Cancer,Bristol-Myers Squibb,Phase 3,Completed,276,2019-10-07,2024-03-14,54,Double Blind,Randomized,Single Group Assignment,18,"Asia, North America",31.3,4.8,True,2019,2024,Medium (100-300),5,2,15.3,5.11,48.0,False,False,49.43,179.1
NCT2018000024,A Study of Novel Therapy in Patients With Melanoma,Melanoma,Pfizer,Phase 2,Completed,96,2015-06-25,2018-03-11,33,Open Label,Single Group,Parallel Assignment,9,"South America, North America",16.7,6.7,True,2015,2018,Small (30-100),2,2,10.7,2.91,29.0,False,False,15.14,157.7
NCT2018000025,A Study of Novel Therapy in Patients With Gastric Cancer,Gastric Cancer,Roche,Phase 4,Completed,417,2015-06-19,2017-06-08,24,Double Blind,Randomized,Parallel Assignment,21,"North America, Asia, Australia, South America",39.2,11.9,True,2015,2017,Large (300-500),7,4,19.9,17.38,34.0,True,True,26.45,63.4
NCT2018000026,A Study of Novel Therapy in Patients With Ovarian Cancer,Ovarian Cancer,Johnson & Johnson,Phase 2,Completed,91,2017-04-28,2020-05-12,37,Open Label,Non-Randomized,Parallel Assignment,8,Asia,24.0,4.0,False,2017,2020,Small (30-100),1,1,11.4,2.46,29.0,False,False,15.07,165.6
NCT2018000027,A Study of Novel Therapy in Patients With Liver Cancer,Liver Cancer,Mayo Clinic,Phase 2,Completed,39,2018-05-06,2019-12-27,20,Triple Blind,Randomized,Sequential Assignment,2,South America,11.8,11.1,True,2018,2019,Small (30-100),7,1,19.5,1.95,29.0,True,True,2.12,54.4
NCT2018000028,A Study of Novel Therapy in Patients With Prostate Cancer,Prostate Cancer,Merck,Phase 3,Completed,408,2015-11-07,2018-04-25,30,Single Blind,Randomized,Parallel Assignment,18,"Australia, South America",18.9,2.5,False,2015,2018,Large (300-500),5,2,22.7,13.6,48.0,True,False,28.22,69.2
NCT2018000029,A Study of Novel Therapy in Patients With Leukemia,Leukemia,Pfizer,Phase 3,Completed,259,2016-05-06,2020-08-13,52,Double Blind,Single Group,Parallel Assignment,29,"Asia, South America",18.0,17.7,False,2016,2020,Medium (100-300),4,2,8.9,4.98,48.0,False,False,76.18,294.1
NCT2018000030,A Study of Novel Therapy in Patients With Lymphoma,Lymphoma,National Cancer Institute,Phase 2,Completed,126,2018-05-02,2019-10-24,18,Double Blind,Randomized,Sequential Assignment,10,"Europe, Asia, Australia",5.6,8.9,True,2018,2019,Medium (100-300),8,3,12.6,7.0,29.0,True,True,9.38,74.4
NCT2018000031,A Study of Novel Therapy in Patients With Leukemia,Leukemia,National Cancer Institute,Phase 3,Completed,502,2020-11-28,2022-10-19,23,Open Label,Single Group,Single Group Assignment,62,"South America, Asia",9.2,5.0,False,2020,2022,Very Large (500+),1,2,8.1,21.83,48.0,True,False,72.81,145.0
NCT2018000032,A Study of Novel Therapy in Patients With Liver Cancer,Liver Cancer,Johnson & Johnson,Phase 1,Completed,31,2017-10-19,2020-06-05,32,Single Blind,Randomized,Parallel Assignment,2,Australia,61.8,9.6,True,2017,2020,Small (30-100),4,1,15.5,0.97,18.0,False,False,3.29,106.1
NCT2018000033,A Study of Novel Therapy in Patients With Brain Cancer,Brain Cancer,Sanofi,Phase 2,Completed,68,2018-09-16,2021-01-03,28,Triple Blind,Single Group,Single Group Assignment,3,Australia,18.9,5.6,True,2018,2021,Small (30-100),3,1,22.7,2.43,29.0,True,True,4.4,64.7
NCT2018000034,A Study of Novel Therapy in Patients With Prostate Cancer,Prostate Cancer,MD Anderson,Phase 3,Completed,302,2019-04-26,2024-05-29,62,Open Label,Randomized,Parallel Assignment,25,"North America, South America",20.4,18.6,True,2019,2024,Large (300-500),4,2,12.1,4.87,48.0,False,False,78.41,259.6
NCT2018000035,A Study of Novel Therapy in Patients With Prostate Cancer,Prostate Cancer,Mayo Clinic,Phase 3,Completed,590,2021-08-13,2024-08-27,37,Open Label,Non-Randomized,Parallel Assignment,68,"North America, South America, Australia, Asia",18.7,3.6,False,2021,2024,Very Large (500+),3,4,8.7,15.95,48.0,True,False,127.57,216.2
NCT2018000036,A Study of Novel Therapy in Patients With Brain Cancer,Brain Cancer,Pfizer,Phase 3,Completed,644,2018-02-15,2020-04-05,26,Open Label,Randomized,Single Group Assignment,55,"South America, Australia",12.6,20.2,False,2018,2020,Very Large (500+),3,2,11.7,24.77,48.0,True,False,73.43,114.0
NCT2018000037,A Study of Novel Therapy in Patients With Colorectal Cancer,Colorectal Cancer,Mayo Clinic,Phase 2,Completed,100,2022-08-09,2024-10-27,27,Triple Blind,Non-Randomized,Parallel Assignment,10,"Europe, Asia",17.9,13.4,True,2022,2024,Medium (100-300),5,2,10.0,3.7,29.0,True,True,13.8,138.0
NCT2018000038,A Study of Novel Therapy in Patients With Prostate Cancer,Prostate Cancer,Bristol-Myers Squibb,Phase 3,Completed,719,2020-06-18,2021-12-10,18,Open Label,Randomized,Parallel Assignment,29,"North America, South America, Europe",13.6,11.3,True,2020,2021,Very Large (500+),5,3,24.8,39.94,48.0,True,True,28.26,39.3
NCT2018000039,A Study of Novel Therapy in Patients With Breast Cancer,Breast Cancer,Merck,Phase 2,Completed,75,2021-07-25,2024-09-07,38,Double Blind,Non-Randomized,Sequential Assignment,8,"Asia, Australia",15.6,15.1,False,2021,2024,Small (30-100),5,2,9.4,1.97,29.0,False,False,15.42,205.6
NCT2018000040,A Study of Novel Therapy in Patients With Lymphoma,Lymphoma,AbbVie,Phase 4,Completed,271,2018-08-08,2021-10-21,39,Open Label,Randomized,Parallel Assignment,22,"South America, Europe, Asia",23.6,14.1,True,2018,2021,Medium (100-300),5,3,12.3,6.95,34.0,False,False,43.71,161.3
NCT2018000041,A Study of Novel Therapy in Patients With Pancreatic Cancer,Pancreatic Cancer,National Cancer Institute,Phase 4,Completed,248,2015-02-21,2016-04-16,14,Single Blind,Single Group,Parallel Assignment,18,"Europe, South America",5.5,7.1,True,2015,2016,Medium (100-300),3,2,13.8,17.71,34.0,True,True,13.34,53.8
NCT2018000042,A Study of Novel Therapy in Patients With Lymphoma,Lymphoma,Bristol-Myers Squibb,Phase 3,Completed,523,2021-05-27,2026-05-01,60,Open Label,Randomized,Single Group Assignment,80,"North America, Australia",34.0,11.7,False,2021,2026,Very Large (500+),3,2,6.5,8.72,48.0,False,False,241.57,461.9
NCT2018000043,A Study of Novel Therapy in Patients With Prostate Cancer,Prostate Cancer,Pfizer,Phase 4,Completed,189,2017-04-05,2022-01-09,58,Single Blind,Randomized,Sequential Assignment,9,"Asia, Europe, Australia",39.9,2.7,True,2017,2022,Medium (100-300),7,3,21.0,3.26,34.0,False,False,26.67,141.1
NCT2018000044,A Study of Novel Therapy in Patients With Lung Cancer,Lung Cancer,Roche,Phase 3,Completed,493,2019-02-19,2023-10-26,57,Open Label,Randomized,Single Group Assignment,22,"Europe, North America",23.3,18.0,False,2019,2023,Large (300-500),3,2,22.4,8.65,48.0,False,False,64.18,130.2
NCT2018000045,A Study of Novel Therapy in Patients With Prostate Cancer,Prostate Cancer,Novartis,Phase 3,Completed,377,2019-11-20,2024-07-26,57,Triple Blind,Non-Randomized,Single Group Assignment,11,"South America, Asia",32.9,6.0,True,2019,2024,Large (300-500),4,2,34.3,6.61,48.0,False,False,32.48,86.2
NCT2018000046,A Study of Novel Therapy in Patients With Breast Cancer,Breast Cancer,Johnson & Johnson,Phase 3,Completed,329,2022-02-14,2026-04-24,51,Quadruple Blind,Non-Randomized,Crossover Assignment,14,"Australia, Asia",8.5,5.0,False,2022,2026,Large (300-500),8,2,23.5,6.45,48.0,False,False,36.69,111.5
NCT2018000047,A Study of Novel Therapy in Patients With Brain Cancer,Brain Cancer,Sanofi,Phase 4,Completed,182,2021-12-19,2022-11-14,11,Open Label,Single Group,Crossover Assignment,3,South America,37.8,3.4,True,2021,2022,Medium (100-300),3,1,60.7,16.55,34.0,True,True,2.2,12.1
NCT2018000048,A Study of Novel Therapy in Patients With Pancreatic Cancer,Pancreatic Cancer,MD Anderson,Phase 2,Completed,112,2021-06-01,2023-02-21,21,Single Blind,Randomized,Parallel Assignment,7,"Asia, Australia, South America",16.0,13.6,False,2021,2023,Medium (100-300),6,3,16.0,5.33,29.0,True,False,7.69,68.7
NCT2018000049,A Study of Novel Therapy in Patients With Breast Cancer,Breast Cancer,AbbVie,Phase 2,Completed,83,2018-02-08,2020-07-27,30,Double Blind,Randomized,Crossover Assignment,9,"South America, Australia",29.3,4.3,False,2018,2020,Small (30-100),8,2,9.2,2.77,29.0,False,False,13.75,165.7
NCT2018000050,A Study of Novel Therapy in Patients With Prostate Cancer,Prostate Cancer,Johnson & Johnson,Phase 1,Completed,39,2018-05-22,2020-04-11,23,Double Blind,Randomized,Single Group Assignment,2,"Australia, Asia, Europe, South America, North America",52.3,32.0,True,2018,2020,Small (30-100),6,5,19.5,1.7,18.0,False,False,2.42,62.1
NCT2018000051,A Study of Novel Therapy in Patients With Gastric Cancer,Gastric Cancer,Merck,Phase 1,Completed,16,2020-02-24,2021-07-18,17,Double Blind,Non-Randomized,Parallel Assignment,1,"Asia, Australia, North America",7.4,9.3,False,2020,2021,Very Small (<30),5,3,16.0,0.94,18.0,True,False,0.9,56.2
NCT2018000052,A Study of Novel Therapy in Patients With Leukemia,Leukemia,Roche,Phase 2,Completed,113,2019-01-23,2023-01-02,48,Double Blind,Randomized,Factorial Assignment,10,Europe,34.3,2.4,True,2019,2023,Medium (100-300),8,1,11.3,2.35,29.0,False,False,24.34,215.4
NCT2018000053,A Study of Novel Therapy in Patients With Lung Cancer,Lung Cancer,Pfizer,Phase 3,Completed,674,2019-08-16,2023-05-27,46,Single Blind,Randomized,Parallel Assignment,80,"North America, Australia, Europe, Asia",25.7,22.5,True,2019,2023,Very Large (500+),6,4,8.4,14.65,48.0,True,True,186.02,276.0
NCT2018000054,A Study of Novel Therapy in Patients With Breast Cancer,Breast Cancer,Roche,Phase 3,Completed,382,2017-10-10,2023-03-13,66,Open Label,Randomized,Single Group Assignment,23,"Australia, Europe",5.3,9.2,False,2017,2023,Large (300-500),3,2,16.6,5.79,48.0,False,False,77.05,201.7
NCT2018000055,A Study of Novel Therapy in Patients With Brain Cancer,Brain Cancer,Bristol-Myers Squibb,Phase 2,Completed,101,2021-05-19,2023-07-08,26,Double Blind,Non-Randomized,Single Group Assignment,5,"Asia, North America",4.0,12.1,True,2021,2023,Medium (100-300),3,2,20.2,3.88,29.0,True,True,6.8,67.3
NCT2018000056,A Study of Novel Therapy in Patients With Lung Cancer,Lung Cancer,Roche,Phase 1,Completed,10,2015-07-15,2017-08-03,25,Double Blind,Randomized,Parallel Assignment,2,"South America, North America, Asia",27.0,18.5,True,2015,2017,Very Small (<30),7,3,5.0,0.4,18.0,False,False,2.53,253.0
NCT2018000057,A Study of Novel Therapy in Patients With Liver Cancer,Liver Cancer,National Cancer Institute,Phase 2,Completed,102,2018-07-04,2021-10-16,40,Double Blind,Non-Randomized,Sequential Assignment,4,Europe,16.5,20.7,False,2018,2021,Medium (100-300),4,1,25.5,2.55,29.0,False,False,8.31,81.5
NCT2018000058,A Study of Novel Therapy in Patients With Pancreatic Cancer,Pancreatic Cancer,Bristol-Myers Squibb,Phase 2,Completed,142,2022-02-15,2023-02-10,12,Double Blind,Non-Randomized,Sequential Assignment,10,"South America, North America",14.5,22.3,True,2022,2023,Medium (100-300),5,2,14.2,11.83,29.0,True,True,6.43,45.3
NCT2018000059,A Study of Novel Therapy in Patients With Gastric Cancer,Gastric Cancer,AstraZeneca,Phase 4,Completed,205,2019-01-03,2022-11-13,47,Open Label,Non-Randomized,Sequential Assignment,28,"Asia, North America, South America, Europe, Australia",35.6,8.0,False,2019,2022,Medium (100-300),4,5,7.3,4.36,34.0,False,False,66.42,324.0
NCT2018000060,A Study of Novel Therapy in Patients With Pancreatic Cancer,Pancreatic Cancer,Johnson & Johnson,Phase 1,Completed,10,2022-02-16,2023-07-11,17,Single Blind,Randomized,Single Group Assignment,1,"South America, Asia",4.8,10.9,True,2022,2023,Very Small (<30),4,2,10.0,0.59,18.0,True,True,0.88,88.0
NCT2018000061,A Study of Novel Therapy in Patients With Ovarian Cancer,Ovarian Cancer,Pfizer,Phase 2,Completed,62,2022-02-11,2025-02-25,37,Open Label,Randomized,Crossover Assignment,10,"North America, South America, Europe",20.1,12.0,True,2022,2025,Small (30-100),7,3,6.2,1.68,29.0,False,False,18.69,301.5
NCT2018000062,A Study of Novel Therapy in Patients With Pancreatic Cancer,Pancreatic Cancer,Sanofi,Phase 2,Completed,78,2022-01-07,2023-10-29,22,Open Label,Randomized,Parallel Assignment,9,Australia,23.0,28.5,False,2022,2023,Small (30-100),3,1,8.7,3.55,29.0,True,False,10.13,129.9
NCT2018000063,A Study of Novel Therapy in Patients With Melanoma,Melanoma,AbbVie,Phase 3,Completed,405,2015-09-14,2020-03-21,55,Open Label,Single Group,Sequential Assignment,24,"Europe, South America, Asia, Australia",33.8,7.7,True,2015,2020,Large (300-500),4,4,16.9,7.36,48.0,False,False,67.22,166.0
NCT2018000064,A Study of Novel Therapy in Patients With Brain Cancer,Brain Cancer,Sanofi,Phase 2,Completed,78,2018-08-18,2020-08-07,24,Open Label,Randomized,Single Group Assignment,4,"Asia, South America, Europe, Australia",31.6,24.1,False,2018,2020,Small (30-100),4,4,19.5,3.25,29.0,True,False,5.03,64.5
NCT2018000065,A Study of Novel Therapy in Patients With Melanoma,Melanoma,National Cancer Institute,Phase 2,Completed,90,2022-03-15,2025-04-28,38,Double Blind,Randomized,Single Group Assignment,10,"Asia, Europe",3.4,17.9,False,2022,2025,Small (30-100),5,2,9.0,2.37,29.0,False,False,19.27,214.1
NCT2018000066,A Study of Novel Therapy in Patients With Lymphoma,Lymphoma,Merck,Phase 1,Completed,10,2021-01-11,2022-08-04,19,Double Blind,Non-Randomized,Crossover Assignment,2,"Europe, South America, North America, Asia, Australia",16.6,4.8,False,2021,2022,Very Small (<30),7,5,5.0,0.53,18.0,False,False,1.93,193.0
NCT2018000067,A Study of Novel Therapy in Patients With Brain Cancer,Brain Cancer,Novartis,Phase 4,Completed,113,2022-01-24,2025-03-09,38,Open Label,Single Group,Factorial Assignment,3,"Asia, Australia",29.1,22.0,True,2022,2025,Medium (100-300),5,2,37.7,2.97,34.0,False,False,6.04,53.5
NCT2018000068,A Study of Novel Therapy in Patients With Lung Cancer,Lung Cancer,AstraZeneca,Phase 2,Completed,160,2021-06-21,2024-05-06,35,Double Blind,Non-Randomized,Sequential Assignment,2,"Europe, Asia",8.4,15.9,False,2021,2024,Medium (100-300),5,2,80.0,4.57,29.0,False,False,3.98,24.9
NCT2018000069,A Study of Novel Therapy in Patients With Lymphoma,Lymphoma,Novartis,Phase 3,Completed,686,2016-08-06,2020-07-16,48,Double Blind,Single Group,Parallel Assignment,70,Asia,23.4,6.1,True,2016,2020,Very Large (500+),3,1,9.8,14.29,48.0,True,True,170.06,247.9
NCT2018000070,A Study of Novel Therapy in Patients With Ovarian Cancer,Ovarian Cancer,Johnson & Johnson,Phase 1,Completed,25,2017-03-06,2018-03-31,13,Open Label,Single Group,Single Group Assignment,1,"Australia, Europe",21.3,5.1,True,2017,2018,Very Small (<30),1,2,25.0,1.92,18.0,True,True,0.72,28.8
NCT2018000071,A Study of Novel Therapy in Patients With Brain Cancer,Brain Cancer,Bristol-Myers Squibb,Phase 3,Completed,513,2015-08-10,2020-02-15,55,Double Blind,Randomized,Parallel Assignment,42,"Asia, South America, Australia, Europe, North America",33.3,13.6,False,2015,2020,Very Large (500+),7,5,12.2,9.33,48.0,False,False,117.04,228.1
NCT2018000072,A Study of Novel Therapy in Patients With Lymphoma,Lymphoma,Sanofi,Phase 1,Completed,17,2016-04-13,2016-11-09,7,Double Blind,Randomized,Factorial Assignment,2,South America,4.0,13.2,True,2016,2016,Very Small (<30),8,1,8.5,2.43,18.0,True,True,0.75,44.1
NCT2018000073,A Study of Novel Therapy in Patients With Liver Cancer,Liver Cancer,Mayo Clinic,Phase 2,Completed,33,2015-10-24,2020-06-29,57,Single Blind,Single Group,Parallel Assignment,1,"Asia, Europe",5.7,6.1,True,2015,2020,Small (30-100),3,2,33.0,0.58,29.0,False,False,2.95,89.4
NCT2018000074,A Study of Novel Therapy in Patients With Liver Cancer,Liver Cancer,Mayo Clinic,Phase 3,Completed,550,2017-11-04,2021-01-17,39,Quadruple Blind,Non-Randomized,Parallel Assignment,48,Asia,37.7,0.4,False,2017,2021,Very Large (500+),5,1,11.5,14.1,48.0,True,False,95.25,173.2
NCT2018000075,A Study of Novel Therapy in Patients With Melanoma,Melanoma,AstraZeneca,Phase 1,Completed,17,2021-03-07,2022-09-28,19,Open Label,Randomized,Factorial Assignment,3,"Asia, Europe",18.4,7.4,True,2021,2022,Very Small (<30),7,2,5.7,0.89,18.0,False,False,2.9,170.6
NCT2018000076,A Study of Novel Therapy in Patients With Brain Cancer,Brain Cancer,Bristol-Myers Squibb,Phase 3,Completed,450,2020-02-15,2023-06-29,41,Quadruple Blind,Randomized,Factorial Assignment,22,"Australia, Asia, North America, Europe, South America",14.6,11.4,True,2020,2023,Large (300-500),12,5,20.5,10.98,48.0,True,True,46.45,103.2
NCT2018000077,A Study of Novel Therapy in Patients With Leukemia,Leukemia,MD Anderson,Phase 1,Completed,45,2019-10-13,2021-02-04,16,Triple Blind,Single Group,Parallel Assignment,1,"Australia, Asia",49.4,3.4,False,2019,2021,Small (30-100),5,2,45.0,2.81,18.0,True,False,0.94,20.9
NCT2018000078,A Study of Novel Therapy in Patients With Lung Cancer,Lung Cancer,MD Anderson,Phase 1,Completed,25,2022-12-10,2025-03-29,28,Double Blind,Randomized,Parallel Assignment,1,"South America, North America",23.1,9.9,True,2022,2025,Very Small (<30),6,2,25.0,0.89,18.0,False,False,1.48,59.2
NCT2018000079,A Study of Novel Therapy in Patients With Colorectal Cancer,Colorectal Cancer,Johnson & Johnson,Phase 4,Completed,261,2022-06-22,2025-07-06,37,Quadruple Blind,Non-Randomized,Single Group Assignment,28,"Europe, South America, Asia",22.5,5.9,True,2022,2025,Medium (100-300),6,3,9.3,7.05,34.0,False,False,52.58,201.5
NCT2018000080,A Study of Novel Therapy in Patients With Lymphoma,Lymphoma,Bristol-Myers Squibb,Phase 2,Completed,107,2015-12-12,2018-07-29,32,Open Label,Randomized,Parallel Assignment,7,Asia,17.1,8.8,True,2015,2018,Medium (100-300),3,1,15.3,3.34,29.0,False,False,11.52,107.7
NCT2018000081,A Study of Novel Therapy in Patients With Leukemia,Leukemia,Pfizer,Early Phase 1,Completed,20,2021-05-07,2022-07-31,15,Quadruple Blind,Single Group,Crossover Assignment,1,"Australia, North America, South America",30.0,3.5,False,2021,2022,Very Small (<30),9,3,20.0,1.33,19.0,True,False,0.81,40.5
NCT2018000082,A Study of Novel Therapy in Patients With Colorectal Cancer,Colorectal Cancer,National Cancer Institute,Phase 1,Completed,32,2018-02-27,2019-02-22,12,Triple Blind,Randomized,Parallel Assignment,1,"Europe, North America",20.2,4.3,True,2018,2019,Small (30-100),7,2,32.0,2.67,18.0,True,True,0.7,21.9
NCT2018000083,A Study of Novel Therapy in Patients With Colorectal Cancer,Colorectal Cancer,AbbVie,Early Phase 1,Completed,12,2019-03-04,2020-09-24,19,Double Blind,Randomized,Parallel Assignment,1,"North America, Europe",23.7,8.0,True,2019,2020,Very Small (<30),6,2,12.0,0.63,19.0,True,True,0.99,82.5
NCT2018000084,A Study of Novel Therapy in Patients With Lymphoma,Lymphoma,AbbVie,Phase 1,Completed,49,2016-12-03,2018-05-27,18,Single Blind,Non-Randomized,Single Group Assignment,1,"Europe, North America",15.5,4.2,True,2016,2018,Small (30-100),2,2,49.0,2.72,18.0,True,True,1.05,21.4
NCT2018000085,A Study of Novel Therapy in Patients With Liver Cancer,Liver Cancer,AbbVie,Phase 4,Completed,237,2019-08-21,2021-03-13,19,Quadruple Blind,Randomized,Parallel Assignment,22,"North America, South America",51.1,7.5,True,2019,2021,Medium (100-300),8,2,10.8,12.47,34.0,True,True,21.61,91.2
NCT2018000086,A Study of Novel Therapy in Patients With Lung Cancer,Lung Cancer,AstraZeneca,Phase 2,Completed,102,2017-02-05,2020-05-20,40,Open Label,Non-Randomized,Single Group Assignment,7,"Australia, Asia",2.3,3.4,True,2017,2020,Medium (100-300),1,2,14.6,2.55,29.0,False,False,14.31,140.3
NCT2018000087,A Study of Novel Therapy in Patients With Lung Cancer,Lung Cancer,Mayo Clinic,Phase 3,Completed,151,2016-11-21,2020-07-03,44,Triple Blind,Randomized,Sequential Assignment,8,"Europe, South America",27.9,26.9,True,2016,2020,Medium (100-300),8,2,18.9,3.43,48.0,True,True,18.05,119.5
NCT2018000088,A Study of Novel Therapy in Patients With Lymphoma,Lymphoma,Mayo Clinic,Phase 2,Completed,90,2016-06-14,2018-09-02,27,Single Blind,Randomized,Factorial Assignment,9,North America,10.2,17.9,True,2016,2018,Small (30-100),7,1,10.0,3.33,29.0,True,True,12.42,138.0
NCT2018000089,A Study of Novel Therapy in Patients With Gastric Cancer,Gastric Cancer,AstraZeneca,Phase 1,Completed,22,2017-09-02,2018-07-29,11,Double Blind,Randomized,Parallel Assignment,1,"South America, North America",49.5,9.7,False,2017,2018,Very Small (<30),6,2,22.0,2.0,18.0,True,False,0.62,28.2
NCT2018000090,A Study of Novel Therapy in Patients With Leukemia,Leukemia,Novartis,Phase 3,Completed,378,2018-03-22,2025-04-14,86,Single Blind,Non-Randomized,Parallel Assignment,27,"Asia, Europe",8.0,24.5,False,2018,2025,Large (300-500),3,2,14.0,4.4,48.0,False,False,117.23,310.1
NCT2018000091,A Study of Novel Therapy in Patients With Pancreatic Cancer,Pancreatic Cancer,National Cancer Institute,Phase 3,Completed,586,2015-10-22,2017-02-13,16,Triple Blind,Randomized,Parallel Assignment,64,"Asia, Australia, North America",15.9,2.4,True,2015,2017,Very Large (500+),8,3,9.2,36.62,48.0,True,True,52.96,90.4
NCT2018000092,A Study of Novel Therapy in Patients With Liver Cancer,Liver Cancer,Johnson & Johnson,Phase 1,Completed,17,2016-03-24,2017-06-17,15,Double Blind,Randomized,Single Group Assignment,1,"South America, Asia",13.0,19.5,True,2016,2017,Very Small (<30),5,2,17.0,1.13,18.0,True,True,0.8,47.1
NCT2018000093,A Study of Novel Therapy in Patients With Leukemia,Leukemia,National Cancer Institute,Phase 2,Completed,128,2016-01-05,2017-06-28,18,Open Label,Non-Randomized,Single Group Assignment,6,"South America, Australia",10.6,6.9,True,2016,2017,Medium (100-300),1,2,21.3,7.11,29.0,True,True,5.78,45.2
NCT2018000094,A Study of Novel Therapy in Patients With Prostate Cancer,Prostate Cancer,AbbVie,Phase 2,Completed,85,2016-06-14,2019-01-30,32,Open Label,Non-Randomized,Single Group Assignment,10,"North America, Europe, South America",28.5,13.0,False,2016,2019,Small (30-100),2,3,8.5,2.66,29.0,False,False,16.26,191.3
NCT2018000095,A Study of Novel Therapy in Patients With Prostate Cancer,Prostate Cancer,Bristol-Myers Squibb,Phase 1,Completed,28,2018-03-25,2019-01-19,10,Open Label,Randomized,Parallel Assignment,3,"Europe, South America",30.6,4.6,True,2018,2019,Very Small (<30),4,2,9.3,2.8,18.0,True,True,1.58,56.4
NCT2018000096,A Study of Novel Therapy in Patients With Ovarian Cancer,Ovarian Cancer,MD Anderson,Phase 1,Completed,10,2020-02-13,2021-12-04,22,Triple Blind,Randomized,Parallel Assignment,1,"Australia, South America, Asia, Europe",11.7,24.8,True,2020,2021,Very Small (<30),8,4,10.0,0.45,18.0,False,False,1.13,113.0
NCT2018000097,A Study of Novel Therapy in Patients With Lung Cancer,Lung Cancer,Johnson & Johnson,Phase 2,Completed,78,2015-06-06,2018-02-20,33,Triple Blind,Non-Randomized,Crossover Assignment,7,North America,12.7,6.2,True,2015,2018,Small (30-100),6,1,11.1,2.36,29.0,False,False,11.78,151.0
NCT2018000098,A Study of Novel Therapy in Patients With Ovarian Cancer,Ovarian Cancer,Novartis,Phase 2,Completed,97,2021-05-24,2025-08-01,51,Single Blind,Randomized,Parallel Assignment,10,"Australia, Europe",24.8,7.2,False,2021,2025,Small (30-100),5,2,9.7,1.9,29.0,False,False,25.79,265.9
NCT2018000099,A Study of Novel Therapy in Patients With Gastric Cancer,Gastric Cancer,MD Anderson,Phase 2,Completed,78,2017-04-04,2019-01-24,22,Open Label,Randomized,Single Group Assignment,3,South America,26.9,16.9,True,2017,2019,Small (30-100),2,1,26.0,3.55,29.0,True,True,3.53,45.3
NCT2018000100,A Study of Novel Therapy in Patients With Pancreatic Cancer,Pancreatic Cancer,Sanofi,Phase 2,Completed,118,2020-11-11,2024-08-22,46,Open Label,Randomized,Parallel Assignment,6,"Australia, North America, Europe",56.1,2.5,True,2020,2024,Medium (100-300),5,3,19.7,2.57,29.0,False,False,14.15,119.9
NCT2018000101,A Study of Novel Therapy in Patients With Brain Cancer,Brain Cancer,Pfizer,Phase 2,Completed,120,2015-06-27,2017-04-17,22,Open Label,Non-Randomized,Factorial Assignment,3,"Australia, South America",25.0,3.7,True,2015,2017,Medium (100-300),5,2,40.0,5.45,29.0,True,True,3.66,30.5
NCT2018000102,A Study of Novel Therapy in Patients With Gastric Cancer,Gastric Cancer,Pfizer,Phase 2,Completed,45,2022-10-21,2025-09-05,35,Open Label,Non-Randomized,Single Group Assignment,1,"Asia, North America",2.9,9.6,True,2022,2025,Small (30-100),1,2,45.0,1.29,29.0,False,False,1.88,41.8
NCT2018000103,A Study of Novel Therapy in Patients With Prostate Cancer,Prostate Cancer,Mayo Clinic,Phase 1,Completed,19,2022-08-17,2024-02-08,18,Double Blind,Randomized,Parallel Assignment,2,"Asia, North America",50.8,8.1,False,2022,2024,Very Small (<30),6,2,9.5,1.06,18.0,True,False,1.86,97.9
NCT2018000104,A Study of Novel Therapy in Patients With Lung Cancer,Lung Cancer,AstraZeneca,Phase 3,Completed,665,2016-09-22,2018-09-12,24,Single Blind,Randomized,Sequential Assignment,78,"Europe, Asia",11.2,18.0,True,2016,2018,Very Large (500+),6,2,8.5,27.71,48.0,True,True,95.6,143.8
NCT2018000105,A Study of Novel Therapy in Patients With Leukemia,Leukemia,Bristol-Myers Squibb,Phase 3,Completed,290,2021-03-20,2024-10-30,44,Double Blind,Randomized,Single Group Assignment,30,"Europe, North America, Asia",14.2,12.1,False,2021,2024,Medium (100-300),6,3,9.7,6.59,48.0,True,False,66.87,230.6
NCT2018000106,A Study of Novel Therapy in Patients With Breast Cancer,Breast Cancer,AstraZeneca,Phase 2,Completed,124,2019-03-07,2022-08-18,42,Single Blind,Non-Randomized,Parallel Assignment,4,Asia,31.6,11.4,False,2019,2022,Medium (100-300),2,1,31.0,2.95,29.0,False,False,8.77,70.7
NCT2018000107,A Study of Novel Therapy in Patients With Ovarian Cancer,Ovarian Cancer,Mayo Clinic,Phase 1,Completed,27,2015-11-11,2017-09-01,22,Triple Blind,Non-Randomized,Single Group Assignment,1,Australia,26.8,17.1,False,2015,2017,Very Small (<30),3,1,27.0,1.23,18.0,False,False,1.18,43.7
NCT2018000108,A Study of Novel Therapy in Patients With Brain Cancer,Brain Cancer,Pfizer,Phase 1,Completed,24,2021-06-22,2023-04-13,22,Double Blind,Single Group,Single Group Assignment,3,"Europe, Australia, South America",18.0,9.0,False,2021,2023,Very Small (<30),4,3,8.0,1.09,18.0,False,False,3.37,140.4
NCT2018000109,A Study of Novel Therapy in Patients With Prostate Cancer,Prostate Cancer,AstraZeneca,Phase 3,Completed,330,2022-08-25,2025-04-11,32,Open Label,Randomized,Single Group Assignment,15,"Australia, Europe, South America",35.4,6.4,True,2022,2025,Large (300-500),4,3,22.0,10.31,48.0,True,True,24.99,75.7
NCT2018000110,A Study of Novel Therapy in Patients With Leukemia,Leukemia,AbbVie,Phase 2,Completed,141,2016-12-28,2018-03-23,15,Double Blind,Randomized,Parallel Assignment,4,Australia,16.4,8.9,True,2016,2018,Medium (100-300),5,1,35.2,9.4,29.0,True,True,3.42,24.3
NCT2018000111,A Study of Novel Therapy in Patients With Prostate Cancer,Prostate Cancer,Sanofi,Phase 2,Completed,142,2020-01-14,2023-06-27,42,Open Label,Randomized,Parallel Assignment,3,"North America, Asia",5.5,6.2,False,2020,2023,Medium (100-300),4,2,47.3,3.38,29.0,False,False,6.73,47.4
NCT2018000112,A Study of Novel Therapy in Patients With Liver Cancer,Liver Cancer,AstraZeneca,Phase 3,Completed,333,2017-03-02,2022-11-01,69,Open Label,Non-Randomized,Single Group Assignment,14,"South America, Australia, Asia",42.4,2.6,True,2017,2022,Large (300-500),2,3,23.8,4.83,48.0,False,False,49.3,148.0
NCT2018000113,A Study of Novel Therapy in Patients With Melanoma,Melanoma,Merck,Phase 1,Completed,15,2017-09-24,2018-03-23,6,Double Blind,Randomized,Crossover Assignment,1,"North America, Europe",4.8,7.0,True,2017,2018,Very Small (<30),8,2,15.0,2.5,18.0,True,True,0.34,22.7
NCT2018000114,A Study of Novel Therapy in Patients With Brain Cancer,Brain Cancer,Novartis,Phase 3,Completed,231,2016-08-20,2020-12-27,53,Double Blind,Non-Randomized,Single Group Assignment,14,North America,17.2,5.3,False,2016,2020,Medium (100-300),2,1,16.5,4.36,48.0,False,False,37.79,163.6
NCT2018000115,A Study of Novel Therapy in Patients With Lymphoma,Lymphoma,Roche,Phase 1,Completed,19,2016-09-12,2018-06-04,21,Open Label,Randomized,Single Group Assignment,3,"South America, Australia",7.4,5.2,True,2016,2018,Very Small (<30),3,2,6.3,0.9,18.0,False,False,3.21,168.9
NCT2018000116,A Study of Novel Therapy in Patients With Leukemia,Leukemia,Bristol-Myers Squibb,Phase 2,Completed,77,2015-06-26,2018-06-10,36,Open Label,Randomized,Single Group Assignment,3,"Asia, Europe, North America",31.7,5.0,True,2015,2018,Small (30-100),4,3,25.7,2.14,29.0,False,False,5.63,73.1
NCT2018000117,A Study of Novel Therapy in Patients With Liver Cancer,Liver Cancer,Roche,Phase 2,Completed,84,2022-12-16,2025-10-31,35,Double Blind,Non-Randomized,Parallel Assignment,9,Europe,32.7,4.2,True,2022,2025,Small (30-100),3,1,9.3,2.4,29.0,False,False,16.0,190.5
NCT2018000118,A Study of Novel Therapy in Patients With Breast Cancer,Breast Cancer,AstraZeneca,Phase 1,Completed,24,2019-09-13,2021-12-31,28,Quadruple Blind,Randomized,Parallel Assignment,3,Asia,11.5,37.6,False,2019,2021,Very Small (<30),7,1,8.0,0.86,18.0,False,False,4.27,177.9
NCT2018000119,A Study of Novel Therapy in Patients With Liver Cancer,Liver Cancer,AstraZeneca,Phase 1,Completed,19,2019-02-26,2021-03-17,25,Single Blind,Single Group,Single Group Assignment,2,"Europe, South America",5.9,6.2,True,2019,2021,Very Small (<30),2,2,9.5,0.76,18.0,False,False,2.56,134.7
NCT2018000120,A Study of Novel Therapy in Patients With Ovarian Cancer,Ovarian Cancer,Bristol-Myers Squibb,Phase 2,Completed,132,2016-12-14,2019-10-30,35,Open Label,Non-Randomized,Crossover Assignment,10,North America,23.3,7.3,True,2016,2019,Medium (100-300),3,1,13.2,3.77,29.0,False,False,17.9,135.6
NCT2018000121,A Study of Novel Therapy in Patients With Melanoma,Melanoma,Sanofi,Phase 3,Completed,422,2021-03-23,2024-04-06,37,Single Blind,Randomized,Single Group Assignment,21,"South America, Asia",23.6,21.6,False,2021,2024,Large (300-500),4,2,20.1,11.41,48.0,True,False,40.12,95.1
NCT2018000122,A Study of Novel Therapy in Patients With Breast Cancer,Breast Cancer,Novartis,Phase 3,Completed,428,2021-06-17,2025-05-27,48,Triple Blind,Non-Randomized,Factorial Assignment,14,"South America, North America, Australia",4.4,7.2,True,2021,2025,Large (300-500),9,3,30.6,8.92,48.0,True,True,34.88,81.5
NCT2018000123,A Study of Novel Therapy in Patients With Leukemia,Leukemia,AstraZeneca,Phase 3,Completed,432,2021-10-02,2026-05-09,56,Double Blind,Non-Randomized,Sequential Assignment,21,"North America, Europe",15.4,10.6,True,2021,2026,Large (300-500),5,2,20.6,7.71,48.0,False,False,60.1,139.1
NCT2018000124,A Study of Novel Therapy in Patients With Liver Cancer,Liver Cancer,Bristol-Myers Squibb,Phase 2,Completed,82,2018-02-01,2020-08-19,31,Double Blind,Randomized,Parallel Assignment,10,Asia,40.2,18.7,False,2018,2020,Small (30-100),5,1,8.2,2.65,29.0,False,False,15.75,192.1
NCT2018000125,A Study of Novel Therapy in Patients With Pancreatic Cancer,Pancreatic Cancer,Bristol-Myers Squibb,Phase 1,Completed,10,2022-04-04,2023-11-25,20,Open Label,Randomized,Parallel Assignment,3,"North America, Asia",7.7,7.9,True,2022,2023,Very Small (<30),4,2,3.3,0.5,18.0,False,False,3.03,303.0
NCT2018000126,A Study of Novel Therapy in Patients With Ovarian Cancer,Ovarian Cancer,AbbVie,Phase 3,Completed,182,2019-05-28,2020-08-20,15,Open Label,Non-Randomized,Single Group Assignment,4,"Australia, Europe, North America",26.6,11.0,False,2019,2020,Medium (100-300),2,3,45.5,12.13,48.0,True,False,3.55,19.5
NCT2018000127,A Study of Novel Therapy in Patients With Prostate Cancer,Prostate Cancer,Sanofi,Phase 3,Completed,315,2015-06-18,2019-01-28,44,Double Blind,Randomized,Factorial Assignment,14,"North America, Australia",4.0,3.5,True,2015,2019,Large (300-500),9,2,22.5,7.16,48.0,True,True,31.74,100.8
NCT2018000128,A Study of Novel Therapy in Patients With Gastric Cancer,Gastric Cancer,Sanofi,Early Phase 1,Completed,24,2021-07-27,2023-02-17,19,Double Blind,Randomized,Parallel Assignment,1,"Australia, Asia",13.7,2.6,True,2021,2023,Very Small (<30),6,2,24.0,1.26,19.0,True,True,1.02,42.5
NCT2018000129,A Study of Novel Therapy in Patients With Ovarian Cancer,Ovarian Cancer,MD Anderson,Phase 3,Completed,616,2017-03-14,2021-09-19,55,Double Blind,Single Group,Crossover Assignment,53,Europe,15.8,12.8,True,2017,2021,Very Large (500+),5,1,11.6,11.2,48.0,False,False,147.6,239.6
NCT2018000130,A Study of Novel Therapy in Patients With Prostate Cancer,Prostate Cancer,AstraZeneca,Phase 4,Completed,251,2019-02-09,2023-04-19,51,Open Label,Single Group,Parallel Assignment,30,"Australia, North America",16.5,4.7,True,2019,2023,Medium (100-300),2,2,8.4,4.92,34.0,False,False,77.25,307.8
NCT2018000131,A Study of Novel Therapy in Patients With Pancreatic Cancer,Pancreatic Cancer,Roche,Phase 1,Completed,43,2017-11-20,2018-12-15,13,Double Blind,Non-Randomized,Crossover Assignment,3,North America,13.9,4.8,True,2017,2018,Small (30-100),5,1,14.3,3.31,18.0,True,True,2.08,48.4
NCT2018000132,A Study of Novel Therapy in Patients With Pancreatic Cancer,Pancreatic Cancer,Bristol-Myers Squibb,Phase 4,Completed,163,2018-10-14,2019-04-12,6,Double Blind,Randomized,Sequential Assignment,10,Asia,3.3,3.5,True,2018,2019,Medium (100-300),6,1,16.3,27.17,34.0,True,True,3.49,21.4
NCT2018000133,A Study of Novel Therapy in Patients With Liver Cancer,Liver Cancer,Johnson & Johnson,Phase 3,Completed,392,2019-08-03,2026-06-27,84,Double Blind,Randomized,Parallel Assignment,24,Australia,18.8,9.4,True,2019,2026,Large (300-500),5,1,16.3,4.67,48.0,False,False,101.98,260.2
NCT2018000134,A Study of Novel Therapy in Patients With Leukemia,Leukemia,Mayo Clinic,Phase 4,Completed,180,2020-07-05,2022-09-23,27,Triple Blind,Randomized,Parallel Assignment,5,"Asia, South America",8.9,5.2,True,2020,2022,Medium (100-300),7,2,36.0,6.67,34.0,True,True,7.29,40.5
NCT2018000135,A Study of Novel Therapy in Patients With Melanoma,Melanoma,Johnson & Johnson,Phase 1,Completed,30,2021-04-28,2022-11-19,19,Quadruple Blind,Non-Randomized,Sequential Assignment,3,"Europe, South America",9.6,4.8,False,2021,2022,Small (30-100),7,2,10.0,1.58,18.0,False,False,2.94,98.0
NCT2018000136,A Study of Novel Therapy in Patients With Melanoma,Melanoma,Sanofi,Phase 2,Completed,135,2015-02-13,2018-01-28,36,Double Blind,Single Group,Parallel Assignment,7,Asia,35.3,20.1,True,2015,2018,Medium (100-300),3,1,19.3,3.75,29.0,False,False,13.0,96.3
NCT2018000137,A Study of Novel Therapy in Patients With Liver Cancer,Liver Cancer,MD Anderson,Phase 4,Completed,215,2022-05-18,2025-08-30,40,Open Label,Randomized,Parallel Assignment,18,"South America, Asia, North America",51.5,5.6,True,2022,2025,Medium (100-300),5,3,11.9,5.38,34.0,False,False,36.65,170.5
NCT2018000138,A Study of Novel Therapy in Patients With Prostate Cancer,Prostate Cancer,AstraZeneca,Phase 2,Completed,120,2019-02-13,2021-02-02,24,Double Blind,Non-Randomized,Parallel Assignment,3,North America,9.7,8.6,True,2019,2021,Medium (100-300),3,1,40.0,5.0,29.0,True,True,3.96,33.0
NCT2018000139,A Study of Novel Therapy in Patients With Leukemia,Leukemia,AbbVie,Phase 3,Completed,418,2020-03-07,2023-06-20,40,Double Blind,Randomized,Parallel Assignment,11,Asia,21.9,1.7,False,2020,2023,Large (300-500),5,1,38.0,10.45,48.0,True,False,23.25,55.6
NCT2018000140,A Study of Novel Therapy in Patients With Colorectal Cancer,Colorectal Cancer,National Cancer Institute,Phase 2,Completed,80,2017-06-20,2021-03-01,45,Single Blind,Randomized,Single Group Assignment,6,"Australia, South America",4.6,17.1,False,2017,2021,Small (30-100),4,2,13.3,1.78,29.0,False,False,13.74,171.8
NCT2018000141,A Study of Novel Therapy in Patients With Breast Cancer,Breast Cancer,AstraZeneca,Phase 2,Completed,143,2020-11-04,2023-03-24,29,Quadruple Blind,Randomized,Crossover Assignment,2,"Asia, Europe",12.3,22.0,False,2020,2023,Medium (100-300),10,2,71.5,4.93,29.0,True,False,3.33,23.3
NCT2018000142,A Study of Novel Therapy in Patients With Colorectal Cancer,Colorectal Cancer,AbbVie,Phase 2,Completed,155,2021-03-27,2024-01-11,34,Double Blind,Randomized,Sequential Assignment,3,South America,13.0,4.7,True,2021,2024,Medium (100-300),6,1,51.7,4.56,29.0,False,False,5.56,35.9
NCT2018000143,A Study of Novel Therapy in Patients With Gastric Cancer,Gastric Cancer,Merck,Phase 1,Completed,24,2021-09-25,2023-10-15,25,Double Blind,Randomized,Crossover Assignment,3,Europe,27.0,18.2,True,2021,2023,Very Small (<30),7,1,8.0,0.96,18.0,False,False,3.82,159.2
NCT2018000144,A Study of Novel Therapy in Patients With Liver Cancer,Liver Cancer,Sanofi,Phase 2,Completed,30,2021-06-06,2024-02-21,33,Single Blind,Randomized,Single Group Assignment,3,"Asia, South America, North America",25.2,18.3,False,2021,2024,Small (30-100),5,3,10.0,0.91,29.0,False,False,5.04,168.0
NCT2018000145,A Study of Novel Therapy in Patients With Melanoma,Melanoma,Merck,Phase 2,Completed,98,2019-05-23,2022-03-08,34,Open Label,Non-Randomized,Parallel Assignment,7,"Asia, Australia",27.6,1.8,True,2019,2022,Small (30-100),2,2,14.0,2.88,29.0,False,False,12.19,124.4
NCT2018000146,A Study of Novel Therapy in Patients With Lymphoma,Lymphoma,Johnson & Johnson,Phase 3,Completed,335,2020-03-10,2023-01-24,35,Open Label,Single Group,Parallel Assignment,24,"South America, Europe, North America",26.3,33.2,False,2020,2023,Large (300-500),3,3,14.0,9.57,48.0,True,False,43.0,128.4
NCT2018000147,A Study of Novel Therapy in Patients With Ovarian Cancer,Ovarian Cancer,Mayo Clinic,Phase 2,Completed,141,2019-03-04,2021-10-19,32,Double Blind,Randomized,Parallel Assignment,10,Europe,15.9,14.0,True,2019,2021,Medium (100-300),5,1,14.1,4.41,29.0,False,False,16.42,116.5
NCT2018000148,A Study of Novel Therapy in Patients With Gastric Cancer,Gastric Cancer,Sanofi,Phase 2,Completed,102,2016-11-25,2019-03-15,28,Open Label,Single Group,Factorial Assignment,4,"South America, Australia",7.7,0.9,False,2016,2019,Medium (100-300),5,2,25.5,3.64,29.0,True,False,5.91,57.9
NCT2018000149,A Study of Novel Therapy in Patients With Melanoma,Melanoma,AstraZeneca,Phase 3,Completed,537,2019-11-02,2024-03-10,53,Quadruple Blind,Randomized,Single Group Assignment,54,"North America, Europe, South America",61.0,19.5,False,2019,2024,Very Large (500+),8,3,9.9,10.13,48.0,False,False,144.71,269.5
NCT2018000150,A Study of Novel Therapy in Patients With Breast Cancer,Breast Cancer,Johnson & Johnson,Phase 1,Completed,14,2022-03-24,2023-10-15,19,Quadruple Blind,Single Group,Sequential Assignment,1,Australia,11.8,9.8,True,2022,2023,Very Small (<30),6,1,14.0,0.74,18.0,False,False,0.99,70.7
NCT2018000151,A Study of Novel Therapy in Patients With Melanoma,Melanoma,Sanofi,Early Phase 1,Completed,26,2022-03-28,2023-11-18,20,Double Blind,Randomized,Crossover Assignment,2,South America,48.6,17.7,True,2022,2023,Very Small (<30),7,1,13.0,1.3,19.0,False,False,2.08,80.0
NCT2018000152,A Study of Novel Therapy in Patients With Breast Cancer,Breast Cancer,Mayo Clinic,Phase 3,Completed,578,2020-05-19,2022-12-05,31,Double Blind,Randomized,Single Group Assignment,60,"South America, Asia, North America, Europe",35.9,4.8,False,2020,2022,Very Large (500+),6,4,9.6,18.65,48.0,True,False,94.73,163.9
NCT2018000153,A Study of Novel Therapy in Patients With Colorectal Cancer,Colorectal Cancer,Sanofi,Phase 1,Completed,24,2020-04-01,2021-10-23,19,Open Label,Randomized,Crossover Assignment,2,"Australia, North America",19.2,6.9,True,2020,2021,Very Small (<30),6,2,12.0,1.26,18.0,False,False,1.97,82.1
NCT2018000154,A Study of Novel Therapy in Patients With Prostate Cancer,Prostate Cancer,Pfizer,Phase 2,Completed,138,2016-08-10,2019-11-23,40,Open Label,Non-Randomized,Sequential Assignment,6,"Asia, Australia, South America",26.8,20.7,True,2016,2019,Medium (100-300),4,3,23.0,3.45,29.0,False,False,12.41,89.9
NCT2018000155,A Study of Novel Therapy in Patients With Brain Cancer,Brain Cancer,Roche,Early Phase 1,Completed,23,2022-12-20,2024-06-12,18,Single Blind,Non-Randomized,Sequential Assignment,3,"Europe, Australia, Asia",12.4,3.4,False,2022,2024,Very Small (<30),5,3,7.7,1.28,19.0,True,False,2.77,120.4
NCT2018000156,A Study of Novel Therapy in Patients With Lung Cancer,Lung Cancer,AbbVie,Phase 4,Completed,27,2022-09-23,2024-05-15,20,Single Blind,Single Group,Parallel Assignment,3,"Europe, Australia, North America, South America",7.1,16.7,False,2022,2024,Very Small (<30),4,4,9.0,1.35,34.0,True,False,3.08,114.1
NCT2018000157,A Study of Novel Therapy in Patients With Liver Cancer,Liver Cancer,Merck,Phase 2,Completed,139,2022-02-17,2024-04-07,26,Single Blind,Randomized,Parallel Assignment,8,"North America, South America",0.5,2.2,False,2022,2024,Medium (100-300),5,2,17.4,5.35,29.0,True,False,10.82,77.8
NCT2018000158,A Study of Novel Therapy in Patients With Breast Cancer,Breast Cancer,Johnson & Johnson,Phase 2,Completed,34,2019-01-24,2023-06-02,53,Open Label,Randomized,Parallel Assignment,3,North America,22.8,15.1,False,2019,2023,Small (30-100),3,1,11.3,0.64,29.0,False,False,8.05,236.8
NCT2018000159,A Study of Novel Therapy in Patients With Brain Cancer,Brain Cancer,Pfizer,Phase 1,Completed,32,2019-07-06,2021-01-26,19,Triple Blind,Non-Randomized,Factorial Assignment,3,"Asia, South America, Europe, Australia, North America",19.4,4.4,True,2019,2021,Small (30-100),9,5,10.7,1.68,18.0,False,False,2.95,92.2
NCT2018000160,A Study of Novel Therapy in Patients With Ovarian Cancer,Ovarian Cancer,Roche,Early Phase 1,Completed,22,2020-02-06,2021-01-31,12,Quadruple Blind,Randomized,Parallel Assignment,1,"North America, Asia, Europe",7.8,20.9,True,2020,2021,Very Small (<30),9,3,22.0,1.83,19.0,True,True,0.67,30.5
NCT2018000161,A Study of Novel Therapy in Patients With Ovarian Cancer,Ovarian Cancer,Johnson & Johnson,Phase 2,Completed,60,2018-04-15,2021-06-28,39,Single Blind,Randomized,Sequential Assignment,3,South America,8.9,9.0,True,2018,2021,Small (30-100),5,1,20.0,1.54,29.0,False,False,6.03,100.5
NCT2018000162,A Study of Novel Therapy in Patients With Breast Cancer,Breast Cancer,Merck,Phase 4,Completed,93,2018-02-04,2021-02-18,37,Double Blind,Randomized,Single Group Assignment,2,North America,8.7,12.4,True,2018,2021,Small (30-100),4,1,46.5,2.51,34.0,False,False,3.98,42.8
NCT2018000163,A Study of Novel Therapy in Patients With Prostate Cancer,Prostate Cancer,Pfizer,Phase 1,Completed,26,2017-09-10,2018-12-04,15,Open Label,Single Group,Single Group Assignment,3,"Asia, Europe",16.5,4.6,True,2017,2018,Very Small (<30),1,2,8.7,1.73,18.0,True,True,2.33,89.6
NCT2018000164,A Study of Novel Therapy in Patients With Liver Cancer,Liver Cancer,AbbVie,Phase 1,Completed,18,2018-07-10,2020-06-29,24,Open Label,Randomized,Single Group Assignment,3,"South America, Australia, North America, Europe",21.7,4.6,False,2018,2020,Very Small (<30),4,4,6.0,0.75,18.0,False,False,3.65,202.8
NCT2018000165,A Study of Novel Therapy in Patients With Ovarian Cancer,Ovarian Cancer,AstraZeneca,Phase 3,Completed,355,2021-07-05,2026-12-06,66,Open Label,Randomized,Single Group Assignment,17,"Asia, Europe, South America",10.0,3.1,False,2021,2026,Large (300-500),4,3,20.9,5.38,48.0,False,False,57.16,161.0
NCT2018000166,A Study of Novel Therapy in Patients With Lymphoma,Lymphoma,AbbVie,Phase 2,Completed,112,2017-07-08,2019-08-27,26,Open Label,Randomized,Parallel Assignment,9,"North America, Europe, Australia",23.0,7.4,True,2017,2019,Medium (100-300),5,3,12.4,4.31,29.0,True,True,12.04,107.5
NCT2018000167,A Study of Novel Therapy in Patients With Pancreatic Cancer,Pancreatic Cancer,Pfizer,Phase 3,Completed,316,2016-04-26,2018-07-15,27,Triple Blind,Non-Randomized,Single Group Assignment,25,Asia,8.3,4.6,True,2016,2018,Large (300-500),3,1,12.6,11.7,48.0,True,True,34.7,109.8
NCT2018000168,A Study of Novel Therapy in Patients With Prostate Cancer,Prostate Cancer,Merck,Phase 4,Completed,331,2016-12-25,2020-11-04,47,Single Blind,Randomized,Single Group Assignment,16,"Europe, Asia",27.4,23.9,False,2016,2020,Large (300-500),4,2,20.7,7.04,34.0,False,False,38.59,116.6
NCT2018000169,A Study of Novel Therapy in Patients With Ovarian Cancer,Ovarian Cancer,MD Anderson,Phase 2,Completed,76,2020-05-09,2021-11-30,19,Single Blind,Single Group,Parallel Assignment,9,"Asia, Europe, South America",16.8,9.9,True,2020,2021,Small (30-100),4,3,8.4,4.0,29.0,True,True,8.78,115.5
NCT2018000170,A Study of Novel Therapy in Patients With Prostate Cancer,Prostate Cancer,Mayo Clinic,Phase 1,Completed,10,2017-01-09,2018-09-01,20,Double Blind,Randomized,Single Group Assignment,2,Asia,34.7,2.7,True,2017,2018,Very Small (<30),4,1,5.0,0.5,18.0,False,False,2.03,203.0
NCT2018000171,A Study of Novel Therapy in Patients With Prostate Cancer,Prostate Cancer,Sanofi,Phase 2,Completed,166,2020-05-25,2023-03-11,34,Triple Blind,Single Group,Single Group Assignment,9,"Asia, Europe",10.8,12.3,True,2020,2023,Medium (100-300),4,2,18.4,4.88,29.0,False,False,15.8,95.2
NCT2018000172,A Study of Novel Therapy in Patients With Colorectal Cancer,Colorectal Cancer,AbbVie,Phase 2,Completed,63,2015-09-02,2017-04-24,20,Triple Blind,Randomized,Crossover Assignment,2,"South America, Europe, Asia",23.4,19.1,True,2015,2017,Small (30-100),10,3,31.5,3.15,29.0,True,True,2.19,34.8
NCT2018000173,A Study of Novel Therapy in Patients With Breast Cancer,Breast Cancer,Merck,Phase 3,Completed,236,2022-06-02,2025-12-13,43,Double Blind,Non-Randomized,Single Group Assignment,25,"North America, Australia, Asia",31.9,10.6,False,2022,2025,Medium (100-300),4,3,9.4,5.49,48.0,True,False,54.46,230.8
NCT2018000174,A Study of Novel Therapy in Patients With Ovarian Cancer,Ovarian Cancer,Mayo Clinic,Phase 1,Completed,21,2019-09-10,2021-06-01,21,Open Label,Non-Randomized,Single Group Assignment,1,North America,30.8,2.4,True,2019,2021,Very Small (<30),0,1,21.0,1.0,18.0,False,False,1.11,52.9
NCT2018000175,A Study of Novel Therapy in Patients With Pancreatic Cancer,Pancreatic Cancer,AbbVie,Phase 1,Completed,10,2019-06-09,2021-02-28,21,Triple Blind,Randomized,Factorial Assignment,2,"Europe, Asia",16.4,8.3,True,2019,2021,Very Small (<30),10,2,5.0,0.48,18.0,False,False,2.13,213.0
NCT2018000176,A Study of Novel Therapy in Patients With Liver Cancer,Liver Cancer,MD Anderson,Phase 3,Completed,525,2015-02-13,2018-07-27,42,Single Blind,Randomized,Parallel Assignment,20,"North America, South America, Europe",22.9,8.5,False,2015,2018,Very Large (500+),6,3,26.2,12.5,48.0,True,False,43.58,83.0
NCT2018000177,A Study of Novel Therapy in Patients With Lung Cancer,Lung Cancer,AbbVie,Phase 2,Completed,110,2015-04-07,2017-12-22,33,Quadruple Blind,Non-Randomized,Single Group Assignment,6,North America,8.1,12.3,False,2015,2017,Medium (100-300),4,1,18.3,3.33,29.0,False,False,10.23,93.0
NCT2018000178,A Study of Novel Therapy in Patients With Ovarian Cancer,Ovarian Cancer,National Cancer Institute,Phase 2,Completed,64,2015-03-28,2017-09-13,30,Single Blind,Single Group,Single Group Assignment,8,"Asia, Europe, Australia, North America",20.0,14.8,True,2015,2017,Small (30-100),3,4,8.0,2.13,29.0,False,False,12.19,190.5
NCT2018000179,A Study of Novel Therapy in Patients With Liver Cancer,Liver Cancer,AbbVie,Phase 3,Completed,401,2020-07-25,2022-11-12,28,Double Blind,Non-Randomized,Single Group Assignment,12,"Asia, North America",8.5,9.6,True,2020,2022,Large (300-500),3,2,33.4,14.32,48.0,True,True,18.0,44.9
NCT2018000180,A Study of Novel Therapy in Patients With Lung Cancer,Lung Cancer,AstraZeneca,Phase 1,Completed,30,2021-06-01,2021-12-28,7,Double Blind,Non-Randomized,Parallel Assignment,1,"South America, Australia",15.3,7.4,True,2021,2021,Small (30-100),4,2,30.0,4.29,18.0,True,True,0.44,14.7
NCT2018000181,A Study of Novel Therapy in Patients With Lymphoma,Lymphoma,Novartis,Phase 2,Completed,161,2019-04-23,2022-10-04,42,Open Label,Randomized,Parallel Assignment,4,"Asia, Australia, North America",14.8,6.3,True,2019,2022,Medium (100-300),5,3,40.2,3.83,29.0,False,False,8.88,55.2
NCT2018000182,A Study of Novel Therapy in Patients With Brain Cancer,Brain Cancer,AstraZeneca,Phase 4,Completed,150,2019-02-05,2021-09-22,32,Open Label,Randomized,Single Group Assignment,10,"North America, Australia",13.0,11.5,True,2019,2021,Medium (100-300),3,2,15.0,4.69,34.0,True,True,16.45,109.7
NCT2018000183,A Study of Novel Therapy in Patients With Pancreatic Cancer,Pancreatic Cancer,AstraZeneca,Phase 1,Completed,36,2021-01-10,2022-09-02,20,Single Blind,Non-Randomized,Single Group Assignment,3,"Europe, Australia, Asia, South America",60.0,7.0,True,2021,2022,Small (30-100),3,4,12.0,1.8,18.0,False,False,3.11,86.4
NCT2018000184,A Study of Novel Therapy in Patients With Melanoma,Melanoma,Sanofi,Phase 2,Completed,121,2017-02-06,2020-02-21,37,Single Blind,Randomized,Parallel Assignment,3,"Europe, South America",29.2,5.3,True,2017,2020,Medium (100-300),5,2,40.3,3.27,29.0,False,False,5.91,48.8
NCT2018000185,A Study of Novel Therapy in Patients With Lung Cancer,Lung Cancer,Roche,Phase 1,Completed,28,2019-01-13,2020-01-08,12,Single Blind,Non-Randomized,Crossover Assignment,2,"South America, Europe",12.4,7.4,True,2019,2020,Very Small (<30),5,2,14.0,2.33,18.0,True,True,1.28,45.7
NCT2018000186,A Study of Novel Therapy in Patients With Gastric Cancer,Gastric Cancer,Merck,Phase 3,Completed,333,2022-06-06,2025-03-22,34,Quadruple Blind,Single Group,Parallel Assignment,30,"Australia, Europe",9.8,24.1,True,2022,2025,Large (300-500),6,2,11.1,9.79,48.0,True,True,52.0,156.2
NCT2018000187,A Study of Novel Therapy in Patients With Lymphoma,Lymphoma,AstraZeneca,Phase 2,Completed,91,2016-10-07,2020-02-19,41,Double Blind,Randomized,Single Group Assignment,10,South America,5.8,5.6,False,2016,2020,Small (30-100),4,1,9.1,2.22,29.0,False,False,20.77,228.2
NCT2018000188,A Study of Novel Therapy in Patients With Melanoma,Melanoma,Mayo Clinic,Phase 1,Completed,46,2016-07-22,2017-09-15,14,Single Blind,Non-Randomized,Parallel Assignment,3,South America,24.9,8.5,False,2016,2017,Small (30-100),2,1,15.3,3.29,18.0,True,False,2.24,48.7
NCT2018000189,A Study of Novel Therapy in Patients With Pancreatic Cancer,Pancreatic Cancer,Sanofi,Phase 1,Completed,17,2021-09-17,2023-03-11,18,Quadruple Blind,Single Group,Parallel Assignment,1,"Asia, North America, South America",42.9,9.6,False,2021,2023,Very Small (<30),7,3,17.0,0.94,18.0,True,False,0.95,55.9
NCT2018000190,A Study of Novel Therapy in Patients With Leukemia,Leukemia,Roche,Phase 3,Completed,197,2015-10-21,2018-07-07,33,Double Blind,Randomized,Crossover Assignment,8,North America,38.5,20.4,True,2015,2018,Medium (100-300),7,1,24.6,5.97,48.0,True,True,13.79,70.0
NCT2018000191,A Study of Novel Therapy in Patients With Ovarian Cancer,Ovarian Cancer,AbbVie,Phase 2,Completed,128,2018-08-12,2021-07-27,36,Single Blind,Non-Randomized,Single Group Assignment,10,North America,37.0,6.8,True,2018,2021,Medium (100-300),1,1,12.8,3.56,29.0,False,False,18.38,143.6
NCT2018000192,A Study of Novel Therapy in Patients With Lung Cancer,Lung Cancer,Novartis,Phase 2,Completed,118,2017-06-10,2021-08-18,51,Single Blind,Non-Randomized,Single Group Assignment,7,"South America, Australia",8.4,22.6,True,2017,2021,Medium (100-300),2,2,16.9,2.31,29.0,False,False,18.2,154.2
NCT2018000193,A Study of Novel Therapy in Patients With Gastric Cancer,Gastric Cancer,Novartis,Phase 2,Completed,120,2015-06-21,2017-03-12,21,Open Label,Non-Randomized,Sequential Assignment,5,"Australia, Europe",29.8,1.0,True,2015,2017,Medium (100-300),3,2,24.0,5.71,29.0,True,True,5.61,46.8
NCT2018000194,A Study of Novel Therapy in Patients With Brain Cancer,Brain Cancer,Merck,Phase 2,Completed,91,2021-11-06,2024-01-25,27,Open Label,Non-Randomized,Parallel Assignment,5,"South America, Australia",17.1,7.3,True,2021,2024,Small (30-100),2,2,18.2,3.37,29.0,True,True,7.02,77.1
NCT2018000195,A Study of Novel Therapy in Patients With Melanoma,Melanoma,Mayo Clinic,Phase 1,Completed,27,2016-10-04,2018-10-24,25,Triple Blind,Randomized,Parallel Assignment,1,"Asia, South America",13.4,18.4,True,2016,2018,Very Small (<30),7,2,27.0,1.08,18.0,False,False,1.33,49.3
NCT2018000196,A Study of Novel Therapy in Patients With Pancreatic Cancer,Pancreatic Cancer,Johnson & Johnson,Phase 3,Completed,459,2021-10-04,2024-11-17,38,Single Blind,Non-Randomized,Single Group Assignment,19,"Australia, North America, Asia, South America",10.2,11.5,True,2021,2024,Large (300-500),3,4,24.2,12.08,48.0,True,True,37.48,81.7
NCT2018000197,A Study of Novel Therapy in Patients With Lung Cancer,Lung Cancer,Roche,Phase 1,Completed,42,2020-12-05,2021-06-03,6,Double Blind,Randomized,Parallel Assignment,2,"South America, Europe",15.1,11.0,True,2020,2021,Small (30-100),6,2,21.0,7.0,18.0,True,True,0.73,17.4
NCT2018000198,A Study of Novel Therapy in Patients With Colorectal Cancer,Colorectal Cancer,Roche,Phase 2,Completed,94,2020-08-20,2022-01-12,17,Open Label,Randomized,Parallel Assignment,4,South America,20.3,24.4,False,2020,2022,Small (30-100),3,1,23.5,5.53,29.0,True,False,3.68,39.1
NCT2018000199,A Study of Novel Therapy in Patients With Brain Cancer,Brain Cancer,Johnson & Johnson,Phase 2,Completed,115,2022-07-23,2024-07-12,24,Triple Blind,Randomized,Parallel Assignment,2,"Europe, Asia, North America",7.7,8.4,True,2022,2024,Medium (100-300),8,3,57.5,4.79,29.0,True,True,2.74,23.8
NCT2018000200,A Study of Novel Therapy in Patients With Colorectal Cancer,Colorectal Cancer,Sanofi,Phase 2,Completed,68,2022-09-17,2025-09-01,36,Open Label,Randomized,Crossover Assignment,7,"North America, South America",14.6,13.9,True,2022,2025,Small (30-100),6,2,9.7,1.89,29.0,False,False,12.8,188.2
NCT2018000201,A Study of Novel Therapy in Patients With Lung Cancer,Lung Cancer,Mayo Clinic,Early Phase 1,Completed,21,2018-05-28,2019-06-22,13,Quadruple Blind,Randomized,Parallel Assignment,1,"North America, Europe",1.9,15.9,True,2018,2019,Very Small (<30),8,2,21.0,1.62,19.0,True,True,0.71,33.8
NCT2018000202,A Study of Novel Therapy in Patients With Gastric Cancer,Gastric Cancer,AstraZeneca,Phase 3,Completed,171,2021-03-20,2026-08-21,66,Open Label,Randomized,Parallel Assignment,2,"Australia, Asia",5.8,25.1,False,2021,2026,Medium (100-300),4,2,85.5,2.59,48.0,False,False,7.11,41.6
NCT2018000203,A Study of Novel Therapy in Patients With Gastric Cancer,Gastric Cancer,Bristol-Myers Squibb,Phase 1,Completed,45,2019-10-09,2021-12-27,27,Quadruple Blind,Randomized,Sequential Assignment,1,South America,24.4,5.3,False,2019,2021,Small (30-100),8,1,45.0,1.67,18.0,False,False,1.48,32.9
NCT2018000204,A Study of Novel Therapy in Patients With Liver Cancer,Liver Cancer,Roche,Early Phase 1,Completed,23,2017-04-05,2018-06-29,15,Double Blind,Non-Randomized,Crossover Assignment,3,"Europe, Asia",20.5,2.9,True,2017,2018,Very Small (<30),6,2,7.7,1.53,19.0,True,True,2.32,100.9
NCT2018000205,A Study of Novel Therapy in Patients With Lung Cancer,Lung Cancer,MD Anderson,Phase 2,Completed,92,2016-07-17,2018-04-08,21,Double Blind,Non-Randomized,Sequential Assignment,9,"Asia, North America, Australia, South America, Europe",13.6,3.3,True,2016,2018,Small (30-100),6,5,10.2,4.38,29.0,True,True,9.73,105.8
NCT2018000206,A Study of Novel Therapy in Patients With Lung Cancer,Lung Cancer,AbbVie,Phase 3,Completed,678,2021-04-14,2024-09-25,42,Triple Blind,Randomized,Parallel Assignment,38,"Australia, Europe",23.3,19.3,False,2021,2024,Very Large (500+),7,2,17.8,16.14,48.0,True,False,81.83,120.7
NCT2018000207,A Study of Novel Therapy in Patients With Leukemia,Leukemia,MD Anderson,Phase 2,Completed,80,2015-01-04,2016-06-27,18,Double Blind,Non-Randomized,Parallel Assignment,4,"North America, South America",33.2,5.7,True,2015,2016,Small (30-100),4,2,20.0,4.44,29.0,True,True,3.84,48.0
NCT2018000208,A Study of Novel Therapy in Patients With Colorectal Cancer,Colorectal Cancer,MD Anderson,Phase 3,Completed,160,2019-03-28,2022-09-08,42,Quadruple Blind,Randomized,Single Group Assignment,6,Europe,31.5,0.2,True,2019,2022,Medium (100-300),6,1,26.7,3.81,48.0,True,True,13.08,81.8
NCT2018000209,A Study of Novel Therapy in Patients With Gastric Cancer,Gastric Cancer,Mayo Clinic,Phase 3,Completed,395,2018-07-21,2024-08-18,74,Open Label,Randomized,Parallel Assignment,12,Europe,42.9,3.7,True,2018,2024,Large (300-500),3,1,32.9,5.34,48.0,False,False,45.58,115.4
NCT2018000210,A Study of Novel Therapy in Patients With Breast Cancer,Breast Cancer,Mayo Clinic,Phase 2,Completed,112,2020-02-28,2022-11-14,33,Single Blind,Randomized,Parallel Assignment,8,North America,19.8,7.1,True,2020,2022,Medium (100-300),4,1,14.0,3.39,29.0,False,False,13.54,120.9
NCT2018000211,A Study of Novel Therapy in Patients With Melanoma,Melanoma,Roche,Phase 2,Completed,90,2021-03-21,2023-12-06,33,Quadruple Blind,Randomized,Single Group Assignment,2,"Europe, South America",35.8,8.2,True,2021,2023,Small (30-100),7,2,45.0,2.73,29.0,False,False,3.57,39.7
NCT2018000212,A Study of Novel Therapy in Patients With Gastric Cancer,Gastric Cancer,Roche,Phase 1,Completed,17,2021-10-22,2023-04-15,18,Single Blind,Randomized,Sequential Assignment,1,"Australia, South America, Europe",5.6,6.6,False,2021,2023,Very Small (<30),7,3,17.0,0.94,18.0,True,False,0.95,55.9
NCT2018000213,A Study of Novel Therapy in Patients With Colorectal Cancer,Colorectal Cancer,Merck,Phase 2,Completed,102,2019-11-03,2022-09-18,35,Open Label,Non-Randomized,Single Group Assignment,6,"North America, Asia, Australia",5.3,14.6,True,2019,2022,Medium (100-300),2,3,17.0,2.91,29.0,False,False,10.81,106.0
NCT2018000214,A Study of Novel Therapy in Patients With Gastric Cancer,Gastric Cancer,Johnson & Johnson,Phase 2,Completed,49,2019-11-02,2021-02-24,16,Triple Blind,Non-Randomized,Parallel Assignment,2,South America,2.8,4.4,True,2019,2021,Small (30-100),4,1,24.5,3.06,29.0,True,True,1.75,35.7
NCT2018000215,A Study of Novel Therapy in Patients With Breast Cancer,Breast Cancer,AstraZeneca,Phase 1,Completed,16,2020-03-13,2022-03-03,24,Triple Blind,Randomized,Parallel Assignment,3,South America,47.3,13.7,False,2020,2022,Very Small (<30),6,1,5.3,0.67,18.0,False,False,3.65,228.1
NCT2018000216,A Study of Novel Therapy in Patients With Breast Cancer,Breast Cancer,National Cancer Institute,Phase 3,Completed,275,2016-01-09,2020-01-18,49,Open Label,Single Group,Sequential Assignment,22,"Australia, South America",6.6,17.2,True,2016,2020,Medium (100-300),3,2,12.5,5.61,48.0,False,False,54.72,199.0
NCT2018000217,A Study of Novel Therapy in Patients With Liver Cancer,Liver Cancer,AbbVie,Phase 2,Completed,124,2017-05-03,2021-06-11,50,Single Blind,Randomized,Parallel Assignment,4,"South America, North America",22.5,4.8,True,2017,2021,Medium (100-300),5,2,31.0,2.48,29.0,False,False,10.37,83.6
NCT2018000218,A Study of Novel Therapy in Patients With Prostate Cancer,Prostate Cancer,Pfizer,Phase 2,Completed,68,2018-02-14,2021-06-28,41,Open Label,Non-Randomized,Parallel Assignment,4,Europe,9.1,6.8,False,2018,2021,Small (30-100),1,1,17.0,1.66,29.0,False,False,8.4,123.5
NCT2018000219,A Study of Novel Therapy in Patients With Leukemia,Leukemia,AbbVie,Phase 1,Completed,22,2019-03-12,2019-11-07,8,Open Label,Non-Randomized,Parallel Assignment,1,"North America, Asia, Europe",29.3,10.4,True,2019,2019,Very Small (<30),3,3,22.0,2.75,18.0,True,True,0.47,21.4
NCT2018000220,A Study of Novel Therapy in Patients With Gastric Cancer,Gastric Cancer,National Cancer Institute,Phase 1,Completed,17,2016-08-15,2018-09-04,25,Double Blind,Randomized,Sequential Assignment,1,"Asia, North America",11.5,2.1,False,2016,2018,Very Small (<30),7,2,17.0,0.68,18.0,False,False,1.3,76.5
NCT2018000221,A Study of Novel Therapy in Patients With Lung Cancer,Lung Cancer,Merck,Phase 3,Completed,680,2015-01-28,2020-05-01,64,Triple Blind,Randomized,Parallel Assignment,44,"Europe, North America, Asia, Australia",8.9,13.1,True,2015,2020,Very Large (500+),8,4,15.5,10.62,48.0,False,False,142.84,210.1
NCT2018000222,A Study of Novel Therapy in Patients With Gastric Cancer,Gastric Cancer,AstraZeneca,Phase 1,Completed,16,2019-02-19,2021-01-09,23,Single Blind,Randomized,Sequential Assignment,1,Australia,14.8,6.0,False,2019,2021,Very Small (<30),5,1,16.0,0.7,18.0,False,False,1.2,75.0
NCT2018000223,A Study of Novel Therapy in Patients With Lung Cancer,Lung Cancer,Sanofi,Early Phase 1,Completed,15,2019-05-11,2020-12-31,20,Open Label,Randomized,Parallel Assignment,2,"Asia, Europe",54.2,8.5,True,2019,2020,Very Small (<30),4,2,7.5,0.75,19.0,False,False,2.04,136.0
NCT2018000224,A Study of Novel Therapy in Patients With Brain Cancer,Brain Cancer,Merck,Phase 2,Completed,156,2018-03-01,2020-10-16,32,Quadruple Blind,Randomized,Single Group Assignment,2,"North America, South America, Asia, Europe, Australia",24.0,11.4,True,2018,2020,Medium (100-300),8,5,78.0,4.88,29.0,False,False,3.67,23.5
NCT2018000225,A Study of Novel Therapy in Patients With Lymphoma,Lymphoma,Sanofi,Early Phase 1,Completed,36,2015-03-23,2017-12-07,33,Open Label,Randomized,Parallel Assignment,3,"Asia, South America",22.7,10.7,False,2015,2017,Small (30-100),4,2,12.0,1.09,19.0,False,False,5.06,140.6
NCT2018000226,A Study of Novel Therapy in Patients With Lung Cancer,Lung Cancer,AbbVie,Phase 1,Completed,22,2017-11-27,2020-03-16,28,Single Blind,Randomized,Parallel Assignment,3,"Europe, Asia, Australia, South America, North America",15.3,7.6,True,2017,2020,Very Small (<30),6,5,7.3,0.79,18.0,False,False,4.27,194.1
NCT2018000227,A Study of Novel Therapy in Patients With Leukemia,Leukemia,Sanofi,Phase 3,Completed,594,2019-04-03,2023-02-11,47,Quadruple Blind,Randomized,Crossover Assignment,26,Europe,9.7,7.6,True,2019,2023,Very Large (500+),9,1,22.8,12.64,48.0,True,True,62.88,105.9
NCT2018000228,A Study of Novel Therapy in Patients With Lung Cancer,Lung Cancer,AbbVie,Phase 2,Completed,85,2020-04-15,2022-03-06,23,Single Blind,Randomized,Parallel Assignment,4,"Asia, North America, South America",1.5,22.5,False,2020,2022,Small (30-100),6,3,21.2,3.7,29.0,True,False,4.86,57.2
NCT2018000229,A Study of Novel Therapy in Patients With Lung Cancer,Lung Cancer,Mayo Clinic,Phase 2,Completed,116,2018-06-13,2020-10-30,29,Double Blind,Non-Randomized,Parallel Assignment,4,South America,8.0,5.7,False,2018,2020,Medium (100-300),3,1,29.0,4.0,29.0,True,False,6.15,53.0
NCT2018000230,A Study of Novel Therapy in Patients With Ovarian Cancer,Ovarian Cancer,Merck,Phase 2,Completed,108,2016-08-04,2018-08-24,25,Triple Blind,Randomized,Parallel Assignment,5,South America,19.1,2.3,True,2016,2018,Medium (100-300),6,1,21.6,4.32,29.0,True,True,6.57,60.8
NCT2018000231,A Study of Novel Therapy in Patients With Liver Cancer,Liver Cancer,Novartis,Phase 3,Completed,249,2019-02-01,2022-02-15,37,Quadruple Blind,Randomized,Single Group Assignment,14,Asia,22.9,14.5,True,2019,2022,Medium (100-300),6,1,17.8,6.73,48.0,True,True,26.65,107.0
NCT2018000232,A Study of Novel Therapy in Patients With Breast Cancer,Breast Cancer,Roche,Phase 4,Completed,288,2021-12-13,2025-02-25,39,Single Blind,Randomized,Parallel Assignment,21,Europe,26.7,3.5,True,2021,2025,Medium (100-300),4,1,13.7,7.38,34.0,False,False,41.81,145.2
NCT2018000233,A Study of Novel Therapy in Patients With Colorectal Cancer,Colorectal Cancer,Pfizer,Phase 2,Completed,13,2018-11-10,2021-12-24,38,Single Blind,Single Group,Parallel Assignment,1,Europe,12.6,13.8,True,2018,2021,Very Small (<30),2,1,13.0,0.34,29.0,False,False,1.94,149.2
NCT2018000234,A Study of Novel Therapy in Patients With Ovarian Cancer,Ovarian Cancer,Merck,Phase 3,Completed,334,2015-07-26,2019-09-03,50,Double Blind,Randomized,Crossover Assignment,21,"Australia, Asia, Europe, South America",28.3,19.2,True,2015,2019,Large (300-500),9,4,15.9,6.68,48.0,False,False,53.5,160.2
NCT2018000235,A Study of Novel Therapy in Patients With Prostate Cancer,Prostate Cancer,Pfizer,Phase 2,Completed,114,2019-01-26,2023-01-05,48,Quadruple Blind,Randomized,Crossover Assignment,5,"North America, Europe, Asia, Australia, South America",17.1,14.6,True,2019,2023,Medium (100-300),11,5,22.8,2.38,29.0,False,False,12.34,108.2
NCT2018000236,A Study of Novel Therapy in Patients With Gastric Cancer,Gastric Cancer,Pfizer,Phase 3,Completed,157,2018-10-28,2023-12-31,63,Quadruple Blind,Randomized,Sequential Assignment,4,Australia,6.9,27.5,True,2018,2023,Medium (100-300),8,1,39.2,2.49,48.0,False,False,13.07,83.2
NCT2018000237,A Study of Novel Therapy in Patients With Leukemia,Leukemia,National Cancer Institute,Phase 3,Completed,384,2015-12-23,2019-09-03,45,Single Blind,Randomized,Parallel Assignment,16,"South America, Asia, North America",13.4,4.0,True,2015,2019,Large (300-500),6,3,24.0,8.53,48.0,True,True,37.15,96.7
NCT2018000238,A Study of Novel Therapy in Patients With Prostate Cancer,Prostate Cancer,National Cancer Institute,Phase 1,Completed,27,2018-01-17,2019-08-10,19,Single Blind,Randomized,Single Group Assignment,1,"Europe, Asia",24.3,16.6,True,2018,2019,Very Small (<30),4,2,27.0,1.42,18.0,False,False,1.03,38.1
NCT2018000239,A Study of Novel Therapy in Patients With Gastric Cancer,Gastric Cancer,Roche,Phase 1,Completed,18,2016-09-28,2017-04-26,7,Single Blind,Randomized,Single Group Assignment,3,"North America, Asia",16.6,23.7,True,2016,2017,Very Small (<30),4,2,6.0,2.57,18.0,True,True,1.1,61.1
NCT2018000240,A Study of Novel Therapy in Patients With Colorectal Cancer,Colorectal Cancer,Mayo Clinic,Phase 1,Completed,38,2021-11-16,2022-10-12,11,Double Blind,Randomized,Factorial Assignment,3,"Australia, Asia, North America, South America",29.2,4.0,True,2021,2022,Small (30-100),10,4,12.7,3.45,18.0,True,True,1.76,46.3
NCT2018000241,A Study of Novel Therapy in Patients With Melanoma,Melanoma,Roche,Phase 3,Completed,418,2017-12-01,2022-07-08,56,Quadruple Blind,Single Group,Parallel Assignment,28,Australia,11.4,4.8,True,2017,2022,Large (300-500),5,1,14.9,7.46,48.0,False,False,79.65,190.6
NCT2018000242,A Study of Novel Therapy in Patients With Pancreatic Cancer,Pancreatic Cancer,Merck,Phase 3,Completed,201,2016-08-05,2020-03-17,44,Single Blind,Randomized,Parallel Assignment,20,North America,3.9,15.7,False,2016,2020,Medium (100-300),4,1,10.0,4.57,48.0,True,False,44.6,221.9
NCT2018000243,A Study of Novel Therapy in Patients With Gastric Cancer,Gastric Cancer,AstraZeneca,Phase 3,Completed,353,2022-01-09,2024-12-24,36,Open Label,Non-Randomized,Parallel Assignment,13,"North America, South America, Europe",15.0,8.1,False,2022,2024,Large (300-500),3,3,27.2,9.81,48.0,True,False,24.46,69.3
NCT2018000244,A Study of Novel Therapy in Patients With Lymphoma,Lymphoma,Sanofi,Early Phase 1,Completed,31,2021-06-18,2022-06-13,12,Single Blind,Non-Randomized,Crossover Assignment,3,"Europe, Australia, South America",15.6,8.5,True,2021,2022,Small (30-100),6,3,10.3,2.58,19.0,True,True,1.89,61.0
NCT2018000245,A Study of Novel Therapy in Patients With Melanoma,Melanoma,Pfizer,Phase 3,Completed,293,2020-05-04,2022-05-24,25,Open Label,Randomized,Parallel Assignment,12,"North America, Asia",5.9,1.9,False,2020,2022,Medium (100-300),4,2,24.4,11.72,48.0,True,False,15.88,54.2
NCT2018000246,A Study of Novel Therapy in Patients With Brain Cancer,Brain Cancer,Mayo Clinic,Phase 3,Completed,534,2015-07-21,2019-08-29,50,Open Label,Single Group,Parallel Assignment,26,"Europe, South America",12.5,4.2,False,2015,2019,Very Large (500+),2,2,20.5,10.68,48.0,False,False,66.6,124.7
NCT2018000247,A Study of Novel Therapy in Patients With Gastric Cancer,Gastric Cancer,AbbVie,Phase 3,Completed,368,2019-11-10,2022-07-27,33,Open Label,Randomized,Parallel Assignment,27,"Europe, North America, Australia",16.0,10.4,True,2019,2022,Large (300-500),5,3,13.6,11.15,48.0,True,True,45.65,124.0
NCT2018000248,A Study of Novel Therapy in Patients With Liver Cancer,Liver Cancer,MD Anderson,Phase 1,Completed,29,2022-04-04,2024-04-23,25,Open Label,Randomized,Parallel Assignment,1,"North America, Asia",2.8,9.9,False,2022,2024,Very Small (<30),4,2,29.0,1.16,18.0,False,False,1.34,46.2
NCT2018000249,A Study of Novel Therapy in Patients With Liver Cancer,Liver Cancer,Bristol-Myers Squibb,Phase 2,Completed,75,2016-11-18,2019-08-05,33,Single Blind,Randomized,Parallel Assignment,4,"Asia, South America",6.8,7.5,True,2016,2019,Small (30-100),5,2,18.8,2.27,29.0,False,False,6.82,90.9
NCT2018000250,A Study of Novel Therapy in Patients With Melanoma,Melanoma,National Cancer Institute,Phase 1,Completed,10,2015-03-25,2015-09-21,6,Double Blind,Randomized,Single Group Assignment,3,"Australia, Europe",20.8,11.4,True,2015,2015,Very Small (<30),5,2,3.3,1.67,18.0,True,True,0.93,93.0
NCT2018000251,A Study of Novel Therapy in Patients With Ovarian Cancer,Ovarian Cancer,Johnson & Johnson,Phase 3,Completed,220,2022-10-08,2027-10-12,61,Single Blind,Randomized,Sequential Assignment,11,"Australia, Europe",35.8,11.4,True,2022,2027,Medium (100-300),6,2,20.0,3.61,48.0,False,False,34.21,155.5
NCT2018000252,A Study of Novel Therapy in Patients With Colorectal Cancer,Colorectal Cancer,Roche,Phase 3,Completed,439,2018-04-05,2019-11-26,20,Open Label,Randomized,Single Group Assignment,16,"Europe, Asia, Australia, North America, South America",7.2,1.7,True,2018,2019,Large (300-500),4,5,27.4,21.95,48.0,True,True,17.32,39.5
NCT2018000253,A Study of Novel Therapy in Patients With Leukemia,Leukemia,Bristol-Myers Squibb,Phase 2,Completed,56,2022-01-26,2024-02-15,25,Double Blind,Randomized,Crossover Assignment,3,"Europe, North America",7.9,20.0,False,2022,2024,Small (30-100),8,2,18.7,2.24,29.0,True,False,3.92,70.0
NCT2018000254,A Study of Novel Therapy in Patients With Lung Cancer,Lung Cancer,Bristol-Myers Squibb,Phase 2,Completed,155,2020-07-09,2022-10-27,28,Single Blind,Randomized,Single Group Assignment,2,South America,7.8,23.7,True,2020,2022,Medium (100-300),3,1,77.5,5.54,29.0,True,True,3.26,21.0
NCT2018000255,A Study of Novel Therapy in Patients With Gastric Cancer,Gastric Cancer,Johnson & Johnson,Phase 3,Completed,396,2015-07-11,2019-10-18,52,Double Blind,Randomized,Parallel Assignment,18,"North America, Asia, Europe, South America",8.5,13.6,True,2015,2019,Large (300-500),7,4,22.0,7.62,48.0,False,False,47.99,121.2
NCT2018000256,A Study of Novel Therapy in Patients With Gastric Cancer,Gastric Cancer,MD Anderson,Phase 2,Completed,100,2016-04-05,2017-10-27,19,Single Blind,Non-Randomized,Crossover Assignment,7,South America,15.1,23.5,True,2016,2017,Medium (100-300),4,1,14.3,5.26,29.0,True,True,6.95,69.5
NCT2018000257,A Study of Novel Therapy in Patients With Brain Cancer,Brain Cancer,Merck,Phase 1,Completed,31,2021-12-16,2023-03-11,15,Triple Blind,Single Group,Crossover Assignment,3,"North America, Asia, South America",29.7,7.7,True,2021,2023,Small (30-100),8,3,10.3,2.07,18.0,True,True,2.34,75.5
NCT2018000258,A Study of Novel Therapy in Patients With Ovarian Cancer,Ovarian Cancer,National Cancer Institute,Phase 1,Completed,29,2015-03-07,2016-11-26,21,Triple Blind,Randomized,Parallel Assignment,1,"Asia, Europe",1.3,32.6,True,2015,2016,Very Small (<30),7,2,29.0,1.38,18.0,False,False,1.14,39.3
NCT2018000259,A Study of Novel Therapy in Patients With Ovarian Cancer,Ovarian Cancer,Johnson & Johnson,Phase 3,Completed,129,2016-11-01,2020-01-15,39,Open Label,Randomized,Parallel Assignment,9,"Asia, Australia",12.2,1.1,True,2016,2020,Medium (100-300),4,2,14.3,3.31,48.0,True,True,17.94,139.1
NCT2018000260,A Study of Novel Therapy in Patients With Gastric Cancer,Gastric Cancer,Mayo Clinic,Phase 4,Completed,259,2016-05-01,2019-01-16,33,Single Blind,Randomized,Single Group Assignment,16,"Europe, Australia, South America, Asia",8.1,17.7,True,2016,2019,Medium (100-300),5,4,16.2,7.85,34.0,True,True,27.18,104.9
NCT2018000261,A Study of Novel Therapy in Patients With Liver Cancer,Liver Cancer,Pfizer,Phase 4,Completed,356,2022-03-21,2024-09-06,30,Open Label,Non-Randomized,Parallel Assignment,29,"Asia, Australia, Europe",2.8,10.1,False,2022,2024,Large (300-500),3,3,12.3,11.87,34.0,True,False,44.57,125.2
NCT2018000262,A Study of Novel Therapy in Patients With Brain Cancer,Brain Cancer,Bristol-Myers Squibb,Phase 4,Completed,237,2018-08-10,2021-02-25,31,Double Blind,Non-Randomized,Parallel Assignment,13,Asia,17.8,6.2,True,2018,2021,Medium (100-300),3,1,18.2,7.65,34.0,True,True,20.86,88.0
NCT2018000263,A Study of Novel Therapy in Patients With Melanoma,Melanoma,Bristol-Myers Squibb,Phase 2,Completed,115,2016-08-03,2018-12-21,29,Single Blind,Randomized,Parallel Assignment,6,Asia,32.3,3.7,True,2016,2018,Medium (100-300),4,1,19.2,3.97,29.0,True,True,9.04,78.6
NCT2018000264,A Study of Novel Therapy in Patients With Prostate Cancer,Prostate Cancer,Pfizer,Phase 2,Completed,73,2021-11-11,2024-06-28,32,Double Blind,Non-Randomized,Single Group Assignment,6,South America,0.8,9.9,True,2021,2024,Small (30-100),2,1,12.2,2.28,29.0,False,False,9.82,134.5
NCT2018000265,A Study of Novel Therapy in Patients With Pancreatic Cancer,Pancreatic Cancer,Mayo Clinic,Phase 3,Completed,478,2018-06-24,2023-02-28,57,Double Blind,Non-Randomized,Single Group Assignment,25,"Asia, Australia, North America, South America",23.9,7.9,True,2018,2023,Large (300-500),4,4,19.1,8.39,48.0,False,False,72.68,152.1
NCT2018000266,A Study of Novel Therapy in Patients With Gastric Cancer,Gastric Cancer,Bristol-Myers Squibb,Phase 2,Completed,145,2017-11-11,2020-02-29,28,Double Blind,Randomized,Parallel Assignment,6,"Asia, Australia",25.7,9.7,True,2017,2020,Medium (100-300),6,2,24.2,5.18,29.0,True,True,8.84,61.0
NCT2018000267,A Study of Novel Therapy in Patients With Lung Cancer,Lung Cancer,Sanofi,Phase 2,Completed,144,2015-11-19,2019-02-01,39,Double Blind,Non-Randomized,Parallel Assignment,5,"South America, Asia",8.8,4.9,True,2015,2019,Medium (100-300),4,2,28.8,3.69,29.0,False,False,10.18,70.7
NCT2018000268,A Study of Novel Therapy in Patients With Colorectal Cancer,Colorectal Cancer,Roche,Phase 4,Completed,268,2018-06-14,2020-10-31,29,Quadruple Blind,Single Group,Factorial Assignment,14,"Europe, North America",23.5,12.1,True,2018,2020,Medium (100-300),9,2,19.1,9.24,34.0,True,True,21.1,78.7
NCT2018000269,A Study of Novel Therapy in Patients With Colorectal Cancer,Colorectal Cancer,AstraZeneca,Phase 3,Completed,520,2015-01-15,2019-11-20,59,Open Label,Non-Randomized,Parallel Assignment,68,North America,27.5,9.0,True,2015,2019,Very Large (500+),1,1,7.6,8.81,48.0,False,False,202.16,388.8
NCT2018000270,A Study of Novel Therapy in Patients With Lymphoma,Lymphoma,Johnson & Johnson,Phase 2,Completed,64,2021-08-13,2022-09-07,13,Open Label,Randomized,Single Group Assignment,2,"Australia, Europe, North America, Asia",5.4,6.5,True,2021,2022,Small (30-100),4,4,32.0,4.92,29.0,True,True,1.49,23.3
NCT2018000271,A Study of Novel Therapy in Patients With Gastric Cancer,Gastric Cancer,AstraZeneca,Phase 1,Completed,10,2019-03-04,2020-09-24,19,Single Blind,Randomized,Parallel Assignment,1,Asia,22.9,1.7,True,2019,2020,Very Small (<30),4,1,10.0,0.53,18.0,False,False,0.98,98.0
NCT2018000272,A Study of Novel Therapy in Patients With Ovarian Cancer,Ovarian Cancer,AstraZeneca,Phase 2,Completed,69,2021-11-05,2024-12-19,38,Single Blind,Single Group,Parallel Assignment,5,South America,8.8,7.1,True,2021,2024,Small (30-100),2,1,13.8,1.82,29.0,False,False,9.71,140.7
NCT2018000273,A Study of Novel Therapy in Patients With Colorectal Cancer,Colorectal Cancer,Merck,Phase 1,Completed,31,2015-10-17,2016-08-12,10,Open Label,Randomized,Single Group Assignment,1,"Asia, North America",17.1,9.6,True,2015,2016,Small (30-100),3,2,31.0,3.1,18.0,True,True,0.59,19.0
NCT2018000274,A Study of Novel Therapy in Patients With Lung Cancer,Lung Cancer,MD Anderson,Phase 1,Completed,27,2015-01-23,2016-04-17,15,Open Label,Randomized,Parallel Assignment,2,"Europe, Australia",35.8,17.2,True,2015,2016,Very Small (<30),4,2,13.5,1.8,18.0,True,True,1.58,58.5
NCT2018000275,A Study of Novel Therapy in Patients With Melanoma,Melanoma,Johnson & Johnson,Phase 3,Completed,813,2016-11-17,2019-11-02,36,Open Label,Non-Randomized,Parallel Assignment,73,"Australia, North America, Europe, South America",34.4,6.6,False,2016,2019,Very Large (500+),3,4,11.1,22.58,48.0,True,False,133.84,164.6
NCT2018000276,A Study of Novel Therapy in Patients With Pancreatic Cancer,Pancreatic Cancer,Merck,Phase 2,Completed,67,2019-09-07,2023-01-19,41,Single Blind,Randomized,Parallel Assignment,10,"Europe, South America",17.9,6.4,True,2019,2023,Small (30-100),5,2,6.7,1.63,29.0,False,False,20.7,309.0
NCT2018000277,A Study of Novel Therapy in Patients With Liver Cancer,Liver Cancer,Novartis,Phase 1,Completed,26,2016-10-22,2017-10-17,12,Single Blind,Single Group,Crossover Assignment,1,"North America, Asia, South America",44.3,4.1,True,2016,2017,Very Small (<30),6,3,26.0,2.17,18.0,True,True,0.68,26.2
NCT2018000278,A Study of Novel Therapy in Patients With Melanoma,Melanoma,Bristol-Myers Squibb,Early Phase 1,Completed,27,2022-01-04,2023-07-28,19,Triple Blind,Single Group,Sequential Assignment,2,"Asia, South America, Australia",29.3,10.2,True,2022,2023,Very Small (<30),7,3,13.5,1.42,19.0,True,True,1.98,73.3
NCT2018000279,A Study of Novel Therapy in Patients With Breast Cancer,Breast Cancer,Pfizer,Phase 4,Completed,153,2017-11-21,2022-04-29,54,Open Label,Randomized,Parallel Assignment,6,"North America, Asia, Europe, Australia",4.2,19.1,True,2017,2022,Medium (100-300),5,4,25.5,2.83,34.0,False,False,16.66,108.9
NCT2018000280,A Study of Novel Therapy in Patients With Brain Cancer,Brain Cancer,Bristol-Myers Squibb,Phase 2,Completed,103,2021-12-28,2024-07-15,31,Single Blind,Randomized,Sequential Assignment,4,North America,12.7,7.5,False,2021,2024,Medium (100-300),5,1,25.8,3.32,29.0,False,False,6.51,63.2
NCT2018000281,A Study of Novel Therapy in Patients With Lung Cancer,Lung Cancer,Johnson & Johnson,Phase 3,Completed,332,2022-10-22,2023-04-20,6,Single Blind,Non-Randomized,Crossover Assignment,29,Europe,21.3,2.9,True,2022,2023,Large (300-500),4,1,11.4,55.33,48.0,True,True,9.7,29.2
NCT2018000282,A Study of Novel Therapy in Patients With Lymphoma,Lymphoma,Sanofi,Phase 2,Completed,81,2015-02-09,2018-09-21,44,Double Blind,Randomized,Sequential Assignment,10,"Australia, Europe, Asia",19.9,17.0,False,2015,2018,Small (30-100),8,3,8.1,1.84,29.0,False,False,22.24,274.6
NCT2018000283,A Study of Novel Therapy in Patients With Gastric Cancer,Gastric Cancer,Mayo Clinic,Phase 2,Completed,96,2016-07-22,2019-10-05,39,Double Blind,Randomized,Single Group Assignment,8,Australia,35.0,3.8,False,2016,2019,Small (30-100),4,1,12.0,2.46,29.0,False,False,15.89,165.5
NCT2018000284,A Study of Novel Therapy in Patients With Breast Cancer,Breast Cancer,MD Anderson,Phase 3,Completed,221,2017-09-28,2023-08-28,72,Single Blind,Randomized,Parallel Assignment,25,"Asia, Australia",7.3,5.8,True,2017,2023,Medium (100-300),5,2,8.8,3.07,48.0,False,False,90.66,410.2
NCT2018000285,A Study of Novel Therapy in Patients With Liver Cancer,Liver Cancer,Johnson & Johnson,Phase 1,Completed,23,2021-04-03,2021-10-30,7,Single Blind,Non-Randomized,Parallel Assignment,2,"North America, South America",20.6,3.4,True,2021,2021,Very Small (<30),3,2,11.5,3.29,18.0,True,True,0.77,33.5
NCT2018000286,A Study of Novel Therapy in Patients With Lymphoma,Lymphoma,Johnson & Johnson,Phase 1,Completed,49,2015-09-18,2017-07-09,22,Open Label,Randomized,Single Group Assignment,3,"Australia, Europe",19.1,2.8,True,2015,2017,Small (30-100),3,2,16.3,2.23,18.0,False,False,3.45,70.4
NCT2018000287,A Study of Novel Therapy in Patients With Leukemia,Leukemia,AstraZeneca,Phase 2,Completed,144,2015-04-28,2017-11-13,31,Single Blind,Randomized,Single Group Assignment,9,"Asia, South America, North America",32.1,12.8,True,2015,2017,Medium (100-300),5,3,16.0,4.65,29.0,False,False,14.38,99.9
NCT2018000288,A Study of Novel Therapy in Patients With Breast Cancer,Breast Cancer,AstraZeneca,Phase 3,Completed,415,2020-11-26,2026-09-26,71,Open Label,Randomized,Single Group Assignment,11,"South America, Europe, Asia, Australia",10.9,10.4,True,2020,2026,Large (300-500),4,4,37.7,5.85,48.0,False,False,40.3,97.1
NCT2018000289,A Study of Novel Therapy in Patients With Prostate Cancer,Prostate Cancer,Novartis,Phase 3,Completed,407,2021-04-15,2026-01-19,58,Triple Blind,Randomized,Parallel Assignment,23,Australia,40.1,4.5,True,2021,2026,Large (300-500),6,1,17.7,7.02,48.0,False,False,67.92,166.9
NCT2018000290,A Study of Novel Therapy in Patients With Brain Cancer,Brain Cancer,MD Anderson,Phase 4,Completed,191,2017-08-01,2018-11-24,16,Double Blind,Randomized,Sequential Assignment,9,"Europe, Australia, Asia, North America",9.9,8.5,True,2017,2018,Medium (100-300),8,4,21.2,11.94,34.0,True,True,7.77,40.7
NCT2018000291,A Study of Novel Therapy in Patients With Pancreatic Cancer,Pancreatic Cancer,AstraZeneca,Phase 3,Completed,434,2021-07-20,2025-03-01,44,Quadruple Blind,Non-Randomized,Parallel Assignment,20,"South America, Europe, North America, Australia, Asia",12.6,7.1,False,2021,2025,Large (300-500),7,5,21.7,9.86,48.0,True,False,45.3,104.4
NCT2018000292,A Study of Novel Therapy in Patients With Leukemia,Leukemia,Mayo Clinic,Phase 2,Completed,55,2018-04-07,2020-11-22,32,Double Blind,Randomized,Parallel Assignment,4,"Europe, Asia, South America, North America, Australia",17.5,4.1,True,2018,2020,Small (30-100),7,5,13.8,1.72,29.0,False,False,6.56,119.3
NCT2018000293,A Study of Novel Therapy in Patients With Liver Cancer,Liver Cancer,Mayo Clinic,Phase 2,Completed,49,2021-11-24,2024-02-12,27,Triple Blind,Randomized,Sequential Assignment,2,"Australia, North America, South America",3.4,9.4,True,2021,2024,Small (30-100),9,3,24.5,1.81,29.0,True,True,2.85,58.2
NCT2018000294,A Study of Novel Therapy in Patients With Breast Cancer,Breast Cancer,Merck,Phase 1,Completed,16,2019-03-10,2021-08-26,30,Double Blind,Randomized,Parallel Assignment,2,Australia,3.9,7.2,True,2019,2021,Very Small (<30),5,1,8.0,0.53,18.0,False,False,3.05,190.6
NCT2018000295,A Study of Novel Therapy in Patients With Lung Cancer,Lung Cancer,National Cancer Institute,Phase 3,Completed,346,2018-12-21,2025-07-17,80,Double Blind,Randomized,Crossover Assignment,19,"North America, South America, Europe",4.8,7.4,True,2018,2025,Large (300-500),9,3,18.2,4.32,48.0,False,False,77.04,222.7
NCT2018000296,A Study of Novel Therapy in Patients With Liver Cancer,Liver Cancer,AstraZeneca,Phase 3,Completed,335,2015-01-24,2019-08-31,56,Open Label,Non-Randomized,Crossover Assignment,24,"Asia, Europe, Australia",3.6,10.6,False,2015,2019,Large (300-500),5,3,14.0,5.98,48.0,False,False,68.2,203.6
NCT2018000297,A Study of Novel Therapy in Patients With Colorectal Cancer,Colorectal Cancer,MD Anderson,Phase 2,Completed,73,2016-03-06,2019-01-20,35,Double Blind,Randomized,Parallel Assignment,6,"Europe, Australia",10.3,8.5,True,2016,2019,Small (30-100),6,2,12.2,2.09,29.0,False,False,10.72,146.8
NCT2018000298,A Study of Novel Therapy in Patients With Leukemia,Leukemia,Sanofi,Phase 2,Completed,172,2017-01-05,2019-04-25,28,Quadruple Blind,Randomized,Crossover Assignment,6,"Australia, Asia",37.6,22.1,True,2017,2019,Medium (100-300),10,2,28.7,6.14,29.0,True,True,8.92,51.9
NCT2018000299,A Study of Novel Therapy in Patients With Ovarian Cancer,Ovarian Cancer,Merck,Phase 3,Completed,453,2017-09-03,2022-05-10,57,Triple Blind,Randomized,Single Group Assignment,22,Europe,23.1,14.2,False,2017,2022,Large (300-500),5,1,20.6,7.95,48.0,False,False,64.06,141.4
NCT2018000300,A Study of Novel Therapy in Patients With Leukemia,Leukemia,AstraZeneca,Phase 3,Completed,329,2019-04-25,2023-07-03,51,Double Blind,Randomized,Single Group Assignment,30,Asia,13.5,6.9,True,2019,2023,Large (300-500),4,1,11.0,6.45,48.0,False,False,77.49,235.5
NCT2018000301,A Study of Novel Therapy in Patients With Pancreatic Cancer,Pancreatic Cancer,National Cancer Institute,Phase 4,Completed,148,2018-01-22,2019-08-15,19,Triple Blind,Randomized,Crossover Assignment,3,"Australia, Asia",8.6,16.7,True,2018,2019,Medium (100-300),9,2,49.3,7.79,34.0,True,True,3.29,22.2
NCT2018000302,A Study of Novel Therapy in Patients With Leukemia,Leukemia,AbbVie,Phase 2,Completed,21,2022-08-02,2025-09-15,38,Open Label,Non-Randomized,Parallel Assignment,1,"Europe, North America, Asia, South America",5.2,8.4,True,2022,2025,Very Small (<30),3,4,21.0,0.55,29.0,False,False,1.96,93.3
NCT2018000303,A Study of Novel Therapy in Patients With Prostate Cancer,Prostate Cancer,MD Anderson,Phase 3,Completed,256,2021-02-07,2025-04-17,51,Double Blind,Non-Randomized,Factorial Assignment,23,"North America, Europe",15.3,14.0,True,2021,2025,Medium (100-300),7,2,11.1,5.02,48.0,False,False,59.42,232.1
NCT2018000304,A Study of Novel Therapy in Patients With Breast Cancer,Breast Cancer,Novartis,Phase 3,Completed,642,2016-01-06,2020-01-15,49,Triple Blind,Randomized,Single Group Assignment,34,"South America, Australia, Europe, Asia",14.3,7.9,True,2016,2020,Very Large (500+),7,4,18.9,13.1,48.0,False,False,85.23,132.8
NCT2018000305,A Study of Novel Therapy in Patients With Liver Cancer,Liver Cancer,Novartis,Phase 1,Completed,34,2015-11-24,2017-02-16,15,Double Blind,Non-Randomized,Single Group Assignment,3,"Asia, North America, Europe",5.6,9.7,False,2015,2017,Small (30-100),4,3,11.3,2.27,18.0,True,False,2.35,69.1
NCT2018000306,A Study of Novel Therapy in Patients With Lung Cancer,Lung Cancer,Bristol-Myers Squibb,Phase 2,Completed,149,2022-07-13,2024-02-03,19,Triple Blind,Randomized,Parallel Assignment,5,South America,19.1,1.3,False,2022,2024,Medium (100-300),6,1,29.8,7.84,29.0,True,False,5.2,34.9
NCT2018000307,A Study of Novel Therapy in Patients With Melanoma,Melanoma,MD Anderson,Phase 3,Completed,447,2017-05-22,2022-02-25,58,Triple Blind,Single Group,Sequential Assignment,30,"North America, Europe",1.3,3.4,True,2017,2022,Large (300-500),6,2,14.9,7.71,48.0,False,False,88.34,197.6
NCT2018000308,A Study of Novel Therapy in Patients With Pancreatic Cancer,Pancreatic Cancer,Johnson & Johnson,Phase 1,Completed,31,2016-05-07,2017-04-02,11,Double Blind,Single Group,Parallel Assignment,2,"Australia, Europe, North America, Asia",22.9,18.7,True,2016,2017,Small (30-100),5,4,15.5,2.82,18.0,True,True,1.19,38.4
NCT2018000309,A Study of Novel Therapy in Patients With Prostate Cancer,Prostate Cancer,Novartis,Phase 3,Completed,252,2017-11-26,2021-04-09,41,Double Blind,Randomized,Crossover Assignment,27,"Australia, North America",8.8,23.4,True,2017,2021,Medium (100-300),8,2,9.3,6.15,48.0,True,True,56.11,222.7
NCT2018000310,A Study of Novel Therapy in Patients With Lung Cancer,Lung Cancer,Merck,Phase 1,Completed,25,2022-06-12,2023-07-07,13,Open Label,Non-Randomized,Parallel Assignment,3,Europe,8.1,13.3,True,2022,2023,Very Small (<30),1,1,8.3,1.92,18.0,True,True,2.02,80.8
NCT2018000311,A Study of Novel Therapy in Patients With Pancreatic Cancer,Pancreatic Cancer,MD Anderson,Phase 2,Completed,39,2019-12-19,2023-03-03,39,Open Label,Randomized,Crossover Assignment,2,Asia,16.7,12.3,True,2019,2023,Small (30-100),5,1,19.5,1.0,29.0,False,False,4.02,103.1
NCT2018000312,A Study of Novel Therapy in Patients With Gastric Cancer,Gastric Cancer,MD Anderson,Phase 1,Completed,33,2021-05-27,2023-03-18,22,Single Blind,Non-Randomized,Parallel Assignment,2,"Asia, Australia",14.0,11.4,True,2021,2023,Small (30-100),3,2,16.5,1.5,18.0,False,False,2.3,69.7
NCT2018000313,A Study of Novel Therapy in Patients With Liver Cancer,Liver Cancer,National Cancer Institute,Phase 1,Completed,19,2016-05-28,2017-04-23,11,Triple Blind,Single Group,Parallel Assignment,3,"North America, Australia, South America, Asia",18.7,8.3,False,2016,2017,Very Small (<30),6,4,6.3,1.73,18.0,True,False,1.71,90.0
NCT2018000314,A Study of Novel Therapy in Patients With Pancreatic Cancer,Pancreatic Cancer,Merck,Phase 2,Completed,126,2015-09-09,2018-06-25,34,Double Blind,Single Group,Parallel Assignment,4,"Europe, Asia",13.4,7.9,True,2015,2018,Medium (100-300),4,2,31.5,3.71,29.0,False,False,7.18,57.0
NCT2018000315,A Study of Novel Therapy in Patients With Lung Cancer,Lung Cancer,Johnson & Johnson,Phase 2,Completed,39,2020-09-01,2022-10-21,26,Double Blind,Non-Randomized,Crossover Assignment,3,"Australia, Europe, South America",24.9,8.4,True,2020,2022,Small (30-100),7,3,13.0,1.5,29.0,True,True,4.02,103.1
NCT2018000316,A Study of Novel Therapy in Patients With Pancreatic Cancer,Pancreatic Cancer,MD Anderson,Phase 2,Completed,73,2017-12-24,2020-03-13,27,Single Blind,Randomized,Parallel Assignment,9,Asia,39.5,17.6,True,2017,2020,Small (30-100),4,1,8.1,2.7,29.0,True,True,12.37,169.5
NCT2018000317,A Study of Novel Therapy in Patients With Prostate Cancer,Prostate Cancer,AbbVie,Phase 1,Completed,20,2020-07-16,2021-07-11,12,Quadruple Blind,Single Group,Parallel Assignment,3,"Australia, Asia",29.2,13.6,False,2020,2021,Very Small (<30),6,2,6.7,1.67,18.0,True,False,1.86,93.0
NCT2018000318,A Study of Novel Therapy in Patients With Ovarian Cancer,Ovarian Cancer,National Cancer Institute,Phase 2,Completed,45,2017-07-21,2020-01-07,30,Single Blind,Randomized,Sequential Assignment,1,"South America, Europe",15.8,2.3,True,2017,2020,Small (30-100),6,2,45.0,1.5,29.0,False,False,1.64,36.4
NCT2018000319,A Study of Novel Therapy in Patients With Leukemia,Leukemia,Sanofi,Phase 2,Completed,74,2022-10-01,2026-06-12,45,Double Blind,Randomized,Parallel Assignment,3,"Asia, Europe",21.7,7.4,True,2022,2026,Small (30-100),6,2,24.7,1.64,29.0,False,False,6.97,94.2
NCT2018000320,A Study of Novel Therapy in Patients With Pancreatic Cancer,Pancreatic Cancer,Mayo Clinic,Phase 1,Completed,19,2016-11-08,2018-12-28,26,Single Blind,Randomized,Parallel Assignment,3,"Europe, Australia",35.1,2.4,True,2016,2018,Very Small (<30),5,2,6.3,0.73,18.0,False,False,3.96,208.4
NCT2018000321,A Study of Novel Therapy in Patients With Prostate Cancer,Prostate Cancer,Pfizer,Phase 2,Completed,61,2017-10-19,2019-06-11,20,Open Label,Non-Randomized,Parallel Assignment,4,Asia,22.2,6.9,False,2017,2019,Small (30-100),1,1,15.2,3.05,29.0,True,False,4.18,68.5
NCT2018000322,A Study of Novel Therapy in Patients With Lymphoma,Lymphoma,National Cancer Institute,Phase 2,Completed,63,2015-12-24,2017-11-13,23,Double Blind,Randomized,Parallel Assignment,9,"South America, Australia",54.1,4.8,True,2015,2017,Small (30-100),6,2,7.0,2.74,29.0,True,True,10.54,167.3
NCT2018000323,A Study of Novel Therapy in Patients With Pancreatic Cancer,Pancreatic Cancer,Roche,Phase 3,Completed,261,2017-10-22,2020-06-08,32,Double Blind,Randomized,Single Group Assignment,24,"North America, Europe",19.9,5.8,True,2017,2020,Medium (100-300),5,2,10.9,8.16,48.0,True,True,39.18,150.1
NCT2018000324,A Study of Novel Therapy in Patients With Breast Cancer,Breast Cancer,Merck,Phase 1,Completed,22,2021-03-20,2023-05-09,26,Open Label,Randomized,Single Group Assignment,1,"Australia, North America, South America, Europe",27.5,2.9,True,2021,2023,Very Small (<30),4,4,22.0,0.85,18.0,False,False,1.37,62.3
NCT2018000325,A Study of Novel Therapy in Patients With Ovarian Cancer,Ovarian Cancer,Pfizer,Phase 4,Completed,110,2021-09-14,2023-09-04,24,Single Blind,Randomized,Single Group Assignment,5,"South America, Australia, Europe, North America",28.4,12.4,True,2021,2023,Medium (100-300),5,4,22.0,4.58,34.0,True,True,6.33,57.5
NCT2018000326,A Study of Novel Therapy in Patients With Prostate Cancer,Prostate Cancer,Novartis,Phase 2,Completed,113,2019-10-18,2023-07-29,46,Single Blind,Randomized,Single Group Assignment,2,"North America, Australia",28.3,8.1,True,2019,2023,Medium (100-300),4,2,56.5,2.46,29.0,False,False,4.94,43.7
NCT2018000327,A Study of Novel Therapy in Patients With Leukemia,Leukemia,Johnson & Johnson,Phase 1,Completed,30,2020-02-05,2021-06-29,17,Single Blind,Randomized,Parallel Assignment,3,"Asia, Australia",34.6,8.2,False,2020,2021,Small (30-100),5,2,10.0,1.76,18.0,True,False,2.64,88.0
NCT2018000328,A Study of Novel Therapy in Patients With Prostate Cancer,Prostate Cancer,Johnson & Johnson,Phase 2,Completed,93,2022-03-12,2024-11-26,33,Double Blind,Randomized,Factorial Assignment,7,"South America, Europe, Asia",22.8,1.7,True,2022,2024,Small (30-100),10,3,13.3,2.82,29.0,False,False,11.83,127.2
NCT2018000329,A Study of Novel Therapy in Patients With Gastric Cancer,Gastric Cancer,Roche,Phase 1,Completed,42,2016-04-17,2018-06-06,26,Single Blind,Randomized,Single Group Assignment,3,"North America, Europe, South America",4.8,10.4,False,2016,2018,Small (30-100),5,3,14.0,1.62,18.0,False,False,4.03,96.0
NCT2018000330,A Study of Novel Therapy in Patients With Lung Cancer,Lung Cancer,Roche,Phase 1,Completed,22,2022-10-14,2023-11-08,13,Open Label,Randomized,Parallel Assignment,3,South America,9.4,4.5,False,2022,2023,Very Small (<30),3,1,7.3,1.69,18.0,True,False,2.02,91.8
NCT2018000331,A Study of Novel Therapy in Patients With Liver Cancer,Liver Cancer,AbbVie,Phase 2,Completed,76,2019-12-20,2022-08-06,32,Open Label,Non-Randomized,Parallel Assignment,9,"Europe, Asia",21.0,11.8,True,2019,2022,Small (30-100),2,2,8.4,2.38,29.0,False,False,14.63,192.5
NCT2018000332,A Study of Novel Therapy in Patients With Ovarian Cancer,Ovarian Cancer,AbbVie,Phase 3,Completed,214,2018-10-06,2022-11-14,50,Double Blind,Randomized,Single Group Assignment,15,Asia,34.0,7.8,False,2018,2022,Medium (100-300),4,1,14.3,4.28,48.0,False,False,38.14,178.2
NCT2018000333,A Study of Novel Therapy in Patients With Lymphoma,Lymphoma,Johnson & Johnson,Phase 2,Completed,68,2018-09-01,2019-12-25,16,Double Blind,Randomized,Parallel Assignment,6,"Australia, Asia, Europe",17.5,2.3,False,2018,2019,Small (30-100),7,3,11.3,4.25,29.0,True,False,5.0,73.5
NCT2018000334,A Study of Novel Therapy in Patients With Pancreatic Cancer,Pancreatic Cancer,Merck,Phase 2,Completed,127,2022-07-19,2023-08-13,13,Open Label,Randomized,Single Group Assignment,10,Asia,2.8,15.2,True,2022,2023,Medium (100-300),2,1,12.7,9.77,29.0,True,True,6.88,54.2
NCT2018000335,A Study of Novel Therapy in Patients With Ovarian Cancer,Ovarian Cancer,Bristol-Myers Squibb,Phase 1,Completed,25,2019-12-15,2020-06-12,6,Quadruple Blind,Randomized,Crossover Assignment,2,"South America, Australia, Asia, North America, Europe",21.8,5.5,True,2019,2020,Very Small (<30),11,5,12.5,4.17,18.0,True,True,0.68,27.2
NCT2018000336,A Study of Novel Therapy in Patients With Liver Cancer,Liver Cancer,Merck,Phase 1,Completed,39,2018-06-14,2019-07-09,13,Quadruple Blind,Randomized,Parallel Assignment,2,North America,9.9,10.7,True,2018,2019,Small (30-100),7,1,19.5,3.0,18.0,True,True,1.42,36.4
NCT2018000337,A Study of Novel Therapy in Patients With Leukemia,Leukemia,Novartis,Phase 3,Completed,350,2017-08-11,2020-09-24,38,Single Blind,Single Group,Parallel Assignment,16,"Europe, Australia",10.0,2.5,False,2017,2020,Large (300-500),3,2,21.9,9.21,48.0,True,False,31.45,89.9
NCT2018000338,A Study of Novel Therapy in Patients With Prostate Cancer,Prostate Cancer,Merck,Phase 4,Completed,94,2018-04-27,2020-07-15,27,Double Blind,Randomized,Parallel Assignment,3,"South America, North America, Asia",31.3,10.6,False,2018,2020,Small (30-100),7,3,31.3,3.48,34.0,True,False,4.33,46.1
NCT2018000339,A Study of Novel Therapy in Patients With Leukemia,Leukemia,National Cancer Institute,Phase 3,Completed,365,2020-08-19,2023-07-05,35,Triple Blind,Randomized,Factorial Assignment,26,Europe,9.0,17.4,False,2020,2023,Large (300-500),9,1,14.0,10.43,48.0,True,False,46.6,127.7
NCT2018000340,A Study of Novel Therapy in Patients With Ovarian Cancer,Ovarian Cancer,Johnson & Johnson,Phase 1,Completed,29,2022-09-02,2023-11-26,15,Double Blind,Randomized,Single Group Assignment,1,"North America, South America",34.1,3.7,True,2022,2023,Very Small (<30),5,2,29.0,1.93,18.0,True,True,0.84,29.0
NCT2018000341,A Study of Novel Therapy in Patients With Liver Cancer,Liver Cancer,Merck,Phase 1,Completed,20,2021-10-04,2023-01-27,16,Single Blind,Non-Randomized,Parallel Assignment,3,Asia,23.7,4.5,True,2021,2023,Very Small (<30),2,1,6.7,1.25,18.0,True,True,2.46,123.0
NCT2018000342,A Study of Novel Therapy in Patients With Leukemia,Leukemia,Roche,Phase 3,Completed,211,2022-07-07,2026-07-16,49,Single Blind,Non-Randomized,Parallel Assignment,22,Europe,7.7,5.7,False,2022,2026,Medium (100-300),2,1,9.6,4.31,48.0,False,False,54.53,258.4
NCT2018000343,A Study of Novel Therapy in Patients With Liver Cancer,Liver Cancer,Merck,Early Phase 1,Completed,35,2016-12-09,2019-05-28,30,Triple Blind,Randomized,Sequential Assignment,1,Europe,8.8,3.9,True,2016,2019,Small (30-100),7,1,35.0,1.17,19.0,False,False,1.6,45.7
NCT2018000344,A Study of Novel Therapy in Patients With Lymphoma,Lymphoma,Sanofi,Phase 1,Completed,30,2017-11-17,2019-11-07,24,Double Blind,Randomized,Parallel Assignment,2,"Australia, North America",20.9,8.9,True,2017,2019,Small (30-100),6,2,15.0,1.25,18.0,False,False,2.49,83.0
NCT2018000345,A Study of Novel Therapy in Patients With Breast Cancer,Breast Cancer,Merck,Phase 3,Completed,265,2019-08-27,2023-01-08,41,Double Blind,Randomized,Parallel Assignment,21,"Australia, Asia",6.6,9.4,True,2019,2023,Medium (100-300),6,2,12.6,6.46,48.0,True,True,43.84,165.4
NCT2018000346,A Study of Novel Therapy in Patients With Leukemia,Leukemia,MD Anderson,Phase 2,Completed,42,2018-10-19,2021-03-07,29,Double Blind,Randomized,Factorial Assignment,2,"Australia, South America",6.5,16.6,False,2018,2021,Small (30-100),9,2,21.0,1.45,29.0,True,False,3.03,72.1
NCT2018000347,A Study of Novel Therapy in Patients With Lung Cancer,Lung Cancer,Johnson & Johnson,Phase 2,Completed,111,2019-08-21,2023-07-01,47,Quadruple Blind,Single Group,Single Group Assignment,7,"Australia, South America",20.0,17.6,False,2019,2023,Medium (100-300),5,2,15.9,2.36,29.0,False,False,16.78,151.2
NCT2018000348,A Study of Novel Therapy in Patients With Colorectal Cancer,Colorectal Cancer,AstraZeneca,Phase 1,Completed,18,2018-06-11,2020-02-01,20,Double Blind,Non-Randomized,Single Group Assignment,2,South America,18.8,7.9,False,2018,2020,Very Small (<30),2,1,9.0,0.9,18.0,False,False,2.05,113.9
NCT2018000349,A Study of Novel Therapy in Patients With Gastric Cancer,Gastric Cancer,National Cancer Institute,Phase 4,Completed,196,2022-07-06,2025-06-20,36,Open Label,Randomized,Single Group Assignment,6,"North America, Europe, Australia, South America",50.4,5.0,True,2022,2025,Medium (100-300),4,4,32.7,5.44,34.0,False,False,11.39,58.1
NCT2018000350,A Study of Novel Therapy in Patients With Brain Cancer,Brain Cancer,AbbVie,Phase 1,Completed,27,2015-01-25,2016-05-19,16,Single Blind,Non-Randomized,Parallel Assignment,2,"North America, South America",2.3,4.9,True,2015,2016,Very Small (<30),3,2,13.5,1.69,18.0,True,True,1.68,62.2
NCT2018000351,A Study of Novel Therapy in Patients With Melanoma,Melanoma,Sanofi,Phase 1,Completed,23,2017-03-17,2019-07-05,28,Triple Blind,Randomized,Single Group Assignment,2,"South America, Asia, Australia, Europe",12.1,2.9,True,2017,2019,Very Small (<30),7,4,11.5,0.82,18.0,False,False,2.87,124.8
NCT2018000352,A Study of Novel Therapy in Patients With Ovarian Cancer,Ovarian Cancer,Roche,Phase 4,Completed,247,2022-11-24,2026-07-06,44,Double Blind,Randomized,Single Group Assignment,30,"Asia, South America",10.1,13.8,True,2022,2026,Medium (100-300),5,2,8.2,5.61,34.0,False,False,66.74,270.2
NCT2018000353,A Study of Novel Therapy in Patients With Brain Cancer,Brain Cancer,Bristol-Myers Squibb,Phase 3,Completed,518,2020-07-09,2022-12-26,30,Open Label,Randomized,Single Group Assignment,68,"Asia, Australia, Europe",12.5,15.1,True,2020,2022,Very Large (500+),4,3,7.6,17.27,48.0,True,True,103.55,199.9
NCT2018000354,A Study of Novel Therapy in Patients With Brain Cancer,Brain Cancer,Sanofi,Phase 3,Completed,444,2019-01-25,2023-07-03,54,Single Blind,Randomized,Parallel Assignment,10,"Europe, South America",18.4,10.6,False,2019,2023,Large (300-500),5,2,44.4,8.22,48.0,False,False,28.33,63.8
NCT2018000355,A Study of Novel Therapy in Patients With Prostate Cancer,Prostate Cancer,Roche,Phase 2,Completed,137,2021-07-08,2023-11-25,29,Open Label,Randomized,Parallel Assignment,6,Australia,8.8,4.8,False,2021,2023,Medium (100-300),3,1,22.8,4.72,29.0,True,False,9.11,66.5
NCT2018000356,A Study of Novel Therapy in Patients With Lung Cancer,Lung Cancer,Roche,Phase 2,Completed,85,2017-05-04,2018-07-28,15,Double Blind,Non-Randomized,Parallel Assignment,9,North America,13.9,3.7,True,2017,2018,Small (30-100),3,1,9.4,5.67,29.0,True,True,7.0,82.4
NCT2018000357,A Study of Novel Therapy in Patients With Breast Cancer,Breast Cancer,Roche,Early Phase 1,Completed,40,2016-05-09,2018-04-29,24,Open Label,Randomized,Parallel Assignment,1,South America,33.8,15.5,True,2016,2018,Small (30-100),3,1,40.0,1.67,19.0,False,False,1.32,33.0
NCT2018000358,A Study of Novel Therapy in Patients With Brain Cancer,Brain Cancer,AstraZeneca,Phase 2,Completed,52,2022-12-26,2024-09-16,21,Open Label,Randomized,Crossover Assignment,4,South America,32.5,15.1,True,2022,2024,Small (30-100),5,1,13.0,2.48,29.0,True,True,4.36,83.8
NCT2018000359,A Study of Novel Therapy in Patients With Prostate Cancer,Prostate Cancer,Bristol-Myers Squibb,Phase 2,Completed,50,2021-01-04,2024-01-19,37,Quadruple Blind,Non-Randomized,Parallel Assignment,9,North America,25.3,5.3,True,2021,2024,Small (30-100),5,1,5.6,1.35,29.0,False,False,16.8,336.0
NCT2018000360,A Study of Novel Therapy in Patients With Lung Cancer,Lung Cancer,AbbVie,Phase 3,Completed,452,2018-08-13,2020-08-02,24,Double Blind,Randomized,Parallel Assignment,30,"Australia, North America, Europe",20.5,7.0,True,2018,2020,Large (300-500),7,3,15.1,18.83,48.0,True,True,37.36,82.7
NCT2018000361,A Study of Novel Therapy in Patients With Leukemia,Leukemia,Pfizer,Phase 2,Completed,129,2018-02-08,2020-02-28,25,Double Blind,Randomized,Parallel Assignment,6,"South America, Europe",21.0,12.9,True,2018,2020,Medium (100-300),6,2,21.5,5.16,29.0,True,True,7.89,61.2
NCT2018000362,A Study of Novel Therapy in Patients With Gastric Cancer,Gastric Cancer,Sanofi,Phase 1,Completed,14,2017-06-25,2018-10-18,16,Open Label,Randomized,Parallel Assignment,3,"North America, Australia",18.1,17.4,True,2017,2018,Very Small (<30),4,2,4.7,0.88,18.0,True,True,2.44,174.3
NCT2018000363,A Study of Novel Therapy in Patients With Ovarian Cancer,Ovarian Cancer,Novartis,Phase 1,Completed,11,2017-08-08,2019-09-27,26,Single Blind,Randomized,Single Group Assignment,2,"South America, Europe, North America",23.0,17.5,True,2017,2019,Very Small (<30),5,3,5.5,0.42,18.0,False,False,2.63,239.1
NCT2018000364,A Study of Novel Therapy in Patients With Colorectal Cancer,Colorectal Cancer,Bristol-Myers Squibb,Phase 2,Completed,109,2015-08-23,2018-12-05,40,Single Blind,Randomized,Single Group Assignment,5,"Australia, Asia",19.4,4.1,True,2015,2018,Medium (100-300),4,2,21.8,2.72,29.0,False,False,10.33,94.8
NCT2018000365,A Study of Novel Therapy in Patients With Pancreatic Cancer,Pancreatic Cancer,AbbVie,Phase 2,Completed,161,2017-02-17,2020-03-03,37,Open Label,Randomized,Parallel Assignment,7,"Australia, South America",17.7,13.1,False,2017,2020,Medium (100-300),4,2,23.0,4.35,29.0,False,False,13.43,83.4
NCT2018000366,A Study of Novel Therapy in Patients With Pancreatic Cancer,Pancreatic Cancer,AstraZeneca,Phase 4,Completed,270,2018-06-24,2021-05-09,35,Open Label,Single Group,Crossover Assignment,16,"South America, Europe",15.8,22.0,True,2018,2021,Medium (100-300),4,2,16.9,7.71,34.0,False,False,28.81,106.7
NCT2018000367,A Study of Novel Therapy in Patients With Liver Cancer,Liver Cancer,AstraZeneca,Phase 2,Completed,178,2016-02-17,2018-08-05,30,Double Blind,Randomized,Sequential Assignment,4,"Europe, North America, Australia, South America",21.8,19.1,True,2016,2018,Medium (100-300),8,4,44.5,5.93,29.0,False,False,6.53,36.7
NCT2018000368,A Study of Novel Therapy in Patients With Lymphoma,Lymphoma,MD Anderson,Phase 2,Completed,167,2022-09-20,2024-11-08,26,Double Blind,Randomized,Parallel Assignment,3,Europe,43.9,10.7,False,2022,2024,Medium (100-300),5,1,55.7,6.42,29.0,True,False,4.4,26.3
NCT2018000369,A Study of Novel Therapy in Patients With Lung Cancer,Lung Cancer,Sanofi,Phase 4,Completed,324,2015-06-18,2019-03-29,46,Double Blind,Single Group,Crossover Assignment,11,"Asia, North America, Australia",20.0,0.3,True,2015,2019,Large (300-500),7,3,29.5,7.04,34.0,False,False,26.27,81.1
NCT2018000370,A Study of Novel Therapy in Patients With Prostate Cancer,Prostate Cancer,AbbVie,Phase 2,Completed,88,2016-02-24,2017-03-20,13,Open Label,Randomized,Parallel Assignment,5,"Europe, South America",15.3,23.2,False,2016,2017,Small (30-100),4,2,17.6,6.77,29.0,True,False,3.51,39.9
NCT2018000371,A Study of Novel Therapy in Patients With Pancreatic Cancer,Pancreatic Cancer,AstraZeneca,Phase 3,Completed,388,2022-12-22,2026-05-05,41,Single Blind,Randomized,Crossover Assignment,27,"Asia, Europe",25.1,3.3,True,2022,2026,Large (300-500),7,2,14.4,9.46,48.0,True,True,56.51,145.6
NCT2018000372,A Study of Novel Therapy in Patients With Leukemia,Leukemia,AstraZeneca,Phase 2,Completed,124,2020-06-14,2022-10-02,28,Triple Blind,Randomized,Single Group Assignment,5,"Europe, South America",15.8,4.9,False,2020,2022,Medium (100-300),6,2,24.8,4.43,29.0,True,False,7.37,59.4
NCT2018000373,A Study of Novel Therapy in Patients With Melanoma,Melanoma,AstraZeneca,Phase 4,Completed,220,2022-08-13,2026-04-24,45,Open Label,Randomized,Parallel Assignment,10,"Asia, North America",15.3,5.4,True,2022,2026,Medium (100-300),4,2,22.0,4.89,34.0,False,False,23.16,105.3
NCT2018000374,A Study of Novel Therapy in Patients With Leukemia,Leukemia,Pfizer,Phase 1,Completed,23,2019-09-17,2021-05-09,20,Double Blind,Single Group,Parallel Assignment,1,"Europe, Australia",22.8,4.4,True,2019,2021,Very Small (<30),4,2,23.0,1.15,18.0,False,False,1.07,46.5
NCT2018000375,A Study of Novel Therapy in Patients With Prostate Cancer,Prostate Cancer,Merck,Phase 4,Completed,185,2019-05-03,2020-09-24,17,Double Blind,Randomized,Parallel Assignment,3,"South America, Europe, Australia",13.8,7.9,False,2019,2020,Medium (100-300),7,3,61.7,10.88,34.0,True,False,3.1,16.8
NCT2018000376,A Study of Novel Therapy in Patients With Pancreatic Cancer,Pancreatic Cancer,Novartis,Phase 3,Completed,471,2019-01-24,2022-03-09,38,Triple Blind,Randomized,Crossover Assignment,20,"South America, Australia",34.9,6.9,False,2019,2022,Large (300-500),9,2,23.6,12.39,48.0,True,False,39.41,83.7
NCT2018000377,A Study of Novel Therapy in Patients With Prostate Cancer,Prostate Cancer,Mayo Clinic,Phase 1,Completed,20,2015-11-25,2017-06-17,19,Double Blind,Randomized,Single Group Assignment,2,"Europe, Asia",29.1,8.1,True,2015,2017,Very Small (<30),5,2,10.0,1.05,18.0,False,False,1.96,98.0
NCT2018000378,A Study of Novel Therapy in Patients With Breast Cancer,Breast Cancer,MD Anderson,Phase 1,Completed,16,2021-08-25,2023-10-14,26,Double Blind,Randomized,Parallel Assignment,2,"Europe, Australia, South America",20.1,40.6,True,2021,2023,Very Small (<30),7,3,8.0,0.62,18.0,False,False,2.65,165.6
NCT2018000379,A Study of Novel Therapy in Patients With Breast Cancer,Breast Cancer,AbbVie,Phase 2,Completed,96,2021-05-03,2022-04-28,12,Single Blind,Randomized,Single Group Assignment,4,"Europe, South America",21.9,7.6,True,2021,2022,Small (30-100),4,2,24.0,8.0,29.0,True,True,2.69,28.0
NCT2018000380,A Study of Novel Therapy in Patients With Ovarian Cancer,Ovarian Cancer,National Cancer Institute,Phase 2,Completed,74,2018-04-03,2021-02-16,35,Open Label,Randomized,Single Group Assignment,3,South America,34.6,10.9,True,2018,2021,Small (30-100),2,1,24.7,2.11,29.0,False,False,5.47,73.9
NCT2018000381,A Study of Novel Therapy in Patients With Leukemia,Leukemia,AstraZeneca,Phase 2,Completed,88,2015-05-06,2018-06-19,38,Quadruple Blind,Non-Randomized,Factorial Assignment,9,"South America, North America",26.7,19.3,False,2015,2018,Small (30-100),9,2,9.8,2.32,29.0,False,False,17.36,197.3
NCT2018000382,A Study of Novel Therapy in Patients With Liver Cancer,Liver Cancer,AstraZeneca,Phase 1,Completed,24,2017-12-28,2019-04-22,16,Open Label,Non-Randomized,Parallel Assignment,3,"Asia, North America, Europe, South America",21.1,6.7,True,2017,2019,Very Small (<30),3,4,8.0,1.5,18.0,True,True,2.47,102.9
NCT2018000383,A Study of Novel Therapy in Patients With Leukemia,Leukemia,Merck,Phase 2,Completed,176,2018-04-18,2022-01-27,46,Double Blind,Randomized,Parallel Assignment,4,"North America, South America, Asia",47.3,22.0,False,2018,2022,Medium (100-300),7,3,44.0,3.83,29.0,False,False,9.73,55.3
NCT2018000384,A Study of Novel Therapy in Patients With Melanoma,Melanoma,Roche,Phase 2,Completed,53,2015-05-07,2016-09-28,17,Triple Blind,Non-Randomized,Parallel Assignment,2,Asia,25.3,5.3,False,2015,2016,Small (30-100),4,1,26.5,3.12,29.0,True,False,1.86,35.1
NCT2018000385,A Study of Novel Therapy in Patients With Leukemia,Leukemia,Novartis,Phase 4,Completed,111,2015-05-28,2018-07-11,38,Triple Blind,Randomized,Factorial Assignment,10,"North America, Asia, Europe, Australia, South America",37.4,18.5,True,2015,2018,Medium (100-300),11,5,11.1,2.92,34.0,False,False,19.33,174.1
NCT2018000386,A Study of Novel Therapy in Patients With Ovarian Cancer,Ovarian Cancer,Mayo Clinic,Early Phase 1,Completed,26,2015-01-08,2016-09-29,21,Quadruple Blind,Randomized,Parallel Assignment,3,Asia,7.3,6.5,True,2015,2016,Very Small (<30),7,1,8.7,1.24,19.0,False,False,3.23,124.2
NCT2018000387,A Study of Novel Therapy in Patients With Melanoma,Melanoma,Merck,Phase 2,Completed,121,2019-01-21,2022-07-04,42,Open Label,Randomized,Factorial Assignment,2,"Asia, Europe, North America, South America",9.7,8.1,False,2019,2022,Medium (100-300),8,4,60.5,2.88,29.0,False,False,4.56,37.7
NCT2018000388,A Study of Novel Therapy in Patients With Lung Cancer,Lung Cancer,Mayo Clinic,Phase 3,Completed,263,2021-09-22,2024-11-05,38,Double Blind,Non-Randomized,Parallel Assignment,17,"South America, Asia",22.9,0.8,False,2021,2024,Medium (100-300),4,2,15.5,6.92,48.0,True,False,33.09,125.8
NCT2018000389,A Study of Novel Therapy in Patients With Ovarian Cancer,Ovarian Cancer,Roche,Phase 2,Completed,10,2018-11-05,2020-11-24,25,Double Blind,Non-Randomized,Parallel Assignment,1,"Australia, Europe",8.1,9.3,True,2018,2020,Very Small (<30),4,2,10.0,0.4,29.0,True,True,1.28,128.0
NCT2018000390,A Study of Novel Therapy in Patients With Colorectal Cancer,Colorectal Cancer,MD Anderson,Phase 4,Completed,29,2017-06-03,2020-05-18,36,Double Blind,Single Group,Parallel Assignment,2,"Europe, North America, Australia",49.0,25.2,False,2017,2020,Very Small (<30),5,3,14.5,0.81,34.0,False,False,3.69,127.2
NCT2018000391,A Study of Novel Therapy in Patients With Lymphoma,Lymphoma,Bristol-Myers Squibb,Phase 2,Completed,98,2022-12-27,2025-01-15,25,Triple Blind,Single Group,Parallel Assignment,5,Europe,10.7,5.9,True,2022,2025,Small (30-100),4,1,19.6,3.92,29.0,True,True,6.54,66.7
NCT2018000392,A Study of Novel Therapy in Patients With Pancreatic Cancer,Pancreatic Cancer,Bristol-Myers Squibb,Early Phase 1,Completed,13,2018-10-08,2020-11-26,26,Open Label,Randomized,Parallel Assignment,2,Australia,14.6,14.2,True,2018,2020,Very Small (<30),3,1,6.5,0.5,19.0,False,False,2.64,203.1
NCT2018000393,A Study of Novel Therapy in Patients With Colorectal Cancer,Colorectal Cancer,Johnson & Johnson,Phase 3,Completed,373,2022-08-05,2027-05-11,58,Open Label,Randomized,Parallel Assignment,10,"South America, Europe, Asia, North America",13.2,7.9,False,2022,2027,Large (300-500),5,4,37.3,6.43,48.0,False,False,30.12,80.8
NCT2018000394,A Study of Novel Therapy in Patients With Brain Cancer,Brain Cancer,National Cancer Institute,Phase 1,Completed,24,2022-12-11,2024-09-01,21,Triple Blind,Single Group,Parallel Assignment,1,"South America, Asia",13.0,16.5,True,2022,2024,Very Small (<30),5,2,24.0,1.14,18.0,False,False,1.12,46.7
NCT2018000395,A Study of Novel Therapy in Patients With Pancreatic Cancer,Pancreatic Cancer,National Cancer Institute,Phase 4,Completed,128,2015-09-04,2019-07-15,47,Single Blind,Non-Randomized,Parallel Assignment,5,"South America, North America",19.7,5.0,True,2015,2019,Medium (100-300),3,2,25.6,2.72,34.0,False,False,12.13,94.8
NCT2018000396,A Study of Novel Therapy in Patients With Liver Cancer,Liver Cancer,Pfizer,Phase 2,Completed,90,2018-05-15,2020-02-04,21,Single Blind,Randomized,Crossover Assignment,9,Asia,5.1,7.2,True,2018,2020,Small (30-100),6,1,10.0,4.29,29.0,True,True,9.72,108.0
NCT2018000397,A Study of Novel Therapy in Patients With Ovarian Cancer,Ovarian Cancer,Roche,Phase 1,Completed,28,2022-11-15,2023-10-11,11,Open Label,Randomized,Parallel Assignment,3,"Australia, Europe, South America, Asia",47.0,18.8,True,2022,2023,Very Small (<30),5,4,9.3,2.55,18.0,True,True,1.73,61.8
NCT2018000398,A Study of Novel Therapy in Patients With Brain Cancer,Brain Cancer,National Cancer Institute,Phase 1,Completed,32,2018-08-03,2020-06-23,23,Open Label,Non-Randomized,Sequential Assignment,1,"North America, Australia, South America",26.2,25.5,True,2018,2020,Small (30-100),4,3,32.0,1.39,18.0,False,False,1.25,39.1
NCT2018000399,A Study of Novel Therapy in Patients With Lung Cancer,Lung Cancer,AbbVie,Phase 3,Completed,570,2021-12-26,2024-07-13,31,Quadruple Blind,Non-Randomized,Parallel Assignment,55,"Europe, Asia",11.8,20.9,False,2021,2024,Very Large (500+),6,2,10.4,18.39,48.0,True,False,86.96,152.6
NCT2018000400,A Study of Novel Therapy in Patients With Colorectal Cancer,Colorectal Cancer,Roche,Phase 3,Completed,361,2017-03-25,2021-06-02,51,Double Blind,Randomized,Parallel Assignment,24,Europe,58.8,8.7,True,2017,2021,Large (300-500),5,1,15.0,7.08,48.0,False,False,62.28,172.5
NCT2018000401,A Study of Novel Therapy in Patients With Prostate Cancer,Prostate Cancer,Pfizer,Phase 1,Completed,34,2019-01-15,2020-07-08,18,Single Blind,Randomized,Crossover Assignment,3,"Europe, Australia, Asia, South America",41.2,10.2,True,2019,2020,Small (30-100),8,4,11.3,1.89,18.0,True,True,2.8,82.4
NCT2018000402,A Study of Novel Therapy in Patients With Pancreatic Cancer,Pancreatic Cancer,National Cancer Institute,Phase 2,Completed,150,2015-04-18,2017-07-06,27,Open Label,Non-Randomized,Crossover Assignment,5,Europe,29.3,9.0,True,2015,2017,Medium (100-300),3,1,30.0,5.56,29.0,True,True,7.2,48.0
NCT2018000403,A Study of Novel Therapy in Patients With Colorectal Cancer,Colorectal Cancer,Pfizer,Phase 2,Completed,160,2019-06-03,2022-05-18,36,Open Label,Randomized,Parallel Assignment,6,"Australia, Europe",19.9,10.1,False,2019,2022,Medium (100-300),4,2,26.7,4.44,29.0,False,False,11.28,70.5
NCT2018000404,A Study of Novel Therapy in Patients With Leukemia,Leukemia,Pfizer,Phase 3,Completed,213,2016-05-11,2020-03-21,47,Single Blind,Randomized,Parallel Assignment,23,"North America, Asia, Europe",26.1,30.2,True,2016,2020,Medium (100-300),6,3,9.3,4.53,48.0,True,True,54.69,256.8
NCT2018000405,A Study of Novel Therapy in Patients With Melanoma,Melanoma,AstraZeneca,Phase 3,Completed,472,2021-09-07,2023-08-28,24,Double Blind,Non-Randomized,Parallel Assignment,30,"North America, South America",35.2,2.7,False,2021,2023,Large (300-500),4,2,15.7,19.67,48.0,True,False,37.42,79.3
NCT2018000406,A Study of Novel Therapy in Patients With Gastric Cancer,Gastric Cancer,Bristol-Myers Squibb,Phase 3,Completed,190,2021-10-28,2024-05-15,31,Single Blind,Randomized,Factorial Assignment,7,"Australia, South America, Asia, Europe",18.9,0.2,True,2021,2024,Medium (100-300),9,4,27.1,6.13,48.0,True,True,11.42,60.1
NCT2018000407,A Study of Novel Therapy in Patients With Pancreatic Cancer,Pancreatic Cancer,Merck,Phase 1,Completed,37,2019-04-01,2020-06-24,15,Open Label,Randomized,Crossover Assignment,3,"Australia, South America, Europe",9.5,9.6,True,2019,2020,Small (30-100),7,3,12.3,2.47,18.0,True,True,2.36,63.8
NCT2018000408,A Study of Novel Therapy in Patients With Liver Cancer,Liver Cancer,Merck,Phase 2,Completed,117,2015-11-07,2018-03-26,29,Double Blind,Randomized,Parallel Assignment,6,"Asia, North America",10.8,3.5,True,2015,2018,Medium (100-300),6,2,19.5,4.03,29.0,True,True,9.05,77.4
NCT2018000409,A Study of Novel Therapy in Patients With Lymphoma,Lymphoma,Mayo Clinic,Phase 2,Completed,86,2015-03-07,2017-09-22,31,Single Blind,Randomized,Single Group Assignment,9,"Europe, South America, North America",9.0,5.1,True,2015,2017,Small (30-100),5,3,9.6,2.77,29.0,False,False,14.21,165.2
NCT2018000410,A Study of Novel Therapy in Patients With Ovarian Cancer,Ovarian Cancer,AstraZeneca,Phase 4,Completed,217,2022-07-24,2023-04-20,9,Open Label,Randomized,Single Group Assignment,20,"North America, Europe",28.9,18.7,True,2022,2023,Medium (100-300),3,2,10.8,24.11,34.0,True,True,9.65,44.5
NCT2018000411,A Study of Novel Therapy in Patients With Leukemia,Leukemia,Novartis,Phase 2,Completed,88,2017-05-27,2019-03-18,22,Open Label,Single Group,Single Group Assignment,4,"South America, Europe",47.8,2.7,True,2017,2019,Small (30-100),1,2,22.0,4.0,29.0,True,True,4.66,53.0
NCT2018000412,A Study of Novel Therapy in Patients With Melanoma,Melanoma,Mayo Clinic,Phase 4,Completed,168,2020-12-02,2022-08-24,21,Open Label,Randomized,Sequential Assignment,7,"Asia, Europe",23.9,10.6,True,2020,2022,Medium (100-300),5,2,24.0,8.0,34.0,True,True,7.85,46.7
NCT2018000413,A Study of Novel Therapy in Patients With Leukemia,Leukemia,Pfizer,Phase 1,Completed,27,2018-02-15,2019-12-07,22,Double Blind,Non-Randomized,Sequential Assignment,1,South America,3.6,4.4,True,2018,2019,Very Small (<30),4,1,27.0,1.23,18.0,False,False,1.18,43.7
NCT2018000414,A Study of Novel Therapy in Patients With Leukemia,Leukemia,Roche,Phase 2,Completed,172,2016-09-22,2018-12-11,27,Quadruple Blind,Randomized,Parallel Assignment,8,"Australia, North America, South America",15.1,9.3,True,2016,2018,Medium (100-300),9,3,21.5,6.37,29.0,True,True,11.32,65.8
NCT2018000415,A Study of Novel Therapy in Patients With Pancreatic Cancer,Pancreatic Cancer,Novartis,Phase 1,Completed,23,2020-08-02,2022-02-23,19,Open Label,Non-Randomized,Single Group Assignment,1,"Asia, Europe",12.1,1.2,True,2020,2022,Very Small (<30),1,2,23.0,1.21,18.0,False,False,1.02,44.3
NCT2018000416,A Study of Novel Therapy in Patients With Melanoma,Melanoma,AbbVie,Phase 1,Completed,32,2020-08-22,2022-11-10,27,Open Label,Randomized,Parallel Assignment,1,"Australia, North America, South America, Europe, Asia",7.8,12.7,True,2020,2022,Small (30-100),5,5,32.0,1.19,18.0,False,False,1.45,45.3
NCT2018000417,A Study of Novel Therapy in Patients With Melanoma,Melanoma,National Cancer Institute,Phase 4,Completed,143,2018-03-03,2021-12-12,46,Single Blind,Single Group,Single Group Assignment,2,South America,30.5,2.5,False,2018,2021,Medium (100-300),1,1,71.5,3.11,34.0,False,False,5.03,35.2
NCT2018000418,A Study of Novel Therapy in Patients With Lymphoma,Lymphoma,Pfizer,Phase 1,Completed,30,2016-07-13,2017-01-09,6,Open Label,Randomized,Single Group Assignment,3,"Australia, Asia, Europe",36.1,2.7,True,2016,2017,Small (30-100),4,3,10.0,5.0,18.0,True,True,0.99,33.0
NCT2018000419,A Study of Novel Therapy in Patients With Liver Cancer,Liver Cancer,AbbVie,Phase 1,Completed,23,2016-08-19,2017-09-13,13,Open Label,Non-Randomized,Sequential Assignment,2,Asia,20.5,11.9,True,2016,2017,Very Small (<30),2,1,11.5,1.77,18.0,True,True,1.37,59.6
NCT2018000420,A Study of Novel Therapy in Patients With Brain Cancer,Brain Cancer,Sanofi,Phase 3,Completed,346,2018-04-05,2021-06-18,39,Triple Blind,Non-Randomized,Sequential Assignment,22,Asia,30.5,22.1,False,2018,2021,Large (300-500),5,1,15.7,8.87,48.0,True,False,43.94,127.0
NCT2018000421,A Study of Novel Therapy in Patients With Brain Cancer,Brain Cancer,Sanofi,Phase 4,Completed,192,2015-02-16,2018-01-01,35,Open Label,Randomized,Crossover Assignment,6,"Australia, Europe, Asia",29.5,3.3,True,2015,2018,Medium (100-300),7,3,32.0,5.49,34.0,False,False,11.08,57.7
NCT2018000422,A Study of Novel Therapy in Patients With Lung Cancer,Lung Cancer,AstraZeneca,Phase 3,Completed,527,2016-05-18,2017-09-10,16,Single Blind,Randomized,Parallel Assignment,35,"South America, Australia",20.1,5.0,True,2016,2017,Very Large (500+),5,2,15.1,32.94,48.0,True,True,29.58,56.1
NCT2018000423,A Study of Novel Therapy in Patients With Gastric Cancer,Gastric Cancer,National Cancer Institute,Phase 1,Completed,17,2021-07-19,2022-01-15,6,Triple Blind,Randomized,Parallel Assignment,3,"Australia, South America, North America",32.1,6.1,True,2021,2022,Very Small (<30),8,3,5.7,2.83,18.0,True,True,0.95,55.9
NCT2018000424,A Study of Novel Therapy in Patients With Ovarian Cancer,Ovarian Cancer,Novartis,Phase 2,Completed,50,2022-03-10,2024-09-25,31,Quadruple Blind,Randomized,Parallel Assignment,8,"North America, Australia",32.0,5.7,True,2022,2024,Small (30-100),8,2,6.2,1.61,29.0,False,False,12.55,251.0
NCT2018000425,A Study of Novel Therapy in Patients With Pancreatic Cancer,Pancreatic Cancer,MD Anderson,Phase 1,Completed,18,2015-03-22,2017-07-09,28,Open Label,Randomized,Parallel Assignment,3,"Europe, Asia",9.5,5.9,True,2015,2017,Very Small (<30),4,2,6.0,0.64,18.0,False,False,4.25,236.1
NCT2018000426,A Study of Novel Therapy in Patients With Liver Cancer,Liver Cancer,Bristol-Myers Squibb,Phase 3,Completed,202,2021-12-12,2026-10-17,59,Quadruple Blind,Randomized,Single Group Assignment,26,"Europe, Asia",10.5,18.0,True,2021,2026,Medium (100-300),7,2,7.8,3.42,48.0,False,False,77.31,382.7
NCT2018000427,A Study of Novel Therapy in Patients With Breast Cancer,Breast Cancer,Pfizer,Phase 4,Completed,241,2020-02-28,2022-09-15,31,Open Label,Randomized,Parallel Assignment,28,"Asia, South America",39.4,20.2,True,2020,2022,Medium (100-300),4,2,8.6,7.77,34.0,True,True,44.12,183.1
NCT2018000428,A Study of Novel Therapy in Patients With Prostate Cancer,Prostate Cancer,MD Anderson,Phase 2,Completed,135,2017-08-05,2021-07-15,48,Open Label,Randomized,Sequential Assignment,8,Europe,10.8,1.8,True,2017,2021,Medium (100-300),4,1,16.9,2.81,29.0,False,False,19.6,145.2
NCT2018000429,A Study of Novel Therapy in Patients With Breast Cancer,Breast Cancer,Roche,Phase 1,Completed,10,2022-11-14,2024-11-03,24,Quadruple Blind,Randomized,Parallel Assignment,2,"Australia, South America, Asia, North America",19.2,11.4,True,2022,2024,Very Small (<30),9,4,5.0,0.42,18.0,False,False,2.43,243.0
NCT2018000430,A Study of Novel Therapy in Patients With Brain Cancer,Brain Cancer,Johnson & Johnson,Phase 2,Completed,61,2020-04-06,2022-02-25,23,Single Blind,Randomized,Parallel Assignment,5,"Asia, South America, Australia",7.7,15.6,True,2020,2022,Small (30-100),6,3,12.2,2.65,29.0,True,True,5.93,97.2
NCT2018000431,A Study of Novel Therapy in Patients With Breast Cancer,Breast Cancer,National Cancer Institute,Phase 1,Completed,29,2022-12-12,2024-11-01,23,Open Label,Randomized,Single Group Assignment,1,"Australia, Asia, Europe",33.3,25.9,True,2022,2024,Very Small (<30),4,3,29.0,1.26,18.0,False,False,1.24,42.8
NCT2018000432,A Study of Novel Therapy in Patients With Pancreatic Cancer,Pancreatic Cancer,Novartis,Phase 2,Completed,70,2018-08-21,2021-09-04,37,Double Blind,Single Group,Parallel Assignment,10,"Asia, North America, Europe",6.1,10.3,True,2018,2021,Small (30-100),5,3,7.0,1.89,29.0,False,False,18.71,267.3
NCT2018000433,A Study of Novel Therapy in Patients With Brain Cancer,Brain Cancer,AbbVie,Phase 1,Completed,15,2022-10-24,2024-02-16,16,Single Blind,Randomized,Factorial Assignment,2,North America,26.3,3.2,True,2022,2024,Very Small (<30),7,1,7.5,0.94,18.0,True,True,1.64,109.3
NCT2018000434,A Study of Novel Therapy in Patients With Melanoma,Melanoma,Mayo Clinic,Phase 2,Completed,176,2019-01-21,2021-01-10,24,Single Blind,Randomized,Parallel Assignment,6,"Australia, North America, Europe",8.7,16.0,True,2019,2021,Medium (100-300),6,3,29.3,7.33,29.0,True,True,7.73,43.9
NCT2018000435,A Study of Novel Therapy in Patients With Lung Cancer,Lung Cancer,Bristol-Myers Squibb,Phase 1,Completed,10,2019-03-20,2021-03-09,24,Open Label,Single Group,Parallel Assignment,1,"Australia, Europe",12.7,9.9,True,2019,2021,Very Small (<30),2,2,10.0,0.42,18.0,False,False,1.23,123.0
NCT2018000436,A Study of Novel Therapy in Patients With Colorectal Cancer,Colorectal Cancer,Bristol-Myers Squibb,Phase 2,Completed,25,2018-08-06,2021-02-21,31,Triple Blind,Single Group,Parallel Assignment,1,"Australia, Europe, South America, Asia, North America",17.7,9.3,True,2018,2021,Very Small (<30),6,5,25.0,0.81,29.0,False,False,1.62,64.8
NCT2018000437,A Study of Novel Therapy in Patients With Liver Cancer,Liver Cancer,Roche,Phase 2,Completed,64,2018-10-24,2020-08-14,22,Triple Blind,Randomized,Parallel Assignment,3,South America,23.1,3.8,True,2018,2020,Small (30-100),6,1,21.3,2.91,29.0,True,True,3.49,54.5
NCT2018000438,A Study of Novel Therapy in Patients With Gastric Cancer,Gastric Cancer,AbbVie,Phase 2,Completed,146,2018-07-22,2019-05-18,10,Double Blind,Randomized,Parallel Assignment,8,South America,24.9,13.2,True,2018,2019,Medium (100-300),5,1,18.2,14.6,29.0,True,True,4.44,30.4
NCT2018000439,A Study of Novel Therapy in Patients With Ovarian Cancer,Ovarian Cancer,MD Anderson,Phase 2,Completed,135,2015-02-18,2018-03-04,37,Double Blind,Single Group,Parallel Assignment,6,"Asia, North America",5.8,18.4,True,2015,2018,Medium (100-300),4,2,22.5,3.65,29.0,False,False,11.5,85.2
NCT2018000440,A Study of Novel Therapy in Patients With Brain Cancer,Brain Cancer,MD Anderson,Phase 2,Completed,105,2018-12-22,2021-12-06,36,Double Blind,Randomized,Parallel Assignment,4,"North America, Australia",72.9,15.4,False,2018,2021,Medium (100-300),6,2,26.2,2.92,29.0,False,False,7.52,71.6
NCT2018000441,A Study of Novel Therapy in Patients With Lung Cancer,Lung Cancer,AbbVie,Phase 1,Completed,21,2016-11-15,2018-03-10,16,Single Blind,Non-Randomized,Parallel Assignment,1,North America,12.4,21.3,True,2016,2018,Very Small (<30),2,1,21.0,1.31,18.0,True,True,0.86,41.0
NCT2018000442,A Study of Novel Therapy in Patients With Prostate Cancer,Prostate Cancer,National Cancer Institute,Phase 2,Completed,10,2016-12-04,2018-11-24,24,Open Label,Non-Randomized,Parallel Assignment,3,"Europe, North America",20.1,3.6,False,2016,2018,Very Small (<30),2,2,3.3,0.42,29.0,True,False,3.63,363.0
NCT2018000443,A Study of Novel Therapy in Patients With Brain Cancer,Brain Cancer,MD Anderson,Phase 2,Completed,113,2016-11-15,2018-07-08,20,Quadruple Blind,Randomized,Parallel Assignment,7,North America,27.5,12.3,True,2016,2018,Medium (100-300),7,1,16.1,5.65,29.0,True,True,7.34,65.0
NCT2018000444,A Study of Novel Therapy in Patients With Lymphoma,Lymphoma,AstraZeneca,Phase 1,Completed,28,2015-05-27,2017-03-17,22,Open Label,Randomized,Parallel Assignment,1,"Europe, South America",22.3,3.3,True,2015,2017,Very Small (<30),4,2,28.0,1.27,18.0,False,False,1.18,42.1
NCT2018000445,A Study of Novel Therapy in Patients With Lymphoma,Lymphoma,Merck,Phase 2,Completed,97,2016-08-23,2018-04-15,20,Open Label,Randomized,Parallel Assignment,6,"North America, South America, Australia",18.2,9.7,False,2016,2018,Small (30-100),5,3,16.2,4.85,29.0,True,False,6.29,64.8
NCT2018000446,A Study of Novel Therapy in Patients With Breast Cancer,Breast Cancer,MD Anderson,Phase 1,Completed,15,2021-05-05,2023-01-25,21,Double Blind,Single Group,Single Group Assignment,3,"South America, Australia, Europe",6.2,5.1,True,2021,2023,Very Small (<30),4,3,5.0,0.71,18.0,False,False,3.2,213.3
NCT2018000447,A Study of Novel Therapy in Patients With Lung Cancer,Lung Cancer,AbbVie,Phase 3,Completed,537,2018-01-13,2020-01-03,24,Quadruple Blind,Non-Randomized,Parallel Assignment,56,"Asia, Australia",33.3,2.5,False,2018,2020,Very Large (500+),6,2,9.6,22.38,48.0,True,False,68.81,128.1
NCT2018000448,A Study of Novel Therapy in Patients With Liver Cancer,Liver Cancer,MD Anderson,Phase 2,Completed,94,2016-06-18,2017-03-15,9,Triple Blind,Randomized,Crossover Assignment,6,"Europe, North America",36.3,19.1,False,2016,2017,Small (30-100),9,2,15.7,10.44,29.0,True,False,2.98,31.7
NCT2018000449,A Study of Novel Therapy in Patients With Melanoma,Melanoma,Mayo Clinic,Phase 3,Completed,357,2021-02-21,2026-12-22,71,Double Blind,Randomized,Sequential Assignment,24,"Europe, North America, South America",27.1,12.6,True,2021,2026,Large (300-500),8,3,14.9,5.03,48.0,False,False,86.27,241.7
NCT2018000450,A Study of Novel Therapy in Patients With Prostate Cancer,Prostate Cancer,Sanofi,Early Phase 1,Completed,25,2021-02-26,2022-06-21,16,Double Blind,Randomized,Single Group Assignment,2,"North America, Australia, Europe, South America, Asia",10.9,3.5,False,2021,2022,Very Small (<30),6,5,12.5,1.56,19.0,True,False,1.68,67.2
NCT2018000451,A Study of Novel Therapy in Patients With Lung Cancer,Lung Cancer,Merck,Phase 1,Completed,13,2022-11-28,2023-06-26,7,Triple Blind,Randomized,Single Group Assignment,1,Europe,5.4,5.4,True,2022,2023,Very Small (<30),5,1,13.0,1.86,18.0,True,True,0.39,30.0
NCT2018000452,A Study of Novel Therapy in Patients With Pancreatic Cancer,Pancreatic Cancer,Pfizer,Phase 1,Completed,26,2018-12-21,2020-07-13,19,Open Label,Randomized,Parallel Assignment,2,"North America, South America, Asia",24.5,2.8,True,2018,2020,Very Small (<30),5,3,13.0,1.37,18.0,False,False,1.98,76.2
NCT2018000453,A Study of Novel Therapy in Patients With Lung Cancer,Lung Cancer,Novartis,Phase 2,Completed,32,2022-10-26,2024-05-18,19,Double Blind,Randomized,Parallel Assignment,2,"South America, Asia, North America",20.1,31.6,False,2022,2024,Small (30-100),7,3,16.0,1.68,29.0,True,False,2.0,62.5
NCT2018000454,A Study of Novel Therapy in Patients With Colorectal Cancer,Colorectal Cancer,AstraZeneca,Phase 2,Completed,147,2018-01-19,2018-12-15,11,Open Label,Randomized,Parallel Assignment,8,Asia,36.0,8.8,True,2018,2018,Medium (100-300),3,1,18.4,13.36,29.0,True,True,4.84,32.9
NCT2018000455,A Study of Novel Therapy in Patients With Pancreatic Cancer,Pancreatic Cancer,Pfizer,Phase 2,Completed,36,2017-02-26,2018-11-18,21,Triple Blind,Non-Randomized,Crossover Assignment,1,"North America, Australia, South America, Asia",17.4,12.0,False,2017,2018,Small (30-100),8,4,36.0,1.71,29.0,True,False,1.16,32.2
NCT2018000456,A Study of Novel Therapy in Patients With Pancreatic Cancer,Pancreatic Cancer,Bristol-Myers Squibb,Phase 3,Completed,623,2021-12-26,2025-11-05,47,Triple Blind,Randomized,Parallel Assignment,29,"Australia, South America",8.1,13.8,True,2021,2025,Very Large (500+),7,2,21.5,13.26,48.0,True,True,70.02,112.4
NCT2018000457,A Study of Novel Therapy in Patients With Pancreatic Cancer,Pancreatic Cancer,Mayo Clinic,Phase 4,Completed,234,2015-10-06,2016-04-03,6,Double Blind,Non-Randomized,Parallel Assignment,19,"North America, Europe",25.3,4.7,True,2015,2016,Medium (100-300),4,2,12.3,39.0,34.0,True,True,6.4,27.4
NCT2018000458,A Study of Novel Therapy in Patients With Lung Cancer,Lung Cancer,National Cancer Institute,Early Phase 1,Completed,20,2020-09-17,2021-07-14,10,Open Label,Non-Randomized,Single Group Assignment,2,North America,30.6,9.7,False,2020,2021,Very Small (<30),0,1,10.0,2.0,19.0,True,False,1.06,53.0
NCT2018000459,A Study of Novel Therapy in Patients With Brain Cancer,Brain Cancer,Sanofi,Phase 3,Completed,308,2017-03-22,2020-12-31,46,Quadruple Blind,Randomized,Parallel Assignment,16,"Asia, South America",20.4,11.1,True,2017,2020,Large (300-500),8,2,19.2,6.7,48.0,True,True,37.72,122.5
NCT2018000460,A Study of Novel Therapy in Patients With Ovarian Cancer,Ovarian Cancer,Roche,Phase 3,Completed,607,2017-01-16,2022-06-19,66,Double Blind,Randomized,Parallel Assignment,48,"Asia, South America",21.5,8.5,True,2017,2022,Very Large (500+),6,2,12.6,9.2,48.0,False,False,160.22,264.0
NCT2018000461,A Study of Novel Therapy in Patients With Leukemia,Leukemia,Merck,Phase 3,Completed,486,2016-06-08,2018-09-26,28,Open Label,Non-Randomized,Sequential Assignment,22,"North America, South America, Asia, Europe",5.5,10.2,True,2016,2018,Large (300-500),4,4,22.1,17.36,48.0,True,True,32.26,66.4
NCT2018000462,A Study of Novel Therapy in Patients With Prostate Cancer,Prostate Cancer,National Cancer Institute,Phase 2,Completed,163,2022-03-13,2024-03-02,24,Single Blind,Randomized,Parallel Assignment,7,"Europe, Asia, North America, South America, Australia",23.0,5.9,True,2022,2024,Medium (100-300),6,5,23.3,6.79,29.0,True,True,8.89,54.5
NCT2018000463,A Study of Novel Therapy in Patients With Brain Cancer,Brain Cancer,Sanofi,Phase 1,Completed,23,2021-03-25,2022-05-19,14,Single Blind,Single Group,Single Group Assignment,3,"Europe, Australia, North America, South America, Asia",43.6,2.8,False,2021,2022,Very Small (<30),3,5,7.7,1.64,18.0,True,False,2.17,94.3
NCT2018000464,A Study of Novel Therapy in Patients With Brain Cancer,Brain Cancer,Sanofi,Phase 1,Completed,41,2019-01-24,2021-06-12,29,Single Blind,Single Group,Parallel Assignment,2,"Australia, Europe",14.7,9.5,False,2019,2021,Small (30-100),3,2,20.5,1.41,18.0,False,False,3.02,73.7
NCT2018000465,A Study of Novel Therapy in Patients With Lymphoma,Lymphoma,Pfizer,Phase 4,Completed,93,2015-08-24,2018-02-09,30,Triple Blind,Randomized,Single Group Assignment,9,"North America, South America, Europe",28.6,7.8,True,2015,2018,Small (30-100),7,3,10.3,3.1,34.0,True,True,13.78,148.2
NCT2018000466,A Study of Novel Therapy in Patients With Breast Cancer,Breast Cancer,Mayo Clinic,Phase 2,Completed,71,2021-04-05,2022-08-28,17,Single Blind,Randomized,Factorial Assignment,2,"Asia, Europe",50.7,18.2,False,2021,2022,Small (30-100),8,2,35.5,4.18,29.0,True,False,1.91,26.9
NCT2018000467,A Study of Novel Therapy in Patients With Gastric Cancer,Gastric Cancer,National Cancer Institute,Phase 4,Completed,310,2015-08-15,2016-02-11,6,Triple Blind,Single Group,Parallel Assignment,21,"North America, Australia",19.8,5.4,True,2015,2016,Large (300-500),5,2,14.8,51.67,34.0,True,True,7.23,23.3
NCT2018000468,A Study of Novel Therapy in Patients With Ovarian Cancer,Ovarian Cancer,Pfizer,Phase 3,Completed,629,2019-07-25,2024-03-30,57,Open Label,Single Group,Single Group Assignment,70,North America,15.4,13.2,False,2019,2024,Very Large (500+),0,1,9.0,11.04,48.0,False,False,201.39,320.2
NCT2018000469,A Study of Novel Therapy in Patients With Breast Cancer,Breast Cancer,AbbVie,Phase 2,Completed,78,2020-01-04,2021-03-29,15,Single Blind,Randomized,Parallel Assignment,7,Australia,17.7,8.6,False,2020,2021,Small (30-100),4,1,11.1,5.2,29.0,True,False,5.48,70.3
NCT2018000470,A Study of Novel Therapy in Patients With Prostate Cancer,Prostate Cancer,Roche,Phase 2,Completed,102,2020-04-18,2021-06-12,14,Open Label,Randomized,Sequential Assignment,5,"Europe, Asia, Australia",27.6,25.0,False,2020,2021,Medium (100-300),6,3,20.4,7.29,29.0,True,False,3.81,37.4
NCT2018000471,A Study of Novel Therapy in Patients With Lymphoma,Lymphoma,Bristol-Myers Squibb,Phase 2,Completed,30,2015-02-12,2017-10-29,33,Single Blind,Randomized,Single Group Assignment,1,"Australia, Asia",26.6,11.4,True,2015,2017,Small (30-100),4,2,30.0,0.91,29.0,False,False,1.74,58.0
NCT2018000472,A Study of Novel Therapy in Patients With Liver Cancer,Liver Cancer,Mayo Clinic,Phase 2,Completed,120,2016-04-15,2016-10-12,6,Open Label,Randomized,Parallel Assignment,3,Asia,5.1,5.1,True,2016,2016,Medium (100-300),3,1,40.0,20.0,29.0,True,True,1.26,10.5
NCT2018000473,A Study of Novel Therapy in Patients With Colorectal Cancer,Colorectal Cancer,Merck,Phase 1,Completed,13,2015-05-14,2015-11-10,6,Quadruple Blind,Randomized,Parallel Assignment,2,"North America, Asia",7.9,27.0,True,2015,2015,Very Small (<30),8,2,6.5,2.17,18.0,True,True,0.64,49.2
NCT2018000474,A Study of Novel Therapy in Patients With Prostate Cancer,Prostate Cancer,AbbVie,Phase 1,Completed,45,2020-07-19,2022-10-07,27,Single Blind,Non-Randomized,Parallel Assignment,3,"Australia, South America, Europe",32.5,10.7,True,2020,2022,Small (30-100),4,3,15.0,1.67,18.0,False,False,4.18,92.9
NCT2018000475,A Study of Novel Therapy in Patients With Melanoma,Melanoma,Roche,Phase 1,Completed,39,2019-04-16,2021-01-05,21,Single Blind,Randomized,Crossover Assignment,1,"South America, Europe",34.7,21.8,True,2019,2021,Small (30-100),7,2,39.0,1.86,18.0,False,False,1.17,30.0
NCT2018000476,A Study of Novel Therapy in Patients With Ovarian Cancer,Ovarian Cancer,Bristol-Myers Squibb,Phase 1,Completed,19,2017-03-27,2017-11-22,8,Double Blind,Single Group,Crossover Assignment,1,North America,11.3,1.2,False,2017,2017,Very Small (<30),5,1,19.0,2.38,18.0,True,False,0.46,24.2
NCT2018000477,A Study of Novel Therapy in Patients With Brain Cancer,Brain Cancer,Bristol-Myers Squibb,Phase 2,Completed,98,2020-03-07,2022-08-24,30,Double Blind,Randomized,Parallel Assignment,7,South America,14.5,2.4,True,2020,2022,Small (30-100),5,1,14.0,3.27,29.0,False,False,10.79,110.1
NCT2018000478,A Study of Novel Therapy in Patients With Melanoma,Melanoma,Novartis,Phase 1,Completed,10,2015-07-16,2017-08-04,25,Triple Blind,Single Group,Sequential Assignment,1,Australia,29.3,9.9,False,2015,2017,Very Small (<30),5,1,10.0,0.4,18.0,False,False,1.28,128.0
NCT2018000479,A Study of Novel Therapy in Patients With Gastric Cancer,Gastric Cancer,Bristol-Myers Squibb,Phase 2,Completed,142,2022-05-25,2025-11-05,42,Quadruple Blind,Randomized,Parallel Assignment,9,"North America, South America",20.6,9.6,False,2022,2025,Medium (100-300),8,2,15.8,3.38,29.0,False,False,19.33,136.1
NCT2018000480,A Study of Novel Therapy in Patients With Ovarian Cancer,Ovarian Cancer,Novartis,Phase 1,Completed,16,2019-01-13,2020-03-08,14,Double Blind,Randomized,Parallel Assignment,2,Europe,13.9,27.9,True,2019,2020,Very Small (<30),5,1,8.0,1.14,18.0,True,True,1.45,90.6
NCT2018000481,A Study of Novel Therapy in Patients With Melanoma,Melanoma,Merck,Phase 1,Completed,12,2015-02-18,2015-11-15,9,Triple Blind,Non-Randomized,Factorial Assignment,3,"South America, Asia",13.3,6.0,True,2015,2015,Very Small (<30),8,2,4.0,1.33,18.0,True,True,1.39,115.8
NCT2018000482,A Study of Novel Therapy in Patients With Breast Cancer,Breast Cancer,MD Anderson,Phase 2,Completed,142,2020-07-05,2023-06-20,36,Double Blind,Randomized,Parallel Assignment,2,Asia,61.4,3.5,True,2020,2023,Medium (100-300),5,1,71.0,3.94,29.0,False,False,4.03,28.4
NCT2018000483,A Study of Novel Therapy in Patients With Ovarian Cancer,Ovarian Cancer,Novartis,Phase 2,Completed,140,2018-12-15,2021-03-04,27,Double Blind,Randomized,Parallel Assignment,4,"South America, Australia, North America",13.5,8.3,False,2018,2021,Medium (100-300),7,3,35.0,5.19,29.0,True,False,5.82,41.6
NCT2018000484,A Study of Novel Therapy in Patients With Colorectal Cancer,Colorectal Cancer,Merck,Phase 2,Completed,68,2019-08-28,2022-12-10,40,Double Blind,Randomized,Sequential Assignment,8,South America,14.2,11.2,True,2019,2022,Small (30-100),6,1,8.5,1.7,29.0,False,False,16.2,238.2
NCT2018000485,A Study of Novel Therapy in Patients With Colorectal Cancer,Colorectal Cancer,AbbVie,Phase 2,Completed,60,2022-12-19,2025-03-08,27,Triple Blind,Randomized,Parallel Assignment,8,South America,26.4,1.0,True,2022,2025,Small (30-100),6,1,7.5,2.22,29.0,True,True,10.98,183.0
NCT2018000486,A Study of Novel Therapy in Patients With Pancreatic Cancer,Pancreatic Cancer,Bristol-Myers Squibb,Phase 3,Completed,407,2022-09-24,2028-03-26,67,Single Blind,Randomized,Parallel Assignment,18,"South America, North America",40.9,5.4,False,2022,2028,Large (300-500),5,2,22.6,6.07,48.0,False,False,61.52,151.2
NCT2018000487,A Study of Novel Therapy in Patients With Lymphoma,Lymphoma,Roche,Phase 4,Completed,181,2022-12-21,2026-08-02,44,Open Label,Randomized,Parallel Assignment,3,"Asia, South America",21.2,7.6,True,2022,2026,Medium (100-300),4,2,60.3,4.11,34.0,False,False,7.14,39.4
NCT2018000488,A Study of Novel Therapy in Patients With Liver Cancer,Liver Cancer,MD Anderson,Phase 4,Completed,236,2022-12-27,2025-11-11,35,Open Label,Randomized,Single Group Assignment,18,North America,13.7,3.0,True,2022,2025,Medium (100-300),2,1,13.1,6.74,34.0,False,False,32.21,136.5
NCT2018000489,A Study of Novel Therapy in Patients With Gastric Cancer,Gastric Cancer,Roche,Phase 2,Completed,131,2020-03-02,2022-03-22,25,Open Label,Randomized,Sequential Assignment,7,Asia,19.5,9.3,True,2020,2022,Medium (100-300),4,1,18.7,5.24,29.0,True,True,9.14,69.8
NCT2018000490,A Study of Novel Therapy in Patients With Ovarian Cancer,Ovarian Cancer,Merck,Phase 4,Completed,229,2017-02-20,2022-03-26,62,Triple Blind,Randomized,Sequential Assignment,19,Asia,20.0,4.5,True,2017,2022,Medium (100-300),7,1,12.1,3.69,34.0,False,False,59.59,260.2
NCT2018000491,A Study of Novel Therapy in Patients With Colorectal Cancer,Colorectal Cancer,Pfizer,Phase 2,Completed,147,2017-09-10,2019-02-02,17,Single Blind,Randomized,Parallel Assignment,4,Europe,22.9,16.9,True,2017,2019,Medium (100-300),4,1,36.8,8.65,29.0,True,True,3.84,26.1
NCT2018000492,A Study of Novel Therapy in Patients With Ovarian Cancer,Ovarian Cancer,National Cancer Institute,Phase 3,Completed,530,2016-07-15,2021-02-19,56,Quadruple Blind,Randomized,Parallel Assignment,21,"Asia, Australia",13.6,8.1,True,2016,2021,Very Large (500+),8,2,25.2,9.46,48.0,False,False,60.39,113.9
NCT2018000493,A Study of Novel Therapy in Patients With Pancreatic Cancer,Pancreatic Cancer,AbbVie,Phase 2,Completed,55,2020-03-23,2022-05-12,26,Single Blind,Non-Randomized,Parallel Assignment,4,"Europe, Australia, South America, North America",14.1,36.9,True,2020,2022,Small (30-100),4,4,13.8,2.12,29.0,True,True,5.36,97.5
NCT2018000494,A Study of Novel Therapy in Patients With Lymphoma,Lymphoma,Mayo Clinic,Early Phase 1,Completed,27,2016-02-01,2017-09-23,20,Triple Blind,Non-Randomized,Parallel Assignment,1,Australia,16.0,17.2,True,2016,2017,Very Small (<30),4,1,27.0,1.35,19.0,False,False,1.08,40.0
NCT2018000495,A Study of Novel Therapy in Patients With Melanoma,Melanoma,Pfizer,Phase 2,Completed,77,2016-05-22,2019-02-06,33,Open Label,Randomized,Parallel Assignment,5,"Europe, Australia",31.1,17.3,False,2016,2019,Small (30-100),4,2,15.4,2.33,29.0,False,False,8.48,110.1
NCT2018000496,A Study of Novel Therapy in Patients With Colorectal Cancer,Colorectal Cancer,Mayo Clinic,Phase 1,Completed,39,2019-10-12,2021-09-01,23,Single Blind,Single Group,Crossover Assignment,3,Australia,9.1,8.6,True,2019,2021,Small (30-100),4,1,13.0,1.7,18.0,False,False,3.57,91.5
NCT2018000497,A Study of Novel Therapy in Patients With Breast Cancer,Breast Cancer,AbbVie,Phase 3,Completed,442,2018-12-07,2020-03-31,16,Quadruple Blind,Randomized,Crossover Assignment,10,"North America, Europe, Asia, South America, Australia",31.6,7.9,False,2018,2020,Large (300-500),11,5,44.2,27.62,48.0,True,False,9.33,21.1
NCT2018000498,A Study of Novel Therapy in Patients With Liver Cancer,Liver Cancer,Novartis,Phase 1,Completed,23,2017-06-13,2018-02-08,8,Single Blind,Randomized,Parallel Assignment,2,North America,45.6,12.7,True,2017,2018,Very Small (<30),4,1,11.5,2.88,18.0,True,True,0.87,37.8
NCT2018000499,A Study of Novel Therapy in Patients With Leukemia,Leukemia,Mayo Clinic,Phase 2,Completed,52,2019-09-24,2020-03-22,6,Open Label,Randomized,Parallel Assignment,6,"Asia, South America",35.2,14.6,True,2019,2020,Small (30-100),4,2,8.7,8.67,29.0,True,True,1.96,37.7
NCT2018000500,A Study of Novel Therapy in Patients With Lymphoma,Lymphoma,Merck,Phase 2,Completed,95,2016-08-22,2017-11-15,15,Single Blind,Randomized,Single Group Assignment,3,"Australia, North America",16.9,12.2,True,2016,2017,Small (30-100),4,2,31.7,6.33,29.0,True,True,2.54,26.7
NCT2018000501,A Study of Novel Therapy in Patients With Gastric Cancer,Gastric Cancer,National Cancer Institute,Phase 2,Completed,112,2016-12-06,2019-06-24,31,Open Label,Single Group,Parallel Assignment,8,South America,8.7,21.4,False,2016,2019,Medium (100-300),1,1,14.0,3.61,29.0,False,False,12.74,113.8
NCT2018000502,A Study of Novel Therapy in Patients With Gastric Cancer,Gastric Cancer,National Cancer Institute,Phase 2,Completed,41,2019-11-13,2022-03-02,28,Single Blind,Non-Randomized,Factorial Assignment,2,"Europe, South America",16.3,1.0,True,2019,2022,Small (30-100),6,2,20.5,1.46,29.0,True,True,2.92,71.2
NCT2018000503,A Study of Novel Therapy in Patients With Brain Cancer,Brain Cancer,Merck,Phase 2,Completed,111,2017-01-04,2019-05-24,29,Double Blind,Non-Randomized,Parallel Assignment,2,"South America, Asia, North America, Europe, Australia",21.7,9.9,False,2017,2019,Medium (100-300),5,5,55.5,3.83,29.0,True,False,3.23,29.1
NCT2018000504,A Study of Novel Therapy in Patients With Ovarian Cancer,Ovarian Cancer,Sanofi,Phase 3,Completed,402,2022-04-10,2026-07-18,52,Double Blind,Randomized,Parallel Assignment,20,"Australia, North America, South America",9.7,5.8,False,2022,2026,Large (300-500),7,3,20.1,7.73,48.0,False,False,53.21,132.4
NCT2018000505,A Study of Novel Therapy in Patients With Lung Cancer,Lung Cancer,Johnson & Johnson,Phase 4,Completed,137,2022-06-28,2024-08-16,26,Single Blind,Randomized,Parallel Assignment,10,"Asia, Europe, South America",2.9,0.8,True,2022,2024,Medium (100-300),6,3,13.7,5.27,34.0,True,True,13.41,97.9
NCT2018000506,A Study of Novel Therapy in Patients With Lymphoma,Lymphoma,Sanofi,Phase 2,Completed,96,2016-10-22,2018-05-15,19,Single Blind,Randomized,Single Group Assignment,9,"Europe, North America",6.6,5.3,True,2016,2018,Small (30-100),4,2,10.7,5.05,29.0,True,True,8.84,92.1
NCT2018000507,A Study of Novel Therapy in Patients With Lymphoma,Lymphoma,National Cancer Institute,Phase 2,Completed,107,2020-05-11,2023-11-22,43,Open Label,Randomized,Parallel Assignment,7,"Australia, North America",27.9,8.4,False,2020,2023,Medium (100-300),4,2,15.3,2.49,29.0,False,False,15.37,143.6
NCT2018000508,A Study of Novel Therapy in Patients With Lymphoma,Lymphoma,Novartis,Phase 3,Completed,351,2021-06-12,2024-07-26,38,Single Blind,Randomized,Parallel Assignment,17,"Australia, North America",14.7,1.9,False,2021,2024,Large (300-500),5,2,20.6,9.24,48.0,True,False,33.35,95.0
NCT2018000509,A Study of Novel Therapy in Patients With Melanoma,Melanoma,Novartis,Phase 1,Completed,16,2020-03-01,2021-11-21,21,Double Blind,Randomized,Single Group Assignment,2,"South America, Asia",33.5,3.4,True,2020,2021,Very Small (<30),5,2,8.0,0.76,18.0,False,False,2.15,134.4
NCT2018000510,A Study of Novel Therapy in Patients With Breast Cancer,Breast Cancer,AstraZeneca,Phase 2,Completed,116,2021-10-13,2024-01-01,27,Single Blind,Randomized,Parallel Assignment,5,"Australia, Asia",11.7,7.6,True,2021,2024,Medium (100-300),5,2,23.2,4.3,29.0,True,True,7.1,61.2
NCT2018000511,A Study of Novel Therapy in Patients With Lymphoma,Lymphoma,Merck,Phase 2,Completed,84,2022-11-28,2025-07-15,32,Quadruple Blind,Randomized,Sequential Assignment,5,North America,16.4,2.8,True,2022,2025,Small (30-100),8,1,16.8,2.62,29.0,False,False,8.25,98.2
NCT2018000512,A Study of Novel Therapy in Patients With Prostate Cancer,Prostate Cancer,National Cancer Institute,Phase 2,Completed,119,2016-12-28,2019-08-15,32,Double Blind,Randomized,Parallel Assignment,10,"Europe, Asia",30.0,5.4,False,2016,2019,Medium (100-300),6,2,11.9,3.72,29.0,False,False,16.36,137.5
NCT2018000513,A Study of Novel Therapy in Patients With Melanoma,Melanoma,AbbVie,Phase 3,Completed,254,2019-07-22,2023-01-02,42,Double Blind,Randomized,Parallel Assignment,29,"Australia, Europe",30.4,5.5,False,2019,2023,Medium (100-300),6,2,8.8,6.05,48.0,True,False,61.66,242.8
NCT2018000514,A Study of Novel Therapy in Patients With Ovarian Cancer,Ovarian Cancer,Roche,Phase 3,Completed,293,2022-04-22,2027-08-24,65,Quadruple Blind,Non-Randomized,Parallel Assignment,30,"Australia, South America",30.6,6.3,False,2022,2027,Medium (100-300),6,2,9.8,4.51,48.0,False,False,98.38,335.8
NCT2018000515,A Study of Novel Therapy in Patients With Breast Cancer,Breast Cancer,AbbVie,Phase 3,Completed,321,2018-06-15,2022-12-21,55,Open Label,Randomized,Single Group Assignment,19,"South America, Asia, North America",44.3,6.8,False,2018,2022,Large (300-500),4,3,16.9,5.84,48.0,False,False,53.21,165.8
NCT2018000516,A Study of Novel Therapy in Patients With Melanoma,Melanoma,Bristol-Myers Squibb,Phase 3,Completed,377,2017-05-22,2020-07-05,38,Double Blind,Randomized,Parallel Assignment,16,Asia,6.4,4.6,True,2017,2020,Large (300-500),5,1,23.6,9.92,48.0,True,True,31.53,83.6
NCT2018000517,A Study of Novel Therapy in Patients With Lymphoma,Lymphoma,Johnson & Johnson,Phase 2,Completed,99,2015-04-06,2017-06-24,27,Open Label,Randomized,Crossover Assignment,6,"Europe, North America, Asia",17.5,10.6,True,2015,2017,Small (30-100),7,3,16.5,3.67,29.0,True,True,8.4,84.8
NCT2018000518,A Study of Novel Therapy in Patients With Lung Cancer,Lung Cancer,AstraZeneca,Phase 1,Completed,41,2019-02-14,2021-05-04,27,Triple Blind,Non-Randomized,Sequential Assignment,2,"Europe, Australia, North America, Asia",58.7,2.0,True,2019,2021,Small (30-100),7,4,20.5,1.52,18.0,False,False,2.82,68.8
NCT2018000519,A Study of Novel Therapy in Patients With Ovarian Cancer,Ovarian Cancer,Bristol-Myers Squibb,Phase 3,Completed,542,2022-02-08,2026-04-18,51,Double Blind,Non-Randomized,Parallel Assignment,73,"South America, Europe",4.9,4.2,False,2022,2026,Very Large (500+),4,2,7.4,10.63,48.0,False,False,187.78,346.5
NCT2018000520,A Study of Novel Therapy in Patients With Lung Cancer,Lung Cancer,Roche,Phase 1,Completed,10,2018-05-15,2019-10-07,17,Single Blind,Single Group,Parallel Assignment,3,"North America, Asia",15.3,4.2,True,2018,2019,Very Small (<30),3,2,3.3,0.59,18.0,True,True,2.58,258.0
NCT2018000521,A Study of Novel Therapy in Patients With Prostate Cancer,Prostate Cancer,Bristol-Myers Squibb,Phase 2,Completed,23,2017-06-16,2020-10-28,41,Double Blind,Non-Randomized,Parallel Assignment,3,North America,7.9,13.8,False,2017,2020,Very Small (<30),3,1,7.7,0.56,29.0,False,False,6.22,270.4
NCT2018000522,A Study of Novel Therapy in Patients With Prostate Cancer,Prostate Cancer,Bristol-Myers Squibb,Phase 3,Completed,316,2021-05-21,2025-03-01,46,Quadruple Blind,Randomized,Crossover Assignment,13,"Europe, South America",47.8,22.2,True,2021,2025,Large (300-500),10,2,24.3,6.87,48.0,True,True,30.85,97.6
NCT2018000523,A Study of Novel Therapy in Patients With Lymphoma,Lymphoma,Bristol-Myers Squibb,Phase 4,Completed,87,2019-02-27,2022-05-12,39,Triple Blind,Randomized,Sequential Assignment,4,"Asia, South America, North America, Europe",30.6,4.0,False,2019,2022,Small (30-100),9,4,21.8,2.23,34.0,False,False,8.06,92.6
NCT2018000524,A Study of Novel Therapy in Patients With Brain Cancer,Brain Cancer,Sanofi,Phase 3,Completed,386,2021-06-23,2026-01-28,56,Single Blind,Single Group,Parallel Assignment,15,"Australia, North America, Europe",30.0,6.9,True,2021,2026,Large (300-500),4,3,25.7,6.89,48.0,False,False,43.16,111.8
NCT2018000525,A Study of Novel Therapy in Patients With Ovarian Cancer,Ovarian Cancer,Mayo Clinic,Phase 3,Completed,158,2020-08-23,2025-06-28,59,Open Label,Randomized,Single Group Assignment,9,"Europe, North America, Australia",10.3,10.4,True,2020,2025,Medium (100-300),4,3,17.6,2.68,48.0,False,False,27.02,171.0
NCT2018000526,A Study of Novel Therapy in Patients With Pancreatic Cancer,Pancreatic Cancer,Novartis,Phase 2,Completed,135,2016-03-08,2019-03-23,37,Double Blind,Single Group,Crossover Assignment,4,"South America, Asia, Europe",16.6,6.3,True,2016,2019,Medium (100-300),7,3,33.8,3.65,29.0,False,False,7.8,57.8
NCT2018000527,A Study of Novel Therapy in Patients With Melanoma,Melanoma,Roche,Phase 3,Completed,284,2020-05-07,2022-03-28,23,Open Label,Randomized,Parallel Assignment,22,"Australia, Europe, North America, Asia",40.4,17.3,False,2020,2022,Medium (100-300),5,4,12.9,12.35,48.0,True,False,26.15,92.1
NCT2018000528,A Study of Novel Therapy in Patients With Liver Cancer,Liver Cancer,Merck,Phase 3,Completed,480,2016-08-07,2021-01-13,54,Open Label,Single Group,Parallel Assignment,29,"Asia, Europe",22.3,35.1,True,2016,2021,Large (300-500),2,2,16.6,8.89,48.0,False,False,79.74,166.1
NCT2018000529,A Study of Novel Therapy in Patients With Pancreatic Cancer,Pancreatic Cancer,Novartis,Phase 2,Completed,122,2015-12-17,2018-12-01,36,Single Blind,Single Group,Parallel Assignment,9,Europe,3.8,27.5,True,2015,2018,Medium (100-300),2,1,13.6,3.39,29.0,False,False,16.57,135.8
NCT2018000530,A Study of Novel Therapy in Patients With Melanoma,Melanoma,Bristol-Myers Squibb,Phase 4,Completed,203,2022-07-05,2026-03-16,45,Single Blind,Randomized,Parallel Assignment,19,"Europe, South America, North America",10.3,29.3,True,2022,2026,Medium (100-300),6,3,10.7,4.51,34.0,False,False,43.36,213.6
NCT2018000531,A Study of Novel Therapy in Patients With Melanoma,Melanoma,Bristol-Myers Squibb,Phase 1,Completed,37,2018-10-15,2020-12-03,26,Quadruple Blind,Randomized,Single Group Assignment,2,South America,20.9,12.6,True,2018,2020,Small (30-100),6,1,18.5,1.42,18.0,False,False,2.71,73.2
NCT2018000532,A Study of Novel Therapy in Patients With Gastric Cancer,Gastric Cancer,Johnson & Johnson,Phase 2,Completed,58,2018-12-13,2021-03-02,27,Double Blind,Non-Randomized,Parallel Assignment,3,"North America, Asia",47.1,0.8,False,2018,2021,Small (30-100),4,2,19.3,2.15,29.0,True,False,4.22,72.8
NCT2018000533,A Study of Novel Therapy in Patients With Leukemia,Leukemia,National Cancer Institute,Phase 2,Completed,176,2015-01-09,2016-10-30,22,Double Blind,Randomized,Factorial Assignment,7,Australia,4.4,0.8,True,2015,2016,Medium (100-300),8,1,25.1,8.0,29.0,True,True,8.23,46.8
NCT2018000534,A Study of Novel Therapy in Patients With Colorectal Cancer,Colorectal Cancer,AbbVie,Phase 1,Completed,25,2022-06-15,2023-11-07,17,Open Label,Randomized,Single Group Assignment,1,Asia,7.4,10.9,True,2022,2023,Very Small (<30),2,1,25.0,1.47,18.0,True,True,0.92,36.8
NCT2018000535,A Study of Novel Therapy in Patients With Melanoma,Melanoma,Mayo Clinic,Phase 1,Completed,25,2020-07-10,2022-03-02,20,Quadruple Blind,Randomized,Crossover Assignment,2,"South America, Europe",4.6,5.6,True,2020,2022,Very Small (<30),10,2,12.5,1.25,18.0,False,False,2.08,83.2
NCT2018000536,A Study of Novel Therapy in Patients With Colorectal Cancer,Colorectal Cancer,AbbVie,Early Phase 1,Completed,31,2022-01-07,2024-03-27,27,Open Label,Randomized,Parallel Assignment,2,South America,24.5,9.7,True,2022,2024,Small (30-100),3,1,15.5,1.15,19.0,False,False,2.79,90.0
NCT2018000537,A Study of Novel Therapy in Patients With Brain Cancer,Brain Cancer,Pfizer,Early Phase 1,Completed,24,2022-06-23,2023-08-17,14,Double Blind,Randomized,Parallel Assignment,3,"North America, Asia, Australia, South America",10.3,31.7,False,2022,2023,Very Small (<30),7,4,8.0,1.71,19.0,True,False,2.17,90.4
NCT2018000538,A Study of Novel Therapy in Patients With Colorectal Cancer,Colorectal Cancer,Mayo Clinic,Phase 1,Completed,10,2019-10-22,2020-08-17,10,Double Blind,Randomized,Factorial Assignment,3,"Europe, South America, North America",9.5,6.8,True,2019,2020,Very Small (<30),10,3,3.3,1.0,18.0,True,True,1.53,153.0
NCT2018000539,A Study of Novel Therapy in Patients With Lung Cancer,Lung Cancer,AstraZeneca,Phase 2,Completed,163,2015-05-22,2018-07-05,38,Quadruple Blind,Randomized,Parallel Assignment,3,"Europe, North America, South America",41.0,4.1,True,2015,2018,Medium (100-300),9,3,54.3,4.29,29.0,False,False,6.19,38.0
NCT2018000540,A Study of Novel Therapy in Patients With Brain Cancer,Brain Cancer,Sanofi,Phase 3,Completed,543,2019-10-22,2024-10-25,61,Open Label,Single Group,Single Group Assignment,80,"Australia, Europe",28.9,11.5,True,2019,2024,Very Large (500+),1,2,6.8,8.9,48.0,False,False,245.63,452.4
NCT2018000541,A Study of Novel Therapy in Patients With Liver Cancer,Liver Cancer,Bristol-Myers Squibb,Phase 1,Completed,32,2020-01-24,2022-11-09,34,Open Label,Single Group,Parallel Assignment,2,Europe,14.8,11.7,False,2020,2022,Small (30-100),1,1,16.0,0.94,18.0,False,False,3.5,109.4
NCT2018000542,A Study of Novel Therapy in Patients With Lung Cancer,Lung Cancer,Pfizer,Phase 4,Completed,215,2018-03-13,2021-04-26,38,Triple Blind,Randomized,Crossover Assignment,30,Asia,5.9,6.9,True,2018,2021,Medium (100-300),8,1,7.2,5.66,34.0,False,False,57.64,268.1
NCT2018000543,A Study of Novel Therapy in Patients With Melanoma,Melanoma,MD Anderson,Phase 2,Completed,61,2017-06-22,2020-03-08,33,Open Label,Randomized,Parallel Assignment,9,"South America, Asia, Australia, Europe",10.2,2.8,True,2017,2020,Small (30-100),5,4,6.8,1.85,29.0,False,False,15.03,246.4
NCT2018000544,A Study of Novel Therapy in Patients With Leukemia,Leukemia,National Cancer Institute,Phase 2,Completed,142,2017-07-21,2019-11-08,28,Single Blind,Randomized,Parallel Assignment,9,"Europe, South America, Asia",42.3,9.1,True,2017,2019,Medium (100-300),6,3,15.8,5.07,29.0,True,True,13.03,91.8
NCT2018000545,A Study of Novel Therapy in Patients With Melanoma,Melanoma,Sanofi,Phase 2,Completed,84,2021-02-26,2023-04-17,26,Single Blind,Randomized,Parallel Assignment,6,"Australia, South America, Europe",30.8,20.0,True,2021,2023,Small (30-100),6,3,14.0,3.23,29.0,True,True,8.05,95.8
NCT2018000546,A Study of Novel Therapy in Patients With Breast Cancer,Breast Cancer,AbbVie,Phase 2,Completed,91,2016-09-14,2019-03-03,30,Single Blind,Randomized,Single Group Assignment,6,"Australia, North America",6.5,6.1,False,2016,2019,Small (30-100),4,2,15.2,3.03,29.0,False,False,9.27,101.9
NCT2018000547,A Study of Novel Therapy in Patients With Gastric Cancer,Gastric Cancer,MD Anderson,Phase 1,Completed,14,2022-03-26,2024-05-14,26,Open Label,Randomized,Parallel Assignment,3,Australia,15.5,12.8,True,2022,2024,Very Small (<30),3,1,4.7,0.54,18.0,False,False,3.94,281.4
NCT2018000548,A Study of Novel Therapy in Patients With Brain Cancer,Brain Cancer,National Cancer Institute,Phase 3,Completed,311,2019-06-28,2023-03-09,45,Triple Blind,Randomized,Parallel Assignment,29,North America,7.5,17.0,True,2019,2023,Large (300-500),6,1,10.7,6.91,48.0,True,True,66.18,212.8
NCT2018000549,A Study of Novel Therapy in Patients With Lymphoma,Lymphoma,Novartis,Phase 1,Completed,22,2015-03-21,2017-05-09,26,Single Blind,Non-Randomized,Sequential Assignment,3,"South America, Asia",14.6,18.1,True,2015,2017,Very Small (<30),4,2,7.3,0.85,18.0,False,False,3.97,180.5
NCT2018000550,A Study of Novel Therapy in Patients With Leukemia,Leukemia,Mayo Clinic,Early Phase 1,Completed,17,2021-05-03,2022-03-29,11,Open Label,Randomized,Parallel Assignment,1,"Europe, North America, South America",46.8,1.1,True,2021,2022,Very Small (<30),5,3,17.0,1.55,19.0,True,True,0.6,35.3
NCT2018000551,A Study of Novel Therapy in Patients With Prostate Cancer,Prostate Cancer,Johnson & Johnson,Phase 1,Completed,18,2018-02-10,2019-07-05,17,Triple Blind,Randomized,Parallel Assignment,1,Europe,28.1,3.8,True,2018,2019,Very Small (<30),6,1,18.0,1.06,18.0,True,True,0.9,50.0
NCT2018000552,A Study of Novel Therapy in Patients With Brain Cancer,Brain Cancer,Sanofi,Phase 2,Completed,171,2015-08-19,2018-03-06,31,Open Label,Randomized,Crossover Assignment,8,North America,0.5,19.5,True,2015,2018,Medium (100-300),5,1,21.4,5.52,29.0,False,False,12.91,75.5
NCT2018000553,A Study of Novel Therapy in Patients With Lymphoma,Lymphoma,Johnson & Johnson,Phase 3,Completed,391,2022-12-19,2027-04-27,53,Double Blind,Randomized,Parallel Assignment,25,"Australia, South America",28.8,12.1,True,2022,2027,Large (300-500),6,2,15.6,7.38,48.0,False,False,67.42,172.4
NCT2018000554,A Study of Novel Therapy in Patients With Breast Cancer,Breast Cancer,Johnson & Johnson,Phase 1,Completed,28,2020-09-03,2021-03-02,6,Open Label,Non-Randomized,Sequential Assignment,1,"Asia, South America",14.7,10.0,True,2020,2021,Very Small (<30),3,2,28.0,4.67,18.0,True,True,0.38,13.6
NCT2018000555,A Study of Novel Therapy in Patients With Melanoma,Melanoma,Mayo Clinic,Phase 1,Completed,25,2018-08-12,2019-09-06,13,Single Blind,Randomized,Single Group Assignment,3,"Australia, South America",31.8,4.8,True,2018,2019,Very Small (<30),4,2,8.3,1.92,18.0,True,True,2.02,80.8
NCT2018000556,A Study of Novel Therapy in Patients With Gastric Cancer,Gastric Cancer,Johnson & Johnson,Phase 2,Completed,103,2021-11-21,2022-10-17,11,Double Blind,Non-Randomized,Crossover Assignment,4,"Asia, North America",21.8,14.6,False,2021,2022,Medium (100-300),6,2,25.8,9.36,29.0,True,False,2.51,24.4
NCT2018000557,A Study of Novel Therapy in Patients With Prostate Cancer,Prostate Cancer,Roche,Phase 1,Completed,34,2022-02-26,2023-03-23,13,Single Blind,Single Group,Parallel Assignment,1,"North America, Asia",4.8,7.3,False,2022,2023,Small (30-100),3,2,34.0,2.62,18.0,True,False,0.75,22.1
NCT2018000558,A Study of Novel Therapy in Patients With Colorectal Cancer,Colorectal Cancer,Roche,Phase 2,Completed,119,2015-02-11,2016-06-05,16,Single Blind,Non-Randomized,Parallel Assignment,5,"Asia, Australia",10.3,6.3,False,2015,2016,Medium (100-300),3,2,23.8,7.44,29.0,True,False,4.36,36.6
NCT2018000559,A Study of Novel Therapy in Patients With Ovarian Cancer,Ovarian Cancer,Bristol-Myers Squibb,Phase 3,Completed,441,2017-12-28,2021-04-11,40,Double Blind,Non-Randomized,Single Group Assignment,24,"North America, Australia, Asia",11.4,6.2,False,2017,2021,Large (300-500),4,3,18.4,11.02,48.0,True,False,49.32,111.8
NCT2018000560,A Study of Novel Therapy in Patients With Lung Cancer,Lung Cancer,AbbVie,Phase 4,Completed,228,2015-09-04,2017-04-26,20,Open Label,Randomized,Parallel Assignment,21,Asia,38.9,10.2,True,2015,2017,Medium (100-300),3,1,10.9,11.4,34.0,True,True,21.68,95.1
NCT2018000561,A Study of Novel Therapy in Patients With Brain Cancer,Brain Cancer,Mayo Clinic,Phase 3,Completed,41,2016-03-21,2019-07-04,40,Single Blind,Non-Randomized,Parallel Assignment,1,"South America, North America",46.2,13.8,True,2016,2019,Small (30-100),3,2,41.0,1.02,48.0,True,True,2.12,51.7
NCT2018000562,A Study of Novel Therapy in Patients With Leukemia,Leukemia,Bristol-Myers Squibb,Phase 3,Completed,436,2017-02-09,2019-08-28,31,Single Blind,Non-Randomized,Parallel Assignment,17,Australia,11.6,10.0,True,2017,2019,Large (300-500),2,1,25.6,14.06,48.0,True,True,27.66,63.4
NCT2018000563,A Study of Novel Therapy in Patients With Lymphoma,Lymphoma,Johnson & Johnson,Phase 1,Completed,18,2021-08-28,2022-12-21,16,Double Blind,Non-Randomized,Sequential Assignment,2,North America,9.3,3.0,True,2021,2022,Very Small (<30),4,1,9.0,1.12,18.0,True,True,1.65,91.7
NCT2018000564,A Study of Novel Therapy in Patients With Lung Cancer,Lung Cancer,Novartis,Phase 2,Completed,131,2020-06-13,2021-05-09,11,Quadruple Blind,Randomized,Parallel Assignment,2,"Europe, North America, Asia",15.6,27.0,False,2020,2021,Medium (100-300),9,3,65.5,11.91,29.0,True,False,1.49,11.4
NCT2018000565,A Study of Novel Therapy in Patients With Ovarian Cancer,Ovarian Cancer,Bristol-Myers Squibb,Phase 3,Completed,327,2021-07-22,2027-11-18,77,Double Blind,Single Group,Single Group Assignment,20,"North America, Asia, South America, Australia",46.6,20.3,False,2021,2027,Large (300-500),4,4,16.4,4.25,48.0,False,False,77.98,238.5
NCT2018000566,A Study of Novel Therapy in Patients With Prostate Cancer,Prostate Cancer,AbbVie,Phase 2,Completed,174,2022-12-12,2025-09-27,34,Triple Blind,Non-Randomized,Parallel Assignment,5,"North America, Australia, Asia, Europe",21.0,5.0,True,2022,2025,Medium (100-300),6,4,34.8,5.12,29.0,False,False,9.02,51.8
NCT2018000567,A Study of Novel Therapy in Patients With Colorectal Cancer,Colorectal Cancer,AbbVie,Phase 3,Completed,475,2019-04-03,2022-02-16,35,Double Blind,Randomized,Parallel Assignment,30,North America,1.7,8.6,False,2019,2022,Large (300-500),5,1,15.8,13.57,48.0,True,False,53.92,113.5
NCT2018000568,A Study of Novel Therapy in Patients With Melanoma,Melanoma,Merck,Phase 2,Completed,76,2019-12-14,2022-11-28,36,Quadruple Blind,Randomized,Parallel Assignment,7,Australia,29.1,9.4,True,2019,2022,Small (30-100),7,1,10.9,2.11,29.0,False,False,12.83,168.8
NCT2018000569,A Study of Novel Therapy in Patients With Liver Cancer,Liver Cancer,Novartis,Phase 1,Completed,46,2022-05-19,2023-11-10,18,Double Blind,Randomized,Factorial Assignment,3,"Australia, Europe, South America, Asia, North America",22.2,3.1,True,2022,2023,Small (30-100),10,5,15.3,2.56,18.0,True,True,2.84,61.7
NCT2018000570,A Study of Novel Therapy in Patients With Pancreatic Cancer,Pancreatic Cancer,MD Anderson,Phase 3,Completed,274,2017-12-13,2023-08-14,69,Double Blind,Randomized,Parallel Assignment,28,Asia,22.1,15.7,True,2017,2023,Medium (100-300),5,1,9.8,3.97,48.0,False,False,97.42,355.5
NCT2018000571,A Study of Novel Therapy in Patients With Lymphoma,Lymphoma,Johnson & Johnson,Phase 1,Completed,22,2016-02-02,2016-07-31,6,Single Blind,Randomized,Parallel Assignment,1,"Australia, South America",16.9,15.9,True,2016,2016,Very Small (<30),5,2,22.0,3.67,18.0,True,True,0.37,16.8
NCT2018000572,A Study of Novel Therapy in Patients With Lymphoma,Lymphoma,Bristol-Myers Squibb,Phase 2,Completed,94,2022-11-14,2024-11-03,24,Quadruple Blind,Non-Randomized,Sequential Assignment,8,"Europe, Australia, South America",8.3,5.0,False,2022,2024,Small (30-100),8,3,11.8,3.92,29.0,True,False,9.88,105.1
NCT2018000573,A Study of Novel Therapy in Patients With Gastric Cancer,Gastric Cancer,AbbVie,Phase 1,Completed,15,2016-12-07,2017-10-03,10,Single Blind,Randomized,Parallel Assignment,3,"North America, South America",1.3,16.3,True,2016,2017,Very Small (<30),5,2,5.0,1.5,18.0,True,True,1.54,102.7
NCT2018000574,A Study of Novel Therapy in Patients With Melanoma,Melanoma,Pfizer,Phase 2,Completed,81,2017-02-12,2019-08-31,31,Single Blind,Randomized,Parallel Assignment,2,"Europe, South America, North America",32.1,2.0,False,2017,2019,Small (30-100),6,3,40.5,2.61,29.0,False,False,3.34,41.2
NCT2018000575,A Study of Novel Therapy in Patients With Melanoma,Melanoma,Merck,Phase 2,Completed,91,2017-12-16,2019-12-06,24,Open Label,Randomized,Parallel Assignment,2,"Australia, Asia",10.5,9.2,True,2017,2019,Small (30-100),4,2,45.5,3.79,29.0,True,True,2.67,29.3
NCT2018000576,A Study of Novel Therapy in Patients With Lymphoma,Lymphoma,Sanofi,Phase 4,Completed,166,2017-03-17,2018-10-08,19,Double Blind,Non-Randomized,Single Group Assignment,4,"Asia, North America, Australia, Europe",6.7,4.9,True,2017,2018,Medium (100-300),4,4,41.5,8.74,34.0,True,True,4.3,25.9
NCT2018000577,A Study of Novel Therapy in Patients With Leukemia,Leukemia,AbbVie,Phase 4,Completed,258,2015-11-15,2017-09-05,22,Double Blind,Non-Randomized,Sequential Assignment,10,"Asia, North America",7.7,11.1,True,2015,2017,Medium (100-300),5,2,25.8,11.73,34.0,True,True,11.77,45.6
NCT2018000578,A Study of Novel Therapy in Patients With Pancreatic Cancer,Pancreatic Cancer,AbbVie,Phase 1,Completed,13,2015-10-17,2017-10-06,24,Open Label,Randomized,Sequential Assignment,1,"Australia, Europe, North America",21.7,19.0,True,2015,2017,Very Small (<30),6,3,13.0,0.54,18.0,False,False,1.24,95.4
NCT2018000579,A Study of Novel Therapy in Patients With Gastric Cancer,Gastric Cancer,National Cancer Institute,Phase 1,Completed,14,2022-02-26,2024-01-17,23,Double Blind,Randomized,Single Group Assignment,2,"North America, Asia, Europe, Australia",7.0,6.0,True,2022,2024,Very Small (<30),6,4,7.0,0.61,18.0,False,False,2.34,167.1
NCT2018000580,A Study of Novel Therapy in Patients With Leukemia,Leukemia,Johnson & Johnson,Phase 4,Completed,254,2019-02-04,2020-11-25,22,Quadruple Blind,Randomized,Parallel Assignment,15,North America,25.7,1.6,True,2019,2020,Medium (100-300),7,1,16.9,11.55,34.0,True,True,17.26,68.0
NCT2018000581,A Study of Novel Therapy in Patients With Liver Cancer,Liver Cancer,Roche,Early Phase 1,Completed,30,2015-10-11,2017-08-31,23,Open Label,Non-Randomized,Parallel Assignment,1,"South America, Asia",1.7,16.9,True,2015,2017,Small (30-100),2,2,30.0,1.3,19.0,False,False,1.24,41.3
NCT2018000582,A Study of Novel Therapy in Patients With Lung Cancer,Lung Cancer,Pfizer,Phase 4,Completed,196,2018-04-25,2019-09-17,17,Double Blind,Randomized,Single Group Assignment,10,"North America, Asia",10.4,6.8,True,2018,2019,Medium (100-300),5,2,19.6,11.53,34.0,True,True,9.09,46.4
NCT2018000583,A Study of Novel Therapy in Patients With Lymphoma,Lymphoma,Novartis,Phase 2,Completed,33,2022-01-14,2023-12-05,23,Double Blind,Single Group,Parallel Assignment,3,"North America, Europe, Asia, Australia, South America",18.3,13.5,True,2022,2023,Small (30-100),5,5,11.0,1.43,29.0,True,True,3.55,107.6
NCT2018000584,A Study of Novel Therapy in Patients With Liver Cancer,Liver Cancer,AbbVie,Phase 2,Completed,111,2018-03-12,2021-07-24,41,Double Blind,Randomized,Parallel Assignment,8,"Australia, South America, North America, Asia, Europe",6.3,4.7,False,2018,2021,Medium (100-300),7,5,13.9,2.71,29.0,False,False,16.73,150.7
NCT2018000585,A Study of Novel Therapy in Patients With Liver Cancer,Liver Cancer,Roche,Phase 3,Completed,433,2015-01-16,2019-05-25,53,Open Label,Randomized,Single Group Assignment,21,"Europe, Asia, North America",2.3,14.6,True,2015,2019,Large (300-500),4,3,20.6,8.17,48.0,False,False,56.95,131.5
NCT2018000586,A Study of Novel Therapy in Patients With Lung Cancer,Lung Cancer,Bristol-Myers Squibb,Phase 2,Completed,10,2016-07-23,2020-08-31,50,Open Label,Randomized,Single Group Assignment,2,"Europe, Asia, South America, Australia",26.7,4.7,True,2016,2020,Very Small (<30),4,4,5.0,0.2,29.0,False,False,5.03,503.0
NCT2018000587,A Study of Novel Therapy in Patients With Gastric Cancer,Gastric Cancer,Sanofi,Early Phase 1,Completed,26,2019-04-22,2020-07-15,15,Quadruple Blind,Randomized,Parallel Assignment,3,"Europe, North America",10.9,12.7,True,2019,2020,Very Small (<30),8,2,8.7,1.73,19.0,True,True,2.33,89.6
NCT2018000588,A Study of Novel Therapy in Patients With Breast Cancer,Breast Cancer,MD Anderson,Phase 1,Completed,28,2017-07-18,2018-09-11,14,Triple Blind,Non-Randomized,Crossover Assignment,3,North America,35.6,3.5,True,2017,2018,Very Small (<30),6,1,9.3,2.0,18.0,True,True,2.18,77.9
NCT2018000589,A Study of Novel Therapy in Patients With Liver Cancer,Liver Cancer,Sanofi,Phase 4,Completed,286,2016-06-27,2020-05-07,47,Single Blind,Non-Randomized,Parallel Assignment,10,Asia,17.7,7.6,False,2016,2020,Medium (100-300),2,1,28.6,6.09,34.0,False,False,24.36,85.2
NCT2018000590,A Study of Novel Therapy in Patients With Prostate Cancer,Prostate Cancer,Mayo Clinic,Phase 2,Completed,133,2015-05-22,2018-09-03,40,Quadruple Blind,Randomized,Parallel Assignment,6,"Europe, Australia, South America",16.1,7.9,False,2015,2018,Medium (100-300),9,3,22.2,3.32,29.0,False,False,12.4,93.2
NCT2018000591,A Study of Novel Therapy in Patients With Brain Cancer,Brain Cancer,Mayo Clinic,Phase 1,Completed,27,2018-01-07,2019-09-29,21,Quadruple Blind,Non-Randomized,Parallel Assignment,2,"South America, Europe",37.1,6.3,True,2018,2019,Very Small (<30),6,2,13.5,1.29,18.0,False,False,2.18,80.7
NCT2018000592,A Study of Novel Therapy in Patients With Pancreatic Cancer,Pancreatic Cancer,MD Anderson,Phase 3,Completed,67,2017-02-19,2022-05-24,64,Open Label,Randomized,Parallel Assignment,5,"Asia, Europe, Australia, North America",41.7,3.2,False,2017,2022,Small (30-100),5,4,13.4,1.05,48.0,False,False,16.2,241.8
NCT2018000593,A Study of Novel Therapy in Patients With Ovarian Cancer,Ovarian Cancer,National Cancer Institute,Phase 3,Completed,415,2019-11-18,2023-03-02,40,Triple Blind,Randomized,Parallel Assignment,30,Asia,8.0,5.8,True,2019,2023,Large (300-500),6,1,13.8,10.38,48.0,True,True,61.24,147.6
NCT2018000594,A Study of Novel Therapy in Patients With Melanoma,Melanoma,Novartis,Early Phase 1,Completed,31,2022-08-12,2024-03-04,19,Double Blind,Randomized,Single Group Assignment,1,South America,3.6,13.5,True,2022,2024,Small (30-100),4,1,31.0,1.63,19.0,True,True,1.04,33.5
NCT2018000595,A Study of Novel Therapy in Patients With Lymphoma,Lymphoma,Merck,Phase 2,Completed,22,2020-02-19,2021-12-10,22,Triple Blind,Single Group,Parallel Assignment,3,"North America, Europe",8.8,5.5,True,2020,2021,Very Small (<30),5,2,7.3,1.0,29.0,True,True,3.37,153.2
NCT2018000596,A Study of Novel Therapy in Patients With Lung Cancer,Lung Cancer,MD Anderson,Phase 2,Completed,80,2016-01-16,2018-08-03,31,Single Blind,Randomized,Crossover Assignment,7,"Europe, North America, Australia",7.7,10.3,True,2016,2018,Small (30-100),8,3,11.4,2.58,29.0,False,False,11.09,138.6
NCT2018000597,A Study of Novel Therapy in Patients With Breast Cancer,Breast Cancer,AstraZeneca,Phase 2,Completed,37,2018-02-25,2021-02-09,36,Double Blind,Randomized,Parallel Assignment,2,"North America, Australia",21.0,5.1,False,2018,2021,Small (30-100),6,2,18.5,1.03,29.0,False,False,3.71,100.3
NCT2018000598,A Study of Novel Therapy in Patients With Gastric Cancer,Gastric Cancer,Novartis,Phase 2,Completed,53,2017-01-26,2019-10-13,33,Single Blind,Randomized,Single Group Assignment,3,North America,9.4,11.1,True,2017,2019,Small (30-100),3,1,17.7,1.61,29.0,False,False,5.11,96.4
NCT2018000599,A Study of Novel Therapy in Patients With Lymphoma,Lymphoma,Johnson & Johnson,Phase 2,Completed,112,2016-10-25,2020-04-07,42,Single Blind,Single Group,Crossover Assignment,2,"South America, Australia",29.9,5.7,False,2016,2020,Medium (100-300),5,2,56.0,2.67,29.0,False,False,4.54,40.5
NCT2018000600,A Study of Novel Therapy in Patients With Leukemia,Leukemia,MD Anderson,Phase 3,Completed,513,2015-08-17,2019-09-25,50,Single Blind,Randomized,Parallel Assignment,58,"Australia, Europe, Asia",24.5,11.3,True,2015,2019,Very Large (500+),6,3,8.8,10.26,48.0,False,False,146.54,285.7
NCT2018000601,A Study of Novel Therapy in Patients With Leukemia,Leukemia,Johnson & Johnson,Phase 2,Completed,98,2022-12-20,2024-02-13,14,Single Blind,Randomized,Crossover Assignment,2,Australia,26.9,11.2,True,2022,2024,Small (30-100),6,1,49.0,7.0,29.0,True,True,1.69,17.2
NCT2018000602,A Study of Novel Therapy in Patients With Leukemia,Leukemia,Bristol-Myers Squibb,Early Phase 1,Completed,15,2017-03-16,2018-11-06,20,Single Blind,Randomized,Parallel Assignment,1,"Europe, North America",12.0,17.4,True,2017,2018,Very Small (<30),5,2,15.0,0.75,19.0,False,False,1.04,69.3
NCT2018000603,A Study of Novel Therapy in Patients With Ovarian Cancer,Ovarian Cancer,Pfizer,Phase 3,Completed,256,2021-06-07,2023-08-26,27,Quadruple Blind,Non-Randomized,Parallel Assignment,12,"South America, Australia",3.7,15.0,False,2021,2023,Medium (100-300),6,2,21.3,9.48,48.0,True,False,16.97,66.3
NCT2018000604,A Study of Novel Therapy in Patients With Pancreatic Cancer,Pancreatic Cancer,National Cancer Institute,Phase 2,Completed,110,2020-10-10,2023-02-27,29,Single Blind,Randomized,Parallel Assignment,2,"North America, Europe",33.0,17.2,False,2020,2023,Medium (100-300),5,2,55.0,3.79,29.0,True,False,3.23,29.4
NCT2018000605,A Study of Novel Therapy in Patients With Prostate Cancer,Prostate Cancer,Merck,Phase 2,Completed,92,2022-12-25,2024-08-16,20,Quadruple Blind,Randomized,Single Group Assignment,5,"North America, Asia",12.0,5.6,True,2022,2024,Small (30-100),7,2,18.4,4.6,29.0,True,True,5.28,57.4
NCT2018000606,A Study of Novel Therapy in Patients With Ovarian Cancer,Ovarian Cancer,Novartis,Phase 2,Completed,142,2017-05-15,2021-05-24,49,Open Label,Randomized,Crossover Assignment,2,"Europe, Australia, South America, North America, Asia",33.8,14.3,False,2017,2021,Medium (100-300),7,5,71.0,2.9,29.0,False,False,5.33,37.5
NCT2018000607,A Study of Novel Therapy in Patients With Leukemia,Leukemia,AbbVie,Phase 3,Completed,425,2018-03-07,2023-04-10,62,Open Label,Non-Randomized,Sequential Assignment,10,"Europe, South America, Asia",30.5,15.5,False,2018,2023,Large (300-500),4,3,42.5,6.85,48.0,False,False,32.28,76.0
NCT2018000608,A Study of Novel Therapy in Patients With Prostate Cancer,Prostate Cancer,Bristol-Myers Squibb,Phase 1,Completed,18,2022-04-12,2023-10-04,18,Triple Blind,Non-Randomized,Sequential Assignment,3,"North America, Australia, South America, Asia",25.8,28.3,False,2022,2023,Very Small (<30),7,4,6.0,1.0,18.0,True,False,2.75,152.8
NCT2018000609,A Study of Novel Therapy in Patients With Lymphoma,Lymphoma,Mayo Clinic,Phase 1,Completed,28,2020-06-20,2022-03-12,21,Single Blind,Non-Randomized,Sequential Assignment,3,"Australia, Asia",17.0,20.9,False,2020,2022,Very Small (<30),4,2,9.3,1.33,18.0,False,False,3.23,115.4
NCT2018000610,A Study of Novel Therapy in Patients With Breast Cancer,Breast Cancer,MD Anderson,Phase 2,Completed,133,2019-03-28,2022-11-07,44,Double Blind,Randomized,Parallel Assignment,3,"Australia, North America, South America",6.3,13.3,True,2019,2022,Medium (100-300),7,3,44.3,3.02,29.0,False,False,7.0,52.6
NCT2018000611,A Study of Novel Therapy in Patients With Liver Cancer,Liver Cancer,AbbVie,Phase 3,Completed,265,2020-08-17,2024-10-25,51,Single Blind,Randomized,Parallel Assignment,25,"South America, Australia, Europe",9.1,2.9,False,2020,2024,Medium (100-300),6,3,10.6,5.2,48.0,False,False,64.54,243.5
NCT2018000612,A Study of Novel Therapy in Patients With Pancreatic Cancer,Pancreatic Cancer,MD Anderson,Phase 3,Completed,617,2015-04-08,2019-03-18,48,Triple Blind,Randomized,Parallel Assignment,33,"South America, Europe",12.8,4.8,False,2015,2019,Very Large (500+),7,2,18.7,12.85,48.0,True,False,81.05,131.4
NCT2018000613,A Study of Novel Therapy in Patients With Ovarian Cancer,Ovarian Cancer,Novartis,Phase 2,Completed,91,2017-02-10,2019-07-30,30,Single Blind,Randomized,Single Group Assignment,9,"Asia, South America",22.5,14.9,True,2017,2019,Small (30-100),4,2,10.1,3.03,29.0,False,False,13.77,151.3
NCT2018000614,A Study of Novel Therapy in Patients With Leukemia,Leukemia,Sanofi,Phase 2,Completed,108,2020-05-13,2022-01-03,20,Open Label,Randomized,Parallel Assignment,3,"North America, Asia",14.2,16.8,False,2020,2022,Medium (100-300),4,2,36.0,5.4,29.0,True,False,3.32,30.7
NCT2018000615,A Study of Novel Therapy in Patients With Liver Cancer,Liver Cancer,Novartis,Phase 2,Completed,136,2019-04-04,2022-10-15,43,Open Label,Randomized,Single Group Assignment,7,Asia,4.6,0.7,True,2019,2022,Medium (100-300),2,1,19.4,3.16,29.0,False,False,15.46,113.7
NCT2018000616,A Study of Novel Therapy in Patients With Liver Cancer,Liver Cancer,Bristol-Myers Squibb,Phase 3,Completed,358,2018-12-20,2024-06-21,67,Quadruple Blind,Single Group,Crossover Assignment,27,"North America, Asia, Europe, South America",16.0,26.4,False,2018,2024,Large (300-500),9,4,13.3,5.34,48.0,False,False,91.52,255.6
NCT2018000617,A Study of Novel Therapy in Patients With Lymphoma,Lymphoma,National Cancer Institute,Phase 2,Completed,152,2015-08-21,2017-06-11,22,Double Blind,Non-Randomized,Parallel Assignment,8,Europe,10.7,21.5,True,2015,2017,Medium (100-300),3,1,19.0,6.91,29.0,True,True,9.26,60.9
NCT2018000618,A Study of Novel Therapy in Patients With Ovarian Cancer,Ovarian Cancer,Sanofi,Phase 2,Completed,79,2022-06-26,2023-12-18,18,Open Label,Non-Randomized,Parallel Assignment,8,South America,46.6,7.7,False,2022,2023,Small (30-100),1,1,9.9,4.39,29.0,True,False,7.44,94.2
NCT2018000619,A Study of Novel Therapy in Patients With Colorectal Cancer,Colorectal Cancer,National Cancer Institute,Phase 1,Completed,16,2017-05-24,2019-03-15,22,Open Label,Non-Randomized,Crossover Assignment,2,South America,15.6,17.6,True,2017,2019,Very Small (<30),3,1,8.0,0.73,18.0,False,False,2.25,140.6
NCT2018000620,A Study of Novel Therapy in Patients With Gastric Cancer,Gastric Cancer,AbbVie,Phase 2,Completed,117,2019-06-19,2022-06-03,36,Open Label,Non-Randomized,Sequential Assignment,4,"Asia, South America, Europe, North America, Australia",16.9,0.9,True,2019,2022,Medium (100-300),4,5,29.2,3.25,29.0,False,False,7.55,64.5
NCT2018000621,A Study of Novel Therapy in Patients With Brain Cancer,Brain Cancer,Novartis,Phase 2,Completed,10,2020-10-15,2024-08-25,47,Double Blind,Randomized,Parallel Assignment,3,"North America, South America",21.5,8.1,True,2020,2024,Very Small (<30),6,2,3.3,0.21,29.0,False,False,7.08,708.0
NCT2018000622,A Study of Novel Therapy in Patients With Lymphoma,Lymphoma,Bristol-Myers Squibb,Phase 1,Completed,22,2018-04-10,2019-12-31,21,Double Blind,Randomized,Parallel Assignment,3,Asia,15.3,6.5,False,2018,2019,Very Small (<30),5,1,7.3,1.05,18.0,False,False,3.22,146.4
NCT2018000623,A Study of Novel Therapy in Patients With Colorectal Cancer,Colorectal Cancer,Novartis,Phase 2,Completed,62,2017-09-14,2019-05-07,20,Single Blind,Randomized,Factorial Assignment,5,Europe,49.7,5.6,True,2017,2019,Small (30-100),7,1,12.4,3.1,29.0,True,True,5.19,83.7
NCT2018000624,A Study of Novel Therapy in Patients With Liver Cancer,Liver Cancer,Sanofi,Phase 3,Completed,303,2017-10-19,2023-09-18,72,Quadruple Blind,Randomized,Single Group Assignment,24,North America,9.2,14.6,False,2017,2023,Large (300-500),6,1,12.6,4.21,48.0,False,False,87.31,288.2
NCT2018000625,A Study of Novel Therapy in Patients With Lymphoma,Lymphoma,National Cancer Institute,Phase 2,Completed,34,2018-09-11,2020-02-03,17,Quadruple Blind,Single Group,Parallel Assignment,3,North America,22.3,17.7,True,2018,2020,Small (30-100),5,1,11.3,2.0,29.0,True,True,2.65,77.9
NCT2018000626,A Study of Novel Therapy in Patients With Brain Cancer,Brain Cancer,AstraZeneca,Phase 4,Completed,181,2019-07-20,2021-12-06,29,Triple Blind,Non-Randomized,Parallel Assignment,4,"South America, Australia, Europe, North America",42.6,4.2,True,2019,2021,Medium (100-300),6,4,45.2,6.24,34.0,True,True,6.34,35.0
NCT2018000627,A Study of Novel Therapy in Patients With Gastric Cancer,Gastric Cancer,Pfizer,Phase 1,Completed,15,2018-03-09,2019-01-03,10,Triple Blind,Randomized,Single Group Assignment,1,"Europe, South America, Australia",4.7,12.2,False,2018,2019,Very Small (<30),7,3,15.0,1.5,18.0,True,False,0.55,36.7
NCT2018000628,A Study of Novel Therapy in Patients With Leukemia,Leukemia,Novartis,Phase 2,Completed,120,2016-09-25,2020-03-08,42,Triple Blind,Randomized,Parallel Assignment,5,"South America, North America",22.2,13.4,True,2016,2020,Medium (100-300),7,2,24.0,2.86,29.0,False,False,10.86,90.5
NCT2018000629,A Study of Novel Therapy in Patients With Gastric Cancer,Gastric Cancer,Sanofi,Phase 3,Completed,486,2021-06-24,2025-04-04,46,Single Blind,Randomized,Parallel Assignment,18,Europe,19.3,8.9,True,2021,2025,Large (300-500),4,1,27.0,10.57,48.0,True,True,42.86,88.2
NCT2018000630,A Study of Novel Therapy in Patients With Brain Cancer,Brain Cancer,Sanofi,Phase 3,Completed,308,2016-02-18,2020-09-24,56,Double Blind,Non-Randomized,Parallel Assignment,25,"Europe, Australia, North America",20.6,38.7,False,2016,2020,Large (300-500),5,3,12.3,5.5,48.0,False,False,70.92,230.3
NCT2018000631,A Study of Novel Therapy in Patients With Lung Cancer,Lung Cancer,AbbVie,Phase 1,Completed,36,2021-03-03,2022-08-25,18,Double Blind,Randomized,Parallel Assignment,2,"Europe, North America",11.0,12.1,False,2021,2022,Small (30-100),6,2,18.0,2.0,18.0,True,False,1.91,53.1
NCT2018000632,A Study of Novel Therapy in Patients With Brain Cancer,Brain Cancer,Mayo Clinic,Phase 2,Completed,96,2015-11-26,2016-05-24,6,Double Blind,Non-Randomized,Single Group Assignment,3,"Asia, South America",23.4,2.8,True,2015,2016,Small (30-100),3,2,32.0,16.0,29.0,True,True,1.19,12.4
NCT2018000633,A Study of Novel Therapy in Patients With Lymphoma,Lymphoma,Merck,Phase 1,Completed,24,2018-06-08,2019-11-30,18,Open Label,Randomized,Parallel Assignment,1,"Europe, North America",21.1,8.6,True,2018,2019,Very Small (<30),4,2,24.0,1.33,18.0,True,True,0.97,40.4
NCT2018000634,A Study of Novel Therapy in Patients With Liver Cancer,Liver Cancer,Roche,Phase 4,Completed,241,2017-01-14,2020-05-28,41,Double Blind,Non-Randomized,Parallel Assignment,30,Europe,15.8,9.3,False,2017,2020,Medium (100-300),3,1,8.0,5.88,34.0,False,False,62.22,258.2
NCT2018000635,A Study of Novel Therapy in Patients With Lymphoma,Lymphoma,Novartis,Phase 2,Completed,56,2018-04-04,2020-07-22,28,Single Blind,Randomized,Parallel Assignment,7,Europe,10.3,6.0,True,2018,2020,Small (30-100),4,1,8.0,2.0,29.0,True,True,9.97,178.0
NCT2018000636,A Study of Novel Therapy in Patients With Melanoma,Melanoma,MD Anderson,Phase 1,Completed,19,2020-01-03,2021-07-26,19,Triple Blind,Randomized,Crossover Assignment,2,"North America, Europe, South America, Australia, Asia",3.2,2.5,False,2020,2021,Very Small (<30),10,5,9.5,1.0,18.0,False,False,1.96,103.2
NCT2018000637,A Study of Novel Therapy in Patients With Liver Cancer,Liver Cancer,Mayo Clinic,Phase 3,Completed,500,2017-06-06,2021-08-14,51,Double Blind,Single Group,Parallel Assignment,74,"North America, Asia, Australia",41.1,7.5,False,2017,2021,Very Large (500+),5,3,6.8,9.8,48.0,False,False,190.2,380.4
NCT2018000638,A Study of Novel Therapy in Patients With Lymphoma,Lymphoma,AbbVie,Phase 2,Completed,100,2018-09-19,2020-05-11,20,Double Blind,Randomized,Parallel Assignment,3,"South America, Europe",25.5,8.2,True,2018,2020,Medium (100-300),6,2,33.3,5.0,29.0,True,True,3.3,33.0
NCT2018000639,A Study of Novel Therapy in Patients With Leukemia,Leukemia,Sanofi,Phase 1,Completed,37,2019-04-05,2021-04-24,25,Single Blind,Non-Randomized,Parallel Assignment,3,"South America, Asia",29.5,3.5,True,2019,2021,Small (30-100),3,2,12.3,1.48,18.0,False,False,3.86,104.3
NCT2018000640,A Study of Novel Therapy in Patients With Breast Cancer,Breast Cancer,AbbVie,Phase 2,Completed,129,2021-11-27,2023-10-18,23,Open Label,Randomized,Crossover Assignment,7,"Europe, North America",2.2,7.6,False,2021,2023,Medium (100-300),6,2,18.4,5.61,29.0,True,False,8.44,65.4
NCT2018000641,A Study of Novel Therapy in Patients With Prostate Cancer,Prostate Cancer,MD Anderson,Phase 3,Completed,439,2018-10-28,2020-05-20,19,Single Blind,Randomized,Parallel Assignment,10,South America,11.8,1.1,True,2018,2020,Large (300-500),4,1,43.9,23.11,48.0,True,True,10.82,24.6
NCT2018000642,A Study of Novel Therapy in Patients With Liver Cancer,Liver Cancer,Roche,Phase 1,Completed,30,2018-03-03,2019-07-26,17,Open Label,Randomized,Crossover Assignment,1,North America,6.9,4.4,True,2018,2019,Small (30-100),5,1,30.0,1.76,18.0,True,True,0.94,31.3
NCT2018000643,A Study of Novel Therapy in Patients With Colorectal Cancer,Colorectal Cancer,Mayo Clinic,Phase 2,Completed,126,2018-04-14,2020-08-31,29,Open Label,Randomized,Parallel Assignment,9,"Europe, Asia, Australia, North America, South America",11.3,1.1,True,2018,2020,Medium (100-300),5,5,14.0,4.34,29.0,True,True,13.43,106.6
NCT2018000644,A Study of Novel Therapy in Patients With Brain Cancer,Brain Cancer,Johnson & Johnson,Phase 1,Completed,28,2021-03-27,2022-07-20,16,Quadruple Blind,Randomized,Crossover Assignment,2,"Asia, Europe, Australia, North America",42.3,7.4,True,2021,2022,Very Small (<30),11,4,14.0,1.75,18.0,True,True,1.68,60.0
NCT2018000645,A Study of Novel Therapy in Patients With Brain Cancer,Brain Cancer,Bristol-Myers Squibb,Phase 2,Completed,92,2021-09-20,2024-09-04,36,Single Blind,Randomized,Single Group Assignment,5,Europe,11.9,3.2,True,2021,2024,Small (30-100),3,1,18.4,2.56,29.0,False,False,9.28,100.9
NCT2018000646,A Study of Novel Therapy in Patients With Gastric Cancer,Gastric Cancer,Mayo Clinic,Phase 4,Completed,269,2020-08-13,2022-05-05,21,Quadruple Blind,Single Group,Factorial Assignment,21,"Asia, North America",21.1,5.7,True,2020,2022,Medium (100-300),9,2,12.8,12.81,34.0,True,True,22.86,85.0
NCT2018000647,A Study of Novel Therapy in Patients With Lung Cancer,Lung Cancer,Johnson & Johnson,Phase 1,Completed,17,2017-04-25,2018-11-16,19,Single Blind,Randomized,Sequential Assignment,3,"South America, Asia",32.6,7.5,True,2017,2018,Very Small (<30),6,2,5.7,0.89,18.0,False,False,2.9,170.6
NCT2018000648,A Study of Novel Therapy in Patients With Lymphoma,Lymphoma,Mayo Clinic,Phase 3,Completed,73,2018-04-16,2021-07-29,40,Open Label,Non-Randomized,Single Group Assignment,2,"Europe, Asia, South America",10.3,13.5,True,2018,2021,Small (30-100),2,3,36.5,1.82,48.0,True,True,4.22,57.8
NCT2018000649,A Study of Novel Therapy in Patients With Melanoma,Melanoma,Merck,Phase 3,Completed,422,2017-01-04,2020-02-18,38,Triple Blind,Non-Randomized,Sequential Assignment,22,"North America, Europe, South America",14.4,17.7,True,2017,2020,Large (300-500),7,3,19.2,11.11,48.0,True,True,43.07,102.1
NCT2018000650,A Study of Novel Therapy in Patients With Gastric Cancer,Gastric Cancer,Bristol-Myers Squibb,Phase 2,Completed,80,2021-10-10,2023-07-02,21,Double Blind,Non-Randomized,Sequential Assignment,3,Australia,17.1,9.6,False,2021,2023,Small (30-100),4,1,26.7,3.81,29.0,True,False,3.39,42.4
NCT2018000651,A Study of Novel Therapy in Patients With Colorectal Cancer,Colorectal Cancer,Bristol-Myers Squibb,Phase 2,Completed,98,2018-12-13,2020-12-02,24,Double Blind,Randomized,Parallel Assignment,9,North America,8.7,20.6,False,2018,2020,Small (30-100),5,1,10.9,4.08,29.0,True,False,11.09,113.2
NCT2018000652,A Study of Novel Therapy in Patients With Lymphoma,Lymphoma,MD Anderson,Phase 2,Completed,75,2019-12-14,2021-07-06,19,Open Label,Randomized,Single Group Assignment,5,"Australia, North America",5.0,4.7,True,2019,2021,Small (30-100),3,2,15.0,3.95,29.0,True,True,4.97,66.3
NCT2018000653,A Study of Novel Therapy in Patients With Colorectal Cancer,Colorectal Cancer,Merck,Phase 3,Completed,545,2015-12-06,2020-05-13,54,Triple Blind,Randomized,Factorial Assignment,75,"Australia, North America",13.1,13.0,False,2015,2020,Very Large (500+),10,2,7.3,10.09,48.0,False,False,204.14,374.6
NCT2018000654,A Study of Novel Therapy in Patients With Melanoma,Melanoma,Novartis,Phase 1,Completed,17,2021-02-09,2023-04-30,27,Open Label,Randomized,Parallel Assignment,2,"North America, Australia, South America",17.1,4.1,True,2021,2023,Very Small (<30),5,3,8.5,0.63,18.0,False,False,2.75,161.8
NCT2018000655,A Study of Novel Therapy in Patients With Liver Cancer,Liver Cancer,National Cancer Institute,Early Phase 1,Completed,12,2015-02-07,2016-07-01,17,Double Blind,Randomized,Single Group Assignment,2,"South America, Asia, Australia, Europe",19.7,3.0,True,2015,2016,Very Small (<30),6,4,6.0,0.71,19.0,True,True,1.74,145.0
NCT2018000656,A Study of Novel Therapy in Patients With Leukemia,Leukemia,AstraZeneca,Phase 3,Completed,341,2018-06-22,2021-02-06,32,Single Blind,Non-Randomized,Factorial Assignment,20,"North America, South America, Asia",9.0,6.1,True,2018,2021,Large (300-500),7,3,17.0,10.66,48.0,True,True,33.02,96.8
NCT2018000657,A Study of Novel Therapy in Patients With Colorectal Cancer,Colorectal Cancer,Pfizer,Phase 3,Completed,226,2016-09-09,2019-06-26,34,Quadruple Blind,Non-Randomized,Parallel Assignment,24,"South America, Australia",24.9,22.2,False,2016,2019,Medium (100-300),6,2,9.4,6.65,48.0,True,False,41.48,183.5
NCT2018000658,A Study of Novel Therapy in Patients With Liver Cancer,Liver Cancer,AstraZeneca,Phase 1,Completed,12,2015-11-12,2017-06-04,19,Triple Blind,Single Group,Single Group Assignment,3,"Australia, South America",34.1,24.3,True,2015,2017,Very Small (<30),4,2,4.0,0.63,18.0,False,False,2.89,240.8
NCT2018000659,A Study of Novel Therapy in Patients With Lung Cancer,Lung Cancer,AstraZeneca,Phase 3,Completed,445,2021-08-22,2024-02-08,30,Triple Blind,Single Group,Single Group Assignment,19,"Europe, North America",25.2,11.0,True,2021,2024,Large (300-500),4,2,23.4,14.83,48.0,True,True,29.84,67.1
NCT2018000660,A Study of Novel Therapy in Patients With Melanoma,Melanoma,MD Anderson,Phase 3,Completed,564,2022-03-15,2023-06-08,15,Quadruple Blind,Randomized,Single Group Assignment,35,North America,28.8,9.2,True,2022,2023,Very Large (500+),6,1,16.1,37.6,48.0,True,True,27.94,49.5
NCT2018000661,A Study of Novel Therapy in Patients With Breast Cancer,Breast Cancer,Roche,Early Phase 1,Completed,37,2020-07-25,2021-11-17,16,Open Label,Non-Randomized,Single Group Assignment,3,Europe,9.7,7.1,False,2020,2021,Small (30-100),0,1,12.3,2.31,19.0,True,False,2.51,67.8
NCT2018000662,A Study of Novel Therapy in Patients With Brain Cancer,Brain Cancer,Novartis,Phase 3,Completed,662,2020-04-19,2025-06-22,63,Triple Blind,Non-Randomized,Single Group Assignment,44,"South America, Australia, North America, Asia",16.3,11.0,True,2020,2025,Very Large (500+),5,4,15.0,10.51,48.0,False,False,140.59,212.4
NCT2018000663,A Study of Novel Therapy in Patients With Lung Cancer,Lung Cancer,Novartis,Phase 2,Completed,150,2020-12-19,2022-08-11,20,Quadruple Blind,Non-Randomized,Parallel Assignment,7,Asia,27.4,17.2,False,2020,2022,Medium (100-300),5,1,21.4,7.5,29.0,True,False,7.45,49.7
NCT2018000664,A Study of Novel Therapy in Patients With Breast Cancer,Breast Cancer,Bristol-Myers Squibb,Phase 2,Completed,87,2015-10-18,2017-05-10,19,Open Label,Randomized,Parallel Assignment,7,"Europe, Australia, North America",15.0,4.8,True,2015,2017,Small (30-100),5,3,12.4,4.58,29.0,True,True,6.91,79.4
NCT2018000665,A Study of Novel Therapy in Patients With Brain Cancer,Brain Cancer,AstraZeneca,Phase 2,Completed,90,2017-05-27,2020-09-08,40,Open Label,Non-Randomized,Parallel Assignment,6,North America,6.8,7.8,True,2017,2020,Small (30-100),1,1,15.0,2.25,29.0,False,False,12.27,136.3
NCT2018000666,A Study of Novel Therapy in Patients With Gastric Cancer,Gastric Cancer,Novartis,Phase 2,Completed,41,2019-12-19,2021-04-12,16,Single Blind,Non-Randomized,Parallel Assignment,3,"North America, Asia, Australia, South America, Europe",34.2,2.7,False,2019,2021,Small (30-100),4,5,13.7,2.56,29.0,True,False,2.52,61.5
NCT2018000667,A Study of Novel Therapy in Patients With Colorectal Cancer,Colorectal Cancer,Sanofi,Phase 1,Completed,33,2021-05-27,2022-11-18,18,Double Blind,Non-Randomized,Factorial Assignment,3,"South America, Australia",22.5,8.8,False,2021,2022,Small (30-100),7,2,11.0,1.83,18.0,True,False,2.8,84.8
NCT2018000668,A Study of Novel Therapy in Patients With Lymphoma,Lymphoma,Novartis,Phase 3,Completed,85,2019-05-23,2024-02-26,58,Quadruple Blind,Non-Randomized,Single Group Assignment,3,Australia,14.0,15.2,False,2019,2024,Small (30-100),4,1,28.3,1.47,48.0,False,False,8.96,105.4
NCT2018000669,A Study of Novel Therapy in Patients With Gastric Cancer,Gastric Cancer,Bristol-Myers Squibb,Phase 1,Completed,56,2022-11-06,2023-12-01,13,Double Blind,Randomized,Parallel Assignment,4,Europe,39.7,6.4,True,2022,2023,Small (30-100),5,1,14.0,4.31,18.0,True,True,2.77,49.5
NCT2018000670,A Study of Novel Therapy in Patients With Gastric Cancer,Gastric Cancer,National Cancer Institute,Phase 1,Completed,35,2016-11-26,2018-07-19,20,Quadruple Blind,Randomized,Factorial Assignment,2,"Europe, North America, South America",10.9,23.5,True,2016,2018,Small (30-100),12,3,17.5,1.75,18.0,False,False,2.1,60.0
NCT2018000671,A Study of Novel Therapy in Patients With Breast Cancer,Breast Cancer,Novartis,Phase 2,Completed,129,2020-10-14,2022-10-04,24,Quadruple Blind,Non-Randomized,Parallel Assignment,2,South America,34.7,29.7,True,2020,2022,Medium (100-300),5,1,64.5,5.38,29.0,True,True,2.79,21.6
NCT2018000672,A Study of Novel Therapy in Patients With Colorectal Cancer,Colorectal Cancer,MD Anderson,Phase 3,Completed,391,2021-12-26,2024-12-10,36,Double Blind,Randomized,Parallel Assignment,30,"South America, Asia",26.3,3.6,True,2021,2024,Large (300-500),6,2,13.0,10.86,48.0,True,True,55.17,141.1
NCT2018000673,A Study of Novel Therapy in Patients With Lung Cancer,Lung Cancer,Sanofi,Phase 1,Completed,20,2018-01-19,2019-09-11,20,Double Blind,Randomized,Parallel Assignment,3,Australia,25.0,12.3,True,2018,2019,Very Small (<30),5,1,6.7,1.0,18.0,False,False,3.06,153.0
NCT2018000674,A Study of Novel Therapy in Patients With Liver Cancer,Liver Cancer,Mayo Clinic,Phase 2,Completed,128,2021-05-19,2025-09-25,53,Open Label,Randomized,Single Group Assignment,10,North America,51.9,12.0,True,2021,2025,Medium (100-300),2,1,12.8,2.42,29.0,False,False,26.88,210.0
NCT2018000675,A Study of Novel Therapy in Patients With Ovarian Cancer,Ovarian Cancer,Sanofi,Phase 3,Completed,146,2016-09-27,2022-06-28,70,Double Blind,Non-Randomized,Crossover Assignment,3,"Europe, North America, South America",25.0,9.0,False,2016,2022,Medium (100-300),7,3,48.7,2.09,48.0,False,False,10.94,74.9
NCT2018000676,A Study of Novel Therapy in Patients With Breast Cancer,Breast Cancer,AbbVie,Phase 3,Completed,509,2022-06-04,2026-10-11,53,Open Label,Randomized,Single Group Assignment,25,"North America, Australia",23.6,3.0,False,2022,2026,Very Large (500+),3,2,20.4,9.6,48.0,False,False,67.78,133.2
NCT2018000677,A Study of Novel Therapy in Patients With Leukemia,Leukemia,AbbVie,Phase 2,Completed,55,2017-07-22,2020-10-04,39,Open Label,Randomized,Sequential Assignment,10,"Asia, South America, North America, Europe",15.2,2.3,False,2017,2020,Small (30-100),6,4,5.5,1.41,29.0,False,False,19.66,357.5
NCT2018000678,A Study of Novel Therapy in Patients With Leukemia,Leukemia,National Cancer Institute,Phase 2,Completed,101,2018-12-04,2022-09-14,46,Double Blind,Randomized,Parallel Assignment,4,Europe,16.2,2.8,False,2018,2022,Medium (100-300),5,1,25.2,2.2,29.0,False,False,9.5,94.1
NCT2018000679,A Study of Novel Therapy in Patients With Prostate Cancer,Prostate Cancer,National Cancer Institute,Phase 3,Completed,367,2020-05-05,2023-04-20,36,Double Blind,Randomized,Single Group Assignment,18,"Europe, South America",27.3,9.9,True,2020,2023,Large (300-500),5,2,20.4,10.19,48.0,True,True,33.5,91.3
NCT2018000680,A Study of Novel Therapy in Patients With Liver Cancer,Liver Cancer,Johnson & Johnson,Phase 4,Completed,226,2017-09-07,2022-01-14,53,Open Label,Non-Randomized,Factorial Assignment,30,Asia,7.8,16.2,True,2017,2022,Medium (100-300),4,1,7.5,4.26,34.0,False,False,80.18,354.8
NCT2018000681,A Study of Novel Therapy in Patients With Ovarian Cancer,Ovarian Cancer,National Cancer Institute,Phase 3,Completed,748,2017-07-27,2020-07-11,36,Open Label,Single Group,Parallel Assignment,21,"Europe, North America, Australia, South America, Asia",30.9,5.0,False,2017,2020,Very Large (500+),3,5,35.6,20.78,48.0,True,False,40.04,53.5
NCT2018000682,A Study of Novel Therapy in Patients With Leukemia,Leukemia,MD Anderson,Phase 2,Completed,44,2016-06-11,2020-04-21,47,Triple Blind,Randomized,Crossover Assignment,2,South America,18.4,4.3,False,2016,2020,Small (30-100),8,1,22.0,0.94,29.0,False,False,4.83,109.8
NCT2018000683,A Study of Novel Therapy in Patients With Lung Cancer,Lung Cancer,Novartis,Phase 1,Completed,25,2017-09-24,2019-07-16,22,Triple Blind,Randomized,Crossover Assignment,1,"Australia, Asia",30.8,8.8,True,2017,2019,Very Small (<30),9,2,25.0,1.14,18.0,False,False,1.18,47.2
NCT2018000684,A Study of Novel Therapy in Patients With Breast Cancer,Breast Cancer,Roche,Phase 3,Completed,245,2020-07-06,2024-06-15,48,Single Blind,Non-Randomized,Factorial Assignment,27,"South America, Australia",7.4,8.9,False,2020,2024,Medium (100-300),6,2,9.1,5.1,48.0,True,False,65.54,267.5
NCT2018000685,A Study of Novel Therapy in Patients With Liver Cancer,Liver Cancer,AbbVie,Phase 2,Completed,43,2017-11-05,2019-03-30,17,Open Label,Randomized,Parallel Assignment,3,"Asia, Europe",5.2,14.8,False,2017,2019,Small (30-100),4,2,14.3,2.53,29.0,True,False,2.68,62.3
NCT2018000686,A Study of Novel Therapy in Patients With Brain Cancer,Brain Cancer,Roche,Phase 2,Completed,89,2022-06-26,2024-11-12,29,Single Blind,Randomized,Factorial Assignment,10,"Europe, Asia, South America, North America",31.5,6.7,False,2022,2024,Small (30-100),9,4,8.9,3.07,29.0,True,False,14.77,166.0
NCT2018000687,A Study of Novel Therapy in Patients With Leukemia,Leukemia,Novartis,Phase 2,Completed,99,2016-02-24,2019-01-09,35,Open Label,Randomized,Single Group Assignment,3,"Australia, South America, North America",23.1,15.1,False,2016,2019,Small (30-100),4,3,33.0,2.83,29.0,False,False,5.55,56.1
NCT2018000688,A Study of Novel Therapy in Patients With Ovarian Cancer,Ovarian Cancer,Mayo Clinic,Phase 2,Completed,115,2017-08-16,2020-06-01,34,Double Blind,Single Group,Sequential Assignment,3,"Australia, Europe",4.2,4.6,False,2017,2020,Medium (100-300),5,2,38.3,3.38,29.0,False,False,5.44,47.3
NCT2018000689,A Study of Novel Therapy in Patients With Gastric Cancer,Gastric Cancer,Johnson & Johnson,Phase 3,Completed,301,2020-04-24,2023-09-06,41,Double Blind,Single Group,Factorial Assignment,26,"North America, South America, Australia",24.7,10.1,False,2020,2023,Large (300-500),8,3,11.6,7.34,48.0,True,False,54.2,180.1
NCT2018000690,A Study of Novel Therapy in Patients With Ovarian Cancer,Ovarian Cancer,Merck,Phase 4,Completed,190,2017-02-12,2019-10-30,33,Triple Blind,Randomized,Factorial Assignment,8,"Europe, Asia",24.7,12.1,False,2017,2019,Medium (100-300),10,2,23.8,5.76,34.0,True,False,13.77,72.5
NCT2018000691,A Study of Novel Therapy in Patients With Liver Cancer,Liver Cancer,Merck,Phase 2,Completed,78,2016-05-10,2018-09-27,29,Single Blind,Randomized,Parallel Assignment,8,Asia,3.3,44.9,False,2016,2018,Small (30-100),4,1,9.8,2.69,29.0,True,False,11.83,151.7
NCT2018000692,A Study of Novel Therapy in Patients With Ovarian Cancer,Ovarian Cancer,Pfizer,Early Phase 1,Completed,27,2022-10-28,2023-04-26,6,Single Blind,Randomized,Single Group Assignment,2,North America,16.7,5.5,True,2022,2023,Very Small (<30),3,1,13.5,4.5,19.0,True,True,0.68,25.2
NCT2018000693,A Study of Novel Therapy in Patients With Colorectal Cancer,Colorectal Cancer,Johnson & Johnson,Phase 4,Completed,187,2020-01-04,2021-12-24,24,Single Blind,Randomized,Single Group Assignment,4,"South America, North America",13.8,3.4,True,2020,2021,Medium (100-300),4,2,46.8,7.79,34.0,True,True,5.36,28.7
NCT2018000694,A Study of Novel Therapy in Patients With Prostate Cancer,Prostate Cancer,Sanofi,Phase 3,Completed,204,2021-06-10,2023-01-31,20,Single Blind,Single Group,Single Group Assignment,18,South America,16.4,10.8,False,2021,2023,Medium (100-300),1,1,11.3,10.2,48.0,True,False,18.61,91.2
NCT2018000695,A Study of Novel Therapy in Patients With Colorectal Cancer,Colorectal Cancer,AstraZeneca,Phase 2,Completed,82,2021-01-12,2022-11-03,22,Triple Blind,Non-Randomized,Parallel Assignment,6,South America,6.1,9.8,True,2021,2022,Small (30-100),4,1,13.7,3.73,29.0,True,True,6.85,83.5
NCT2018000696,A Study of Novel Therapy in Patients With Breast Cancer,Breast Cancer,Roche,Phase 2,Completed,74,2018-08-22,2021-01-08,29,Quadruple Blind,Randomized,Parallel Assignment,9,"Europe, Asia, Australia",28.9,16.9,True,2018,2021,Small (30-100),9,3,8.2,2.55,29.0,True,True,13.27,179.3
NCT2018000697,A Study of Novel Therapy in Patients With Lymphoma,Lymphoma,Roche,Phase 4,Completed,173,2016-02-26,2018-06-15,28,Open Label,Randomized,Single Group Assignment,5,Asia,13.4,14.4,True,2016,2018,Medium (100-300),2,1,34.6,6.18,34.0,True,True,7.52,43.5
NCT2018000698,A Study of Novel Therapy in Patients With Breast Cancer,Breast Cancer,Johnson & Johnson,Phase 2,Completed,146,2022-05-10,2024-04-29,24,Single Blind,Non-Randomized,Parallel Assignment,4,"Europe, Australia, South America",7.8,7.3,False,2022,2024,Medium (100-300),4,3,36.5,6.08,29.0,True,False,5.24,35.9
NCT2018000699,A Study of Novel Therapy in Patients With Gastric Cancer,Gastric Cancer,Merck,Phase 4,Completed,231,2021-04-16,2023-06-05,26,Double Blind,Non-Randomized,Single Group Assignment,26,"Europe, Australia",25.7,5.5,True,2021,2023,Medium (100-300),3,2,8.9,8.88,34.0,True,True,34.49,149.3
NCT2018000700,A Study of Novel Therapy in Patients With Breast Cancer,Breast Cancer,Bristol-Myers Squibb,Phase 1,Completed,42,2018-03-14,2019-09-05,18,Open Label,Randomized,Sequential Assignment,2,"Asia, Europe",20.6,5.9,True,2018,2019,Small (30-100),5,2,21.0,2.33,18.0,True,True,1.93,46.0
NCT2018000701,A Study of Novel Therapy in Patients With Breast Cancer,Breast Cancer,AbbVie,Phase 2,Completed,116,2021-11-02,2024-09-17,35,Single Blind,Randomized,Parallel Assignment,7,"Europe, Asia, North America",51.1,6.8,True,2021,2024,Medium (100-300),6,3,16.6,3.31,29.0,False,False,12.6,108.6
NCT2018000702,A Study of Novel Therapy in Patients With Liver Cancer,Liver Cancer,Mayo Clinic,Phase 1,Completed,11,2020-04-10,2022-04-30,25,Single Blind,Single Group,Parallel Assignment,1,South America,15.7,14.2,True,2020,2022,Very Small (<30),2,1,11.0,0.44,18.0,False,False,1.28,116.4
NCT2018000703,A Study of Novel Therapy in Patients With Lung Cancer,Lung Cancer,MD Anderson,Phase 2,Completed,126,2015-11-18,2018-01-06,26,Triple Blind,Randomized,Parallel Assignment,7,"Australia, Asia, North America",19.2,11.4,False,2015,2018,Medium (100-300),8,3,18.0,4.85,29.0,True,False,9.48,75.2
NCT2018000704,A Study of Novel Therapy in Patients With Lymphoma,Lymphoma,Novartis,Phase 1,Completed,15,2016-03-21,2017-05-15,14,Double Blind,Randomized,Single Group Assignment,3,"Europe, South America, North America",21.1,5.9,True,2016,2017,Very Small (<30),6,3,5.0,1.07,18.0,True,True,2.14,142.7
NCT2018000705,A Study of Novel Therapy in Patients With Leukemia,Leukemia,Bristol-Myers Squibb,Phase 2,Completed,70,2022-04-18,2023-02-12,10,Double Blind,Randomized,Parallel Assignment,10,"Australia, Asia, Europe",9.4,11.3,True,2022,2023,Small (30-100),7,3,7.0,7.0,29.0,True,True,5.21,74.4
NCT2018000706,A Study of Novel Therapy in Patients With Lymphoma,Lymphoma,Novartis,Phase 3,Completed,563,2022-07-17,2025-09-29,39,Quadruple Blind,Randomized,Parallel Assignment,58,Europe,4.5,3.0,True,2022,2025,Very Large (500+),7,1,9.7,14.44,48.0,True,True,114.79,203.9
NCT2018000707,A Study of Novel Therapy in Patients With Breast Cancer,Breast Cancer,Mayo Clinic,Early Phase 1,Completed,31,2018-12-27,2020-12-16,24,Single Blind,Non-Randomized,Sequential Assignment,1,Australia,12.6,2.6,True,2018,2020,Small (30-100),3,1,31.0,1.29,19.0,False,False,1.29,41.6
NCT2018000708,A Study of Novel Therapy in Patients With Lymphoma,Lymphoma,National Cancer Institute,Phase 3,Completed,303,2019-04-06,2023-12-11,57,Open Label,Randomized,Single Group Assignment,10,"Australia, South America, Asia, Europe",26.3,3.0,True,2019,2023,Large (300-500),4,4,30.3,5.32,48.0,False,False,29.41,97.1
NCT2018000709,A Study of Novel Therapy in Patients With Gastric Cancer,Gastric Cancer,Bristol-Myers Squibb,Phase 1,Completed,38,2016-03-08,2017-11-28,21,Open Label,Randomized,Parallel Assignment,1,"Asia, Europe, South America, North America",6.3,3.7,True,2016,2017,Small (30-100),5,4,38.0,1.81,18.0,False,False,1.16,30.5
NCT2018000710,A Study of Novel Therapy in Patients With Prostate Cancer,Prostate Cancer,AbbVie,Phase 1,Completed,25,2016-01-21,2017-11-11,22,Single Blind,Non-Randomized,Parallel Assignment,1,"Australia, Asia, South America, North America",24.4,15.2,True,2016,2017,Very Small (<30),4,4,25.0,1.14,18.0,False,False,1.18,47.2
NCT2018000711,A Study of Novel Therapy in Patients With Leukemia,Leukemia,Pfizer,Phase 3,Completed,483,2015-06-08,2018-04-23,35,Double Blind,Randomized,Parallel Assignment,10,"Australia, North America",20.2,3.8,False,2015,2018,Large (300-500),6,2,48.3,13.8,48.0,True,False,18.95,39.2
NCT2018000712,A Study of Novel Therapy in Patients With Liver Cancer,Liver Cancer,Bristol-Myers Squibb,Phase 3,Completed,359,2018-08-08,2024-01-09,66,Single Blind,Randomized,Single Group Assignment,22,Europe,9.2,2.1,False,2018,2024,Large (300-500),3,1,16.3,5.44,48.0,False,False,73.68,205.2
NCT2018000713,A Study of Novel Therapy in Patients With Colorectal Cancer,Colorectal Cancer,Sanofi,Phase 2,Completed,91,2016-08-06,2018-03-29,20,Single Blind,Non-Randomized,Parallel Assignment,9,"Europe, Asia, North America, Australia",9.4,9.8,True,2016,2018,Small (30-100),4,4,10.1,4.55,29.0,True,True,9.27,101.9
NCT2018000714,A Study of Novel Therapy in Patients With Lymphoma,Lymphoma,MD Anderson,Phase 1,Completed,19,2018-02-05,2019-08-29,19,Open Label,Randomized,Sequential Assignment,2,Australia,38.5,10.1,True,2018,2019,Very Small (<30),4,1,9.5,1.0,18.0,False,False,1.96,103.2
NCT2018000715,A Study of Novel Therapy in Patients With Breast Cancer,Breast Cancer,National Cancer Institute,Phase 3,Completed,578,2016-07-13,2019-02-28,32,Open Label,Non-Randomized,Crossover Assignment,61,"Europe, Australia, North America, South America",9.9,4.6,True,2016,2019,Very Large (500+),5,4,9.5,18.06,48.0,True,True,99.33,171.9
NCT2018000716,A Study of Novel Therapy in Patients With Breast Cancer,Breast Cancer,Pfizer,Phase 3,Completed,347,2016-09-24,2021-07-30,59,Triple Blind,Single Group,Parallel Assignment,14,"Australia, South America",6.7,7.0,False,2016,2021,Large (300-500),5,2,24.8,5.88,48.0,False,False,42.34,122.0
NCT2018000717,A Study of Novel Therapy in Patients With Brain Cancer,Brain Cancer,Roche,Phase 2,Completed,166,2018-01-18,2020-05-07,28,Double Blind,Non-Randomized,Parallel Assignment,2,Asia,24.9,8.6,True,2018,2020,Medium (100-300),3,1,83.0,5.93,29.0,True,True,3.3,19.9
NCT2018000718,A Study of Novel Therapy in Patients With Lymphoma,Lymphoma,Roche,Phase 4,Completed,213,2015-04-01,2019-04-10,49,Open Label,Randomized,Parallel Assignment,19,South America,9.3,6.7,True,2015,2019,Medium (100-300),3,1,11.2,4.35,34.0,False,False,47.19,221.5
NCT2018000719,A Study of Novel Therapy in Patients With Lung Cancer,Lung Cancer,Sanofi,Phase 3,Completed,409,2017-02-08,2019-11-25,34,Open Label,Single Group,Parallel Assignment,29,"Asia, North America",25.3,6.1,False,2017,2019,Large (300-500),2,2,14.1,12.03,48.0,True,False,50.53,123.5
NCT2018000720,A Study of Novel Therapy in Patients With Colorectal Cancer,Colorectal Cancer,Johnson & Johnson,Phase 3,Completed,638,2020-10-06,2026-01-08,64,Double Blind,Randomized,Single Group Assignment,39,"Asia, Australia",15.2,8.7,False,2020,2026,Very Large (500+),5,2,16.4,9.97,48.0,False,False,126.71,198.6
NCT2018000721,A Study of Novel Therapy in Patients With Brain Cancer,Brain Cancer,MD Anderson,Phase 2,Completed,117,2020-05-26,2023-06-10,37,Quadruple Blind,Non-Randomized,Crossover Assignment,4,"Europe, Asia, North America",29.3,3.7,True,2020,2023,Medium (100-300),9,3,29.2,3.16,29.0,False,False,7.75,66.2
NCT2018000722,A Study of Novel Therapy in Patients With Brain Cancer,Brain Cancer,Novartis,Phase 3,Completed,652,2016-10-14,2020-09-23,48,Quadruple Blind,Randomized,Parallel Assignment,28,South America,6.0,2.6,True,2016,2020,Very Large (500+),7,1,23.3,13.58,48.0,True,True,69.16,106.1
NCT2018000723,A Study of Novel Therapy in Patients With Brain Cancer,Brain Cancer,Mayo Clinic,Phase 2,Completed,12,2021-10-26,2025-02-07,40,Double Blind,Randomized,Sequential Assignment,1,"Australia, South America",4.5,14.0,True,2021,2025,Very Small (<30),7,2,12.0,0.3,29.0,False,False,2.04,170.0
NCT2018000724,A Study of Novel Therapy in Patients With Ovarian Cancer,Ovarian Cancer,Merck,Phase 2,Completed,24,2021-02-19,2023-11-06,33,Double Blind,Randomized,Crossover Assignment,3,North America,7.7,4.0,True,2021,2023,Very Small (<30),7,1,8.0,0.73,29.0,False,False,5.02,209.2
NCT2018000725,A Study of Novel Therapy in Patients With Breast Cancer,Breast Cancer,AstraZeneca,Phase 1,Completed,25,2022-03-04,2024-01-23,23,Open Label,Randomized,Crossover Assignment,1,Europe,15.9,5.4,False,2022,2024,Very Small (<30),5,1,25.0,1.09,18.0,False,False,1.23,49.2
NCT2018000726,A Study of Novel Therapy in Patients With Lymphoma,Lymphoma,Merck,Phase 2,Completed,71,2018-04-02,2021-03-17,36,Double Blind,Randomized,Single Group Assignment,4,"North America, South America",26.4,5.2,True,2018,2021,Small (30-100),5,2,17.8,1.97,29.0,False,False,7.41,104.4
NCT2018000727,A Study of Novel Therapy in Patients With Liver Cancer,Liver Cancer,National Cancer Institute,Phase 3,Completed,223,2016-08-27,2017-02-23,6,Double Blind,Randomized,Parallel Assignment,14,North America,28.7,14.7,True,2016,2017,Medium (100-300),5,1,15.9,37.17,48.0,True,True,4.87,21.8
NCT2018000728,A Study of Novel Therapy in Patients With Lymphoma,Lymphoma,Roche,Phase 3,Completed,284,2017-08-24,2019-05-16,21,Open Label,Randomized,Sequential Assignment,25,"Asia, South America",13.2,15.0,False,2017,2019,Medium (100-300),5,2,11.4,13.52,48.0,True,False,27.1,95.4
NCT2018000729,A Study of Novel Therapy in Patients With Melanoma,Melanoma,Novartis,Phase 3,Completed,308,2017-01-21,2017-09-18,8,Open Label,Non-Randomized,Single Group Assignment,10,"South America, Australia",15.0,5.4,False,2017,2017,Large (300-500),1,2,30.8,38.5,48.0,True,False,4.92,16.0
NCT2018000730,A Study of Novel Therapy in Patients With Pancreatic Cancer,Pancreatic Cancer,AbbVie,Phase 3,Completed,513,2019-12-08,2023-07-20,44,Single Blind,Randomized,Factorial Assignment,53,"Europe, Australia",3.3,11.6,True,2019,2023,Very Large (500+),8,2,9.7,11.66,48.0,True,True,118.14,230.3
NCT2018000731,A Study of Novel Therapy in Patients With Lymphoma,Lymphoma,Roche,Phase 1,Completed,10,2016-12-15,2018-05-09,17,Single Blind,Non-Randomized,Parallel Assignment,2,Asia,9.5,21.0,True,2016,2018,Very Small (<30),2,1,5.0,0.59,18.0,True,True,1.73,173.0
NCT2018000732,A Study of Novel Therapy in Patients With Lung Cancer,Lung Cancer,Novartis,Phase 1,Completed,14,2016-06-20,2017-10-13,16,Triple Blind,Randomized,Parallel Assignment,1,"North America, Europe",14.4,1.0,True,2016,2017,Very Small (<30),7,2,14.0,0.88,18.0,True,True,0.84,60.0
NCT2018000733,A Study of Novel Therapy in Patients With Melanoma,Melanoma,Merck,Phase 3,Completed,396,2018-11-02,2023-03-11,53,Open Label,Randomized,Single Group Assignment,11,"South America, North America",19.0,12.2,True,2018,2023,Large (300-500),3,2,36.0,7.47,48.0,False,False,30.34,76.6
NCT2018000734,A Study of Novel Therapy in Patients With Melanoma,Melanoma,Pfizer,Phase 1,Completed,23,2020-05-13,2022-08-01,27,Double Blind,Randomized,Parallel Assignment,2,"North America, Asia, Europe, Australia, South America",15.9,28.5,True,2020,2022,Very Small (<30),7,5,11.5,0.85,18.0,False,False,2.77,120.4
NCT2018000735,A Study of Novel Therapy in Patients With Brain Cancer,Brain Cancer,National Cancer Institute,Phase 3,Completed,467,2015-05-06,2019-04-15,48,Open Label,Randomized,Sequential Assignment,12,"Europe, Australia, Asia, North America, South America",24.2,12.6,False,2015,2019,Large (300-500),6,5,38.9,9.73,48.0,True,False,30.2,64.7
NCT2018000736,A Study of Novel Therapy in Patients With Gastric Cancer,Gastric Cancer,National Cancer Institute,Phase 2,Completed,83,2020-08-26,2023-12-09,40,Open Label,Randomized,Single Group Assignment,8,South America,7.5,7.5,True,2020,2023,Small (30-100),2,1,10.4,2.08,29.0,False,False,16.25,195.8
NCT2018000737,A Study of Novel Therapy in Patients With Pancreatic Cancer,Pancreatic Cancer,Novartis,Early Phase 1,Completed,18,2017-10-21,2020-01-09,27,Quadruple Blind,Randomized,Parallel Assignment,2,"North America, South America",12.8,2.2,True,2017,2020,Very Small (<30),8,2,9.0,0.67,19.0,False,False,2.75,152.8
NCT2018000738,A Study of Novel Therapy in Patients With Melanoma,Melanoma,Roche,Phase 2,Completed,80,2016-05-19,2019-07-03,38,Single Blind,Randomized,Parallel Assignment,9,South America,20.0,7.0,False,2016,2019,Small (30-100),4,1,8.9,2.11,29.0,False,False,17.34,216.8
NCT2018000739,A Study of Novel Therapy in Patients With Brain Cancer,Brain Cancer,MD Anderson,Phase 3,Completed,378,2017-02-19,2023-03-20,74,Single Blind,Randomized,Parallel Assignment,23,"Europe, South America, Australia, Asia",20.9,2.1,True,2017,2023,Large (300-500),6,4,16.4,5.11,48.0,False,False,86.23,228.1
NCT2018000740,A Study of Novel Therapy in Patients With Ovarian Cancer,Ovarian Cancer,Sanofi,Phase 3,Completed,475,2019-11-02,2024-07-08,57,Double Blind,Non-Randomized,Single Group Assignment,17,"Australia, North America, South America",11.1,4.8,False,2019,2024,Large (300-500),4,3,27.9,8.33,48.0,False,False,49.88,105.0
NCT2018000741,A Study of Novel Therapy in Patients With Colorectal Cancer,Colorectal Cancer,National Cancer Institute,Phase 2,Completed,73,2021-02-08,2022-12-30,23,Single Blind,Randomized,Parallel Assignment,9,"Australia, South America",21.4,8.4,True,2021,2022,Small (30-100),5,2,8.1,3.17,29.0,True,True,10.57,144.8
NCT2018000742,A Study of Novel Therapy in Patients With Lung Cancer,Lung Cancer,Johnson & Johnson,Phase 1,Completed,37,2021-04-13,2022-05-08,13,Single Blind,Randomized,Factorial Assignment,2,South America,32.7,7.3,True,2021,2022,Small (30-100),7,1,18.5,2.85,18.0,True,True,1.41,38.1
NCT2018000743,A Study of Novel Therapy in Patients With Ovarian Cancer,Ovarian Cancer,Roche,Phase 2,Completed,200,2022-03-21,2024-08-07,29,Open Label,Randomized,Factorial Assignment,22,Asia,27.8,16.1,False,2022,2024,Medium (100-300),6,1,9.1,6.9,29.0,True,False,32.5,162.5
NCT2018000744,A Study of Novel Therapy in Patients With Prostate Cancer,Prostate Cancer,Pfizer,Early Phase 1,Completed,37,2018-01-25,2019-05-20,16,Double Blind,Randomized,Single Group Assignment,1,Asia,24.1,5.5,True,2018,2019,Small (30-100),4,1,37.0,2.31,19.0,True,True,0.91,24.6
NCT2018000745,A Study of Novel Therapy in Patients With Gastric Cancer,Gastric Cancer,Sanofi,Phase 2,Completed,153,2021-09-07,2025-04-19,44,Double Blind,Randomized,Crossover Assignment,3,"South America, Asia, Europe, North America",10.5,2.0,True,2021,2025,Medium (100-300),9,4,51.0,3.48,29.0,False,False,7.06,46.1
NCT2018000746,A Study of Novel Therapy in Patients With Brain Cancer,Brain Cancer,Sanofi,Phase 4,Completed,197,2017-12-14,2021-08-25,45,Single Blind,Non-Randomized,Parallel Assignment,2,"Australia, Europe",7.9,8.5,True,2017,2021,Medium (100-300),3,2,98.5,4.38,34.0,False,False,5.09,25.8
NCT2018000747,A Study of Novel Therapy in Patients With Pancreatic Cancer,Pancreatic Cancer,Roche,Phase 3,Completed,503,2020-11-27,2024-04-10,41,Quadruple Blind,Non-Randomized,Single Group Assignment,40,South America,21.8,5.9,False,2020,2024,Very Large (500+),4,1,12.6,12.27,48.0,True,False,83.51,166.0
NCT2018000748,A Study of Novel Therapy in Patients With Leukemia,Leukemia,Novartis,Phase 2,Completed,60,2021-05-17,2022-03-13,10,Double Blind,Single Group,Sequential Assignment,4,"Australia, North America",10.3,27.6,True,2021,2022,Small (30-100),5,2,15.0,6.0,29.0,True,True,2.18,36.3
NCT2018000749,A Study of Novel Therapy in Patients With Prostate Cancer,Prostate Cancer,Johnson & Johnson,Phase 3,Completed,553,2017-10-13,2020-08-28,35,Open Label,Randomized,Parallel Assignment,63,"North America, Asia",38.6,0.2,False,2017,2020,Very Large (500+),4,2,8.8,15.8,48.0,True,False,111.91,202.4
NCT2018000750,A Study of Novel Therapy in Patients With Melanoma,Melanoma,AbbVie,Phase 1,Completed,36,2016-12-16,2019-03-06,27,Double Blind,Randomized,Parallel Assignment,2,"South America, Asia, North America",13.1,4.4,False,2016,2019,Small (30-100),7,3,18.0,1.33,18.0,False,False,2.81,78.1
NCT2018000751,A Study of Novel Therapy in Patients With Leukemia,Leukemia,Roche,Phase 2,Completed,115,2017-09-14,2021-01-26,41,Single Blind,Non-Randomized,Single Group Assignment,8,"Australia, North America",19.3,6.7,False,2017,2021,Medium (100-300),2,2,14.4,2.8,29.0,False,False,16.74,145.6
NCT2018000752,A Study of Novel Therapy in Patients With Lung Cancer,Lung Cancer,Novartis,Phase 3,Completed,417,2015-10-14,2020-03-21,54,Open Label,Non-Randomized,Single Group Assignment,27,South America,16.3,7.7,True,2015,2020,Large (300-500),0,1,15.4,7.72,48.0,False,False,74.15,177.8
NCT2018000753,A Study of Novel Therapy in Patients With Liver Cancer,Liver Cancer,Bristol-Myers Squibb,Phase 3,Completed,545,2021-04-08,2024-12-18,45,Triple Blind,Randomized,Parallel Assignment,74,"North America, Asia",21.6,9.4,False,2021,2024,Very Large (500+),7,2,7.4,12.11,48.0,True,False,168.14,308.5
NCT2018000754,A Study of Novel Therapy in Patients With Lymphoma,Lymphoma,MD Anderson,Phase 4,Completed,252,2021-01-12,2025-09-18,57,Triple Blind,Randomized,Parallel Assignment,18,"South America, Europe",30.0,7.3,True,2021,2025,Medium (100-300),7,2,14.0,4.42,34.0,False,False,52.06,206.6
NCT2018000755,A Study of Novel Therapy in Patients With Breast Cancer,Breast Cancer,Pfizer,Phase 4,Completed,173,2015-03-26,2018-01-09,34,Single Blind,Non-Randomized,Crossover Assignment,7,"Australia, South America",26.2,11.8,True,2015,2018,Medium (100-300),5,2,24.7,5.09,34.0,True,True,12.42,71.8
NCT2018000756,A Study of Novel Therapy in Patients With Prostate Cancer,Prostate Cancer,National Cancer Institute,Early Phase 1,Completed,28,2021-01-26,2022-12-17,23,Quadruple Blind,Randomized,Sequential Assignment,2,"Europe, South America, Australia, North America, Asia",8.6,4.4,True,2021,2022,Very Small (<30),10,5,14.0,1.22,19.0,False,False,2.38,85.0
NCT2018000757,A Study of Novel Therapy in Patients With Colorectal Cancer,Colorectal Cancer,AbbVie,Phase 3,Completed,529,2016-11-19,2021-12-23,62,Triple Blind,Non-Randomized,Single Group Assignment,36,"Europe, Asia, North America",16.6,3.7,True,2016,2021,Very Large (500+),5,3,14.7,8.53,48.0,False,False,113.19,214.0
NCT2018000758,A Study of Novel Therapy in Patients With Breast Cancer,Breast Cancer,MD Anderson,Phase 1,Completed,32,2017-01-20,2018-03-16,14,Double Blind,Single Group,Parallel Assignment,2,Europe,0.3,5.0,False,2017,2018,Small (30-100),3,1,16.0,2.29,18.0,True,False,1.5,46.9
NCT2018000759,A Study of Novel Therapy in Patients With Leukemia,Leukemia,Roche,Phase 3,Completed,635,2018-11-08,2024-02-10,64,Open Label,Randomized,Parallel Assignment,69,"South America, Asia, Australia",31.4,19.7,True,2018,2024,Very Large (500+),5,3,9.2,9.92,48.0,False,False,222.7,350.7
NCT2018000760,A Study of Novel Therapy in Patients With Colorectal Cancer,Colorectal Cancer,MD Anderson,Phase 1,Completed,35,2015-11-19,2017-04-12,17,Triple Blind,Randomized,Sequential Assignment,1,Asia,41.1,8.4,True,2015,2017,Small (30-100),7,1,35.0,2.06,18.0,True,True,0.96,27.4
NCT2018000761,A Study of Novel Therapy in Patients With Lung Cancer,Lung Cancer,Sanofi,Phase 1,Completed,10,2020-04-13,2022-06-02,26,Open Label,Non-Randomized,Parallel Assignment,2,"North America, Europe, Asia, South America, Australia",23.3,20.2,False,2020,2022,Very Small (<30),3,5,5.0,0.38,18.0,False,False,2.63,263.0
NCT2018000762,A Study of Novel Therapy in Patients With Brain Cancer,Brain Cancer,Roche,Phase 3,Completed,303,2017-05-01,2024-09-21,90,Quadruple Blind,Non-Randomized,Single Group Assignment,11,Asia,5.8,12.0,False,2017,2024,Large (300-500),4,1,27.5,3.37,48.0,False,False,50.41,166.4
NCT2018000763,A Study of Novel Therapy in Patients With Pancreatic Cancer,Pancreatic Cancer,National Cancer Institute,Phase 2,Completed,80,2015-03-17,2017-07-04,28,Double Blind,Single Group,Parallel Assignment,2,"Australia, Europe",31.7,8.6,True,2015,2017,Small (30-100),4,2,40.0,2.86,29.0,True,True,3.04,38.0
NCT2018000764,A Study of Novel Therapy in Patients With Prostate Cancer,Prostate Cancer,Pfizer,Phase 2,Completed,77,2020-03-08,2021-06-01,15,Open Label,Non-Randomized,Parallel Assignment,6,"North America, Asia",37.8,8.8,False,2020,2021,Small (30-100),2,2,12.8,5.13,29.0,True,False,4.73,61.4
NCT2018000765,A Study of Novel Therapy in Patients With Brain Cancer,Brain Cancer,Mayo Clinic,Phase 3,Completed,138,2022-07-17,2027-11-18,65,Quadruple Blind,Single Group,Parallel Assignment,5,"Asia, South America, North America",46.8,4.8,False,2022,2027,Medium (100-300),7,3,27.6,2.12,48.0,False,False,16.66,120.7
NCT2018000766,A Study of Novel Therapy in Patients With Melanoma,Melanoma,Roche,Phase 3,Completed,384,2018-12-16,2023-08-22,57,Single Blind,Randomized,Single Group Assignment,18,"Australia, North America, Asia",18.7,6.9,True,2018,2023,Large (300-500),5,3,21.3,6.74,48.0,False,False,52.45,136.6
NCT2018000767,A Study of Novel Therapy in Patients With Leukemia,Leukemia,AstraZeneca,Phase 1,Completed,10,2016-08-06,2018-03-29,20,Triple Blind,Single Group,Parallel Assignment,2,Australia,27.7,3.3,True,2016,2018,Very Small (<30),4,1,5.0,0.5,18.0,False,False,2.03,203.0
NCT2018000768,A Study of Novel Therapy in Patients With Colorectal Cancer,Colorectal Cancer,AstraZeneca,Phase 1,Completed,33,2021-03-12,2022-11-02,20,Open Label,Randomized,Parallel Assignment,1,"North America, Australia, Europe",25.4,11.6,True,2021,2022,Small (30-100),5,3,33.0,1.65,18.0,False,False,1.1,33.3
NCT2018000769,A Study of Novel Therapy in Patients With Prostate Cancer,Prostate Cancer,Sanofi,Phase 3,Completed,360,2020-04-18,2023-06-02,38,Open Label,Randomized,Parallel Assignment,16,Asia,21.3,27.6,False,2020,2023,Large (300-500),3,1,22.5,9.47,48.0,True,False,31.48,87.4
NCT2018000770,A Study of Novel Therapy in Patients With Liver Cancer,Liver Cancer,Novartis,Phase 4,Completed,164,2021-11-25,2023-08-17,21,Single Blind,Non-Randomized,Parallel Assignment,2,"South America, North America, Europe",1.8,7.4,True,2021,2023,Medium (100-300),4,3,82.0,7.81,34.0,True,True,2.59,15.8
NCT2018000771,A Study of Novel Therapy in Patients With Colorectal Cancer,Colorectal Cancer,National Cancer Institute,Phase 1,Completed,25,2020-10-13,2022-01-06,15,Open Label,Randomized,Parallel Assignment,3,"South America, Asia, North America, Europe, Australia",22.8,21.2,False,2020,2022,Very Small (<30),5,5,8.3,1.67,18.0,True,False,2.33,93.2
NCT2018000772,A Study of Novel Therapy in Patients With Breast Cancer,Breast Cancer,AstraZeneca,Phase 4,Completed,227,2015-02-16,2017-02-05,24,Open Label,Non-Randomized,Single Group Assignment,18,"Asia, South America",28.3,6.1,True,2015,2017,Medium (100-300),1,2,12.6,9.46,34.0,True,True,22.28,98.1
NCT2018000773,A Study of Novel Therapy in Patients With Brain Cancer,Brain Cancer,National Cancer Institute,Phase 3,Completed,430,2015-07-10,2017-11-26,29,Double Blind,Randomized,Crossover Assignment,13,"Australia, North America, South America",17.8,2.9,True,2015,2017,Large (300-500),9,3,33.1,14.83,48.0,True,True,20.14,46.8
NCT2018000774,A Study of Novel Therapy in Patients With Colorectal Cancer,Colorectal Cancer,Novartis,Phase 3,Completed,370,2020-12-24,2023-08-11,32,Single Blind,Randomized,Parallel Assignment,21,"Australia, North America, Asia",27.1,6.0,False,2020,2023,Large (300-500),6,3,17.6,11.56,48.0,True,False,34.71,93.8
NCT2018000775,A Study of Novel Therapy in Patients With Breast Cancer,Breast Cancer,Novartis,Phase 2,Completed,134,2015-05-03,2016-02-27,10,Open Label,Non-Randomized,Crossover Assignment,8,Europe,20.2,6.4,False,2015,2016,Medium (100-300),3,1,16.8,13.4,29.0,True,False,4.4,32.8
NCT2018000776,A Study of Novel Therapy in Patients With Lung Cancer,Lung Cancer,Roche,Phase 2,Completed,108,2020-03-25,2021-04-19,13,Double Blind,Single Group,Sequential Assignment,9,"Australia, Europe, Asia",43.2,13.7,True,2020,2021,Medium (100-300),6,3,12.0,8.31,29.0,True,True,6.17,57.1
NCT2018000777,A Study of Novel Therapy in Patients With Melanoma,Melanoma,AstraZeneca,Phase 2,Completed,66,2022-04-03,2023-06-27,15,Open Label,Randomized,Parallel Assignment,10,"Europe, Australia, Asia",22.0,13.7,True,2022,2023,Small (30-100),5,3,6.6,4.4,29.0,True,True,7.7,116.7
NCT2018000778,A Study of Novel Therapy in Patients With Breast Cancer,Breast Cancer,Merck,Early Phase 1,Completed,29,2015-11-07,2018-04-25,30,Single Blind,Randomized,Parallel Assignment,2,Australia,13.7,1.4,False,2015,2018,Very Small (<30),4,1,14.5,0.97,19.0,False,False,3.09,106.6
NCT2018000779,A Study of Novel Therapy in Patients With Leukemia,Leukemia,Bristol-Myers Squibb,Phase 2,Completed,103,2022-11-05,2026-10-15,48,Triple Blind,Randomized,Parallel Assignment,7,"South America, Europe",16.4,7.7,False,2022,2026,Medium (100-300),7,2,14.7,2.15,29.0,False,False,17.11,166.1
NCT2018000780,A Study of Novel Therapy in Patients With Melanoma,Melanoma,Johnson & Johnson,Phase 1,Completed,30,2017-11-10,2019-01-04,14,Quadruple Blind,Randomized,Parallel Assignment,2,"North America, Europe, Australia, South America",22.8,18.5,True,2017,2019,Small (30-100),9,4,15.0,2.14,18.0,True,True,1.49,49.7
NCT2018000781,A Study of Novel Therapy in Patients With Liver Cancer,Liver Cancer,AbbVie,Phase 1,Completed,26,2022-06-09,2023-11-01,17,Open Label,Randomized,Parallel Assignment,1,Australia,0.9,21.5,True,2022,2023,Very Small (<30),3,1,26.0,1.53,18.0,True,True,0.93,35.8
NCT2018000782,A Study of Novel Therapy in Patients With Brain Cancer,Brain Cancer,Bristol-Myers Squibb,Phase 2,Completed,10,2020-02-02,2023-01-17,36,Double Blind,Non-Randomized,Parallel Assignment,2,Europe,9.1,8.6,True,2020,2023,Very Small (<30),3,1,5.0,0.28,29.0,False,False,3.63,363.0
NCT2018000783,A Study of Novel Therapy in Patients With Brain Cancer,Brain Cancer,AbbVie,Phase 2,Completed,110,2021-02-22,2023-01-13,23,Open Label,Randomized,Parallel Assignment,3,North America,17.8,1.5,True,2021,2023,Medium (100-300),3,1,36.7,4.78,29.0,True,True,3.78,34.4
NCT2018000784,A Study of Novel Therapy in Patients With Ovarian Cancer,Ovarian Cancer,Novartis,Phase 1,Completed,26,2019-04-20,2021-06-08,26,Double Blind,Randomized,Parallel Assignment,1,"Asia, South America, North America",15.8,3.0,True,2019,2021,Very Small (<30),7,3,26.0,1.0,18.0,False,False,1.38,53.1
NCT2018000785,A Study of Novel Therapy in Patients With Liver Cancer,Liver Cancer,Bristol-Myers Squibb,Phase 1,Completed,33,2019-12-01,2021-09-21,22,Open Label,Randomized,Single Group Assignment,2,"Europe, Australia, South America",52.1,5.1,True,2019,2021,Small (30-100),4,3,16.5,1.5,18.0,False,False,2.3,69.7
NCT2018000786,A Study of Novel Therapy in Patients With Leukemia,Leukemia,Sanofi,Phase 1,Completed,28,2017-01-22,2017-11-18,10,Single Blind,Randomized,Parallel Assignment,2,"Europe, North America, Asia, Australia",10.9,45.1,False,2017,2017,Very Small (<30),6,4,14.0,2.8,18.0,True,False,1.08,38.6
NCT2018000787,A Study of Novel Therapy in Patients With Brain Cancer,Brain Cancer,Merck,Phase 2,Completed,60,2022-02-02,2023-10-25,21,Triple Blind,Randomized,Factorial Assignment,5,"Europe, Australia",37.1,1.3,False,2022,2023,Small (30-100),10,2,12.0,2.86,29.0,True,False,5.43,90.5
NCT2018000788,A Study of Novel Therapy in Patients With Gastric Cancer,Gastric Cancer,AstraZeneca,Phase 1,Completed,21,2022-08-24,2023-10-18,14,Single Blind,Randomized,Single Group Assignment,2,"North America, Asia",24.9,5.2,True,2022,2023,Very Small (<30),4,2,10.5,1.5,18.0,True,True,1.46,69.5
NCT2018000789,A Study of Novel Therapy in Patients With Ovarian Cancer,Ovarian Cancer,MD Anderson,Phase 2,Completed,76,2022-02-09,2024-05-29,28,Double Blind,Non-Randomized,Parallel Assignment,8,"Europe, Asia, Australia, North America",24.7,6.1,True,2022,2024,Small (30-100),5,4,9.5,2.71,29.0,True,True,11.43,150.4
NCT2018000790,A Study of Novel Therapy in Patients With Lymphoma,Lymphoma,AstraZeneca,Phase 3,Completed,454,2018-12-03,2021-09-18,34,Open Label,Single Group,Single Group Assignment,18,"Australia, South America, Asia, North America",42.6,4.5,True,2018,2021,Large (300-500),2,4,25.2,13.35,48.0,True,True,31.96,70.4
NCT2018000791,A Study of Novel Therapy in Patients With Leukemia,Leukemia,Johnson & Johnson,Phase 3,Completed,448,2021-05-10,2023-03-31,23,Open Label,Randomized,Single Group Assignment,29,South America,21.3,26.9,False,2021,2023,Large (300-500),2,1,15.4,19.48,48.0,True,False,34.69,77.4
NCT2018000792,A Study of Novel Therapy in Patients With Leukemia,Leukemia,Bristol-Myers Squibb,Phase 3,Completed,60,2016-01-16,2019-06-29,42,Quadruple Blind,Randomized,Single Group Assignment,10,"Australia, Europe, South America, Asia, North America",12.4,12.8,True,2016,2019,Small (30-100),8,5,6.0,1.43,48.0,True,True,21.18,353.0
NCT2018000793,A Study of Novel Therapy in Patients With Brain Cancer,Brain Cancer,Pfizer,Phase 2,Completed,140,2018-05-27,2021-09-08,40,Double Blind,Randomized,Parallel Assignment,8,"North America, Australia",12.1,17.6,True,2018,2021,Medium (100-300),6,2,17.5,3.5,29.0,False,False,16.42,117.3
NCT2018000794,A Study of Novel Therapy in Patients With Melanoma,Melanoma,AbbVie,Phase 2,Completed,93,2017-02-23,2020-06-07,40,Open Label,Single Group,Parallel Assignment,3,North America,10.3,24.4,True,2017,2020,Small (30-100),1,1,31.0,2.33,29.0,False,False,6.28,67.5
NCT2018000795,A Study of Novel Therapy in Patients With Liver Cancer,Liver Cancer,MD Anderson,Phase 2,Completed,63,2021-07-13,2024-01-29,31,Quadruple Blind,Randomized,Parallel Assignment,6,"Europe, South America",25.0,3.8,False,2021,2024,Small (30-100),8,2,10.5,2.03,29.0,False,False,9.49,150.6
NCT2018000796,A Study of Novel Therapy in Patients With Pancreatic Cancer,Pancreatic Cancer,Roche,Phase 2,Completed,125,2018-05-05,2019-11-26,19,Single Blind,Randomized,Parallel Assignment,6,"South America, Europe",32.2,13.2,True,2018,2019,Medium (100-300),5,2,20.8,6.58,29.0,True,True,6.08,48.6
NCT2018000797,A Study of Novel Therapy in Patients With Lymphoma,Lymphoma,Novartis,Phase 4,Completed,206,2017-09-15,2021-07-26,47,Double Blind,Randomized,Single Group Assignment,21,"South America, Australia",2.8,11.2,True,2017,2021,Medium (100-300),5,2,9.8,4.38,34.0,False,False,49.97,242.6
NCT2018000798,A Study of Novel Therapy in Patients With Breast Cancer,Breast Cancer,AbbVie,Phase 2,Completed,104,2015-07-03,2015-12-30,6,Triple Blind,Non-Randomized,Parallel Assignment,5,"Asia, Europe",35.3,19.2,True,2015,2015,Medium (100-300),5,2,20.8,17.33,29.0,True,True,1.81,17.4
NCT2018000799,A Study of Novel Therapy in Patients With Melanoma,Melanoma,Pfizer,Phase 4,Completed,378,2021-03-13,2023-09-29,31,Double Blind,Randomized,Crossover Assignment,26,"North America, Australia",15.6,1.8,True,2021,2023,Large (300-500),8,2,14.5,12.19,34.0,True,True,41.43,109.6
NCT2018000800,A Study of Novel Therapy in Patients With Liver Cancer,Liver Cancer,Novartis,Phase 3,Completed,309,2020-10-04,2026-02-05,65,Triple Blind,Randomized,Single Group Assignment,11,Australia,6.8,10.2,False,2020,2026,Large (300-500),5,1,28.1,4.75,48.0,False,False,36.68,118.7
NCT2018000801,A Study of Novel Therapy in Patients With Breast Cancer,Breast Cancer,Mayo Clinic,Phase 3,Completed,403,2018-09-05,2023-06-11,58,Double Blind,Single Group,Parallel Assignment,30,"Asia, Australia, South America, North America",12.8,14.1,False,2018,2023,Large (300-500),5,4,13.4,6.95,48.0,False,False,88.21,218.9
NCT2018000802,A Study of Novel Therapy in Patients With Prostate Cancer,Prostate Cancer,Novartis,Phase 3,Completed,278,2016-01-05,2022-07-02,79,Double Blind,Randomized,Parallel Assignment,16,North America,27.8,16.6,False,2016,2022,Medium (100-300),5,1,17.4,3.52,48.0,False,False,64.03,230.3
NCT2018000803,A Study of Novel Therapy in Patients With Breast Cancer,Breast Cancer,Novartis,Phase 2,Completed,148,2019-07-16,2022-01-01,30,Quadruple Blind,Non-Randomized,Crossover Assignment,10,Australia,35.1,0.7,False,2019,2022,Medium (100-300),7,1,14.8,4.93,29.0,False,False,15.44,104.3
NCT2018000804,A Study of Novel Therapy in Patients With Pancreatic Cancer,Pancreatic Cancer,Novartis,Phase 4,Completed,332,2021-03-21,2024-10-01,43,Open Label,Randomized,Single Group Assignment,17,Australia,18.0,28.9,True,2021,2024,Large (300-500),2,1,19.5,7.72,34.0,False,False,37.55,113.1
NCT2018000805,A Study of Novel Therapy in Patients With Melanoma,Melanoma,MD Anderson,Phase 2,Completed,115,2016-10-16,2019-05-04,31,Single Blind,Randomized,Parallel Assignment,3,"South America, Europe",36.3,6.0,True,2016,2019,Medium (100-300),5,2,38.3,3.71,29.0,False,False,5.0,43.5
NCT2018000806,A Study of Novel Therapy in Patients With Pancreatic Cancer,Pancreatic Cancer,Johnson & Johnson,Phase 2,Completed,60,2015-10-10,2018-08-25,35,Open Label,Non-Randomized,Single Group Assignment,9,Asia,27.2,11.7,False,2015,2018,Small (30-100),0,1,6.7,1.71,29.0,False,False,15.93,265.5
NCT2018000807,A Study of Novel Therapy in Patients With Gastric Cancer,Gastric Cancer,Sanofi,Phase 2,Completed,53,2019-01-06,2020-11-26,23,Single Blind,Single Group,Single Group Assignment,7,"Australia, South America, Asia, North America",8.5,15.0,True,2019,2020,Small (30-100),3,4,7.6,2.3,29.0,True,True,8.21,154.9
NCT2018000808,A Study of Novel Therapy in Patients With Liver Cancer,Liver Cancer,Mayo Clinic,Phase 1,Completed,36,2020-08-23,2021-08-18,12,Triple Blind,Randomized,Crossover Assignment,3,"South America, North America",15.1,11.8,False,2020,2021,Small (30-100),9,2,12.0,3.0,18.0,True,False,1.91,53.1
NCT2018000809,A Study of Novel Therapy in Patients With Lymphoma,Lymphoma,Sanofi,Phase 3,Completed,270,2017-10-23,2022-08-28,59,Quadruple Blind,Non-Randomized,Single Group Assignment,14,"Australia, Asia, South America",20.0,12.3,False,2017,2022,Medium (100-300),6,3,19.3,4.58,48.0,False,False,42.11,156.0
NCT2018000810,A Study of Novel Therapy in Patients With Breast Cancer,Breast Cancer,Pfizer,Phase 2,Completed,87,2017-04-04,2019-10-21,31,Double Blind,Randomized,Single Group Assignment,7,"Europe, North America, South America",45.2,1.0,False,2017,2019,Small (30-100),6,3,12.4,2.81,29.0,False,False,11.11,127.7
NCT2018000811,A Study of Novel Therapy in Patients With Lymphoma,Lymphoma,Novartis,Phase 2,Completed,76,2015-10-09,2017-07-30,22,Open Label,Non-Randomized,Parallel Assignment,7,"North America, Europe",20.0,8.8,True,2015,2017,Small (30-100),2,2,10.9,3.45,29.0,True,True,7.93,104.3
NCT2018000812,A Study of Novel Therapy in Patients With Lymphoma,Lymphoma,Roche,Phase 3,Completed,523,2018-04-09,2023-03-14,60,Single Blind,Non-Randomized,Parallel Assignment,67,Australia,21.8,10.0,False,2018,2023,Very Large (500+),2,1,7.8,8.72,48.0,False,False,202.57,387.3
NCT2018000813,A Study of Novel Therapy in Patients With Pancreatic Cancer,Pancreatic Cancer,Pfizer,Phase 1,Completed,20,2016-04-02,2016-09-29,6,Triple Blind,Single Group,Parallel Assignment,2,"North America, Asia",12.1,16.8,True,2016,2016,Very Small (<30),5,2,10.0,3.33,18.0,True,True,0.66,33.0
NCT2018000814,A Study of Novel Therapy in Patients With Gastric Cancer,Gastric Cancer,MD Anderson,Phase 3,Completed,451,2022-04-27,2028-01-26,70,Open Label,Non-Randomized,Single Group Assignment,21,"Australia, Europe",14.0,9.5,False,2022,2028,Large (300-500),1,2,21.5,6.44,48.0,False,False,74.85,166.0
NCT2018000815,A Study of Novel Therapy in Patients With Liver Cancer,Liver Cancer,Johnson & Johnson,Phase 2,Completed,128,2016-10-03,2018-05-26,20,Open Label,Randomized,Parallel Assignment,9,Australia,22.5,17.6,True,2016,2018,Medium (100-300),3,1,14.2,6.4,29.0,True,True,9.38,73.3
NCT2018000816,A Study of Novel Therapy in Patients With Melanoma,Melanoma,Bristol-Myers Squibb,Phase 1,Completed,30,2021-12-12,2022-08-09,8,Open Label,Single Group,Factorial Assignment,1,"Europe, Asia",17.6,3.8,True,2021,2022,Small (30-100),5,2,30.0,3.75,18.0,True,True,0.49,16.3
NCT2018000817,A Study of Novel Therapy in Patients With Gastric Cancer,Gastric Cancer,Novartis,Phase 1,Completed,11,2022-05-21,2024-07-09,26,Open Label,Randomized,Parallel Assignment,2,"North America, Europe, Australia, South America",34.7,7.7,False,2022,2024,Very Small (<30),5,4,5.5,0.42,18.0,False,False,2.63,239.1
NCT2018000818,A Study of Novel Therapy in Patients With Breast Cancer,Breast Cancer,Merck,Phase 3,Completed,350,2022-02-26,2025-02-10,36,Quadruple Blind,Single Group,Single Group Assignment,11,"North America, South America",15.5,8.9,False,2022,2025,Large (300-500),5,2,31.8,9.72,48.0,True,False,20.85,59.6
NCT2018000819,A Study of Novel Therapy in Patients With Lung Cancer,Lung Cancer,AbbVie,Phase 3,Completed,375,2022-03-09,2024-12-23,34,Double Blind,Randomized,Parallel Assignment,17,"South America, Australia, Europe",15.1,10.9,False,2022,2024,Large (300-500),7,3,22.1,11.03,48.0,True,False,30.02,80.1
NCT2018000820,A Study of Novel Therapy in Patients With Prostate Cancer,Prostate Cancer,Pfizer,Phase 4,Completed,142,2015-01-25,2018-08-07,43,Triple Blind,Randomized,Single Group Assignment,8,"North America, South America, Australia",11.0,10.8,True,2015,2018,Medium (100-300),7,3,17.8,3.3,34.0,False,False,17.63,124.2
NCT2018000821,A Study of Novel Therapy in Patients With Colorectal Cancer,Colorectal Cancer,Johnson & Johnson,Phase 2,Completed,193,2021-09-05,2023-05-28,21,Open Label,Randomized,Single Group Assignment,7,"Asia, South America",29.7,11.8,False,2021,2023,Medium (100-300),3,2,27.6,9.19,29.0,True,False,7.93,41.1
NCT2018000822,A Study of Novel Therapy in Patients With Lung Cancer,Lung Cancer,National Cancer Institute,Phase 1,Completed,16,2015-04-14,2015-12-10,8,Double Blind,Single Group,Crossover Assignment,3,North America,11.0,6.3,False,2015,2015,Very Small (<30),5,1,5.3,2.0,18.0,True,False,1.25,78.1
NCT2018000823,A Study of Novel Therapy in Patients With Breast Cancer,Breast Cancer,Novartis,Phase 1,Completed,17,2015-03-15,2016-10-05,19,Open Label,Randomized,Parallel Assignment,3,"Asia, Europe, Australia, South America",44.2,4.1,True,2015,2016,Very Small (<30),5,4,5.7,0.89,18.0,False,False,2.9,170.6
NCT2018000824,A Study of Novel Therapy in Patients With Lung Cancer,Lung Cancer,Novartis,Phase 1,Completed,10,2019-09-07,2021-02-28,18,Single Blind,Non-Randomized,Parallel Assignment,1,"Asia, Australia",48.3,2.9,False,2019,2021,Very Small (<30),3,2,10.0,0.56,18.0,True,False,0.93,93.0
NCT2018000825,A Study of Novel Therapy in Patients With Liver Cancer,Liver Cancer,Merck,Phase 2,Completed,143,2019-06-23,2021-06-12,24,Double Blind,Randomized,Parallel Assignment,8,"Australia, South America, Europe",14.0,8.2,True,2019,2021,Medium (100-300),7,3,17.9,5.96,29.0,True,True,10.03,70.1
NCT2018000826,A Study of Novel Therapy in Patients With Ovarian Cancer,Ovarian Cancer,Merck,Phase 4,Completed,254,2019-12-18,2024-02-25,51,Open Label,Randomized,Crossover Assignment,14,Europe,31.3,3.8,True,2019,2024,Medium (100-300),5,1,18.1,4.98,34.0,False,False,36.46,143.5
NCT2018000827,A Study of Novel Therapy in Patients With Brain Cancer,Brain Cancer,Novartis,Phase 3,Completed,284,2015-08-27,2018-06-12,34,Open Label,Randomized,Parallel Assignment,12,Australia,23.7,8.1,True,2015,2018,Medium (100-300),3,1,23.7,8.35,48.0,True,True,21.25,74.8
NCT2018000828,A Study of Novel Therapy in Patients With Lymphoma,Lymphoma,Johnson & Johnson,Phase 1,Completed,15,2022-01-08,2022-08-06,7,Open Label,Randomized,Parallel Assignment,1,"North America, Asia, Australia",18.3,15.3,False,2022,2022,Very Small (<30),5,3,15.0,2.14,18.0,True,False,0.4,26.7
NCT2018000829,A Study of Novel Therapy in Patients With Leukemia,Leukemia,Bristol-Myers Squibb,Phase 3,Completed,636,2018-01-11,2021-02-24,38,Double Blind,Non-Randomized,Sequential Assignment,70,"North America, Australia, Asia",33.2,4.2,True,2018,2021,Very Large (500+),6,3,9.1,16.74,48.0,True,True,134.91,212.1
NCT2018000830,A Study of Novel Therapy in Patients With Liver Cancer,Liver Cancer,Bristol-Myers Squibb,Phase 3,Completed,419,2022-07-19,2024-10-06,27,Double Blind,Non-Randomized,Parallel Assignment,22,"Europe, Australia",14.3,3.0,False,2022,2024,Large (300-500),4,2,19.0,15.52,48.0,True,False,30.96,73.9
NCT2018000831,A Study of Novel Therapy in Patients With Liver Cancer,Liver Cancer,Bristol-Myers Squibb,Phase 2,Completed,138,2016-04-25,2018-06-14,26,Double Blind,Randomized,Parallel Assignment,6,"Asia, North America",1.9,11.3,True,2016,2018,Medium (100-300),6,2,23.0,5.31,29.0,True,True,8.21,59.5
NCT2018000832,A Study of Novel Therapy in Patients With Leukemia,Leukemia,Bristol-Myers Squibb,Phase 2,Completed,146,2017-08-15,2019-03-08,19,Open Label,Randomized,Parallel Assignment,7,"Australia, Europe",12.9,3.1,True,2017,2019,Medium (100-300),4,2,20.9,7.68,29.0,True,True,7.09,48.6
NCT2018000833,A Study of Novel Therapy in Patients With Lung Cancer,Lung Cancer,Bristol-Myers Squibb,Phase 2,Completed,10,2020-02-15,2022-06-04,28,Open Label,Non-Randomized,Parallel Assignment,2,Europe,6.1,5.3,True,2020,2022,Very Small (<30),1,1,5.0,0.36,29.0,True,True,2.83,283.0
NCT2018000834,A Study of Novel Therapy in Patients With Breast Cancer,Breast Cancer,Merck,Phase 3,Completed,235,2016-11-02,2020-11-11,49,Open Label,Randomized,Parallel Assignment,20,Europe,40.1,25.6,True,2016,2020,Medium (100-300),3,1,11.8,4.8,48.0,False,False,49.7,211.5
NCT2018000835,A Study of Novel Therapy in Patients With Melanoma,Melanoma,Bristol-Myers Squibb,Phase 3,Completed,390,2015-11-28,2019-01-11,38,Triple Blind,Randomized,Single Group Assignment,29,North America,29.1,6.2,True,2015,2019,Large (300-500),5,1,13.4,10.26,48.0,True,True,56.27,144.3
NCT2018000836,A Study of Novel Therapy in Patients With Ovarian Cancer,Ovarian Cancer,Novartis,Phase 2,Completed,47,2018-04-11,2019-11-02,19,Double Blind,Non-Randomized,Single Group Assignment,1,"Asia, Europe",15.7,20.7,True,2018,2019,Small (30-100),3,2,47.0,2.47,29.0,True,True,1.09,23.2
NCT2018000837,A Study of Novel Therapy in Patients With Leukemia,Leukemia,AstraZeneca,Phase 3,Completed,386,2021-11-12,2028-02-09,76,Single Blind,Single Group,Single Group Assignment,15,"Asia, Europe",26.4,16.4,False,2021,2028,Large (300-500),2,2,25.7,5.08,48.0,False,False,58.16,150.7
NCT2018000838,A Study of Novel Therapy in Patients With Pancreatic Cancer,Pancreatic Cancer,Merck,Phase 1,Completed,18,2020-09-23,2021-12-17,15,Triple Blind,Randomized,Single Group Assignment,2,"South America, North America, Asia, Australia",35.8,16.3,True,2020,2021,Very Small (<30),7,4,9.0,1.2,18.0,True,True,1.55,86.1
NCT2018000839,A Study of Novel Therapy in Patients With Lung Cancer,Lung Cancer,Novartis,Early Phase 1,Completed,17,2018-10-17,2020-06-08,20,Quadruple Blind,Non-Randomized,Single Group Assignment,3,"Australia, North America, Asia",20.8,5.0,True,2018,2020,Very Small (<30),6,3,5.7,0.85,19.0,False,False,3.05,179.4
NCT2018000840,A Study of Novel Therapy in Patients With Brain Cancer,Brain Cancer,AstraZeneca,Phase 2,Completed,119,2019-04-27,2022-03-12,35,Double Blind,Single Group,Parallel Assignment,7,Asia,40.5,6.2,False,2019,2022,Medium (100-300),3,1,17.0,3.4,29.0,False,False,12.61,106.0
NCT2018000841,A Study of Novel Therapy in Patients With Prostate Cancer,Prostate Cancer,Sanofi,Phase 1,Completed,21,2021-06-03,2021-11-30,6,Single Blind,Randomized,Sequential Assignment,3,"Europe, South America",48.1,3.4,False,2021,2021,Very Small (<30),6,2,7.0,3.5,18.0,True,False,0.96,45.7
NCT2018000842,A Study of Novel Therapy in Patients With Colorectal Cancer,Colorectal Cancer,AbbVie,Phase 1,Completed,21,2018-07-22,2020-02-12,19,Double Blind,Randomized,Parallel Assignment,2,"North America, Australia",23.3,9.3,True,2018,2020,Very Small (<30),6,2,10.5,1.11,18.0,False,False,1.96,93.3
NCT2018000843,A Study of Novel Therapy in Patients With Colorectal Cancer,Colorectal Cancer,National Cancer Institute,Phase 2,Completed,138,2022-11-25,2025-09-10,34,Open Label,Randomized,Parallel Assignment,4,Asia,11.1,6.0,False,2022,2025,Medium (100-300),3,1,34.5,4.06,29.0,False,False,7.21,52.2
NCT2018000844,A Study of Novel Therapy in Patients With Brain Cancer,Brain Cancer,Mayo Clinic,Phase 3,Completed,412,2016-03-28,2020-01-07,46,Open Label,Randomized,Single Group Assignment,12,Australia,19.3,9.6,False,2016,2020,Large (300-500),2,1,34.3,8.96,48.0,True,False,28.84,70.0
NCT2018000845,A Study of Novel Therapy in Patients With Leukemia,Leukemia,Roche,Phase 4,Completed,273,2021-12-18,2025-11-27,48,Open Label,Randomized,Parallel Assignment,20,"Australia, North America",14.3,21.6,False,2021,2025,Medium (100-300),4,2,13.6,5.69,34.0,False,False,48.82,178.8
NCT2018000846,A Study of Novel Therapy in Patients With Gastric Cancer,Gastric Cancer,AstraZeneca,Phase 1,Completed,21,2022-07-21,2024-09-08,26,Single Blind,Non-Randomized,Parallel Assignment,2,"Europe, North America, South America",22.4,13.5,False,2022,2024,Very Small (<30),4,3,10.5,0.81,18.0,False,False,2.66,126.7
NCT2018000847,A Study of Novel Therapy in Patients With Leukemia,Leukemia,MD Anderson,Phase 2,Completed,86,2022-07-11,2024-06-30,24,Single Blind,Randomized,Single Group Assignment,3,South America,24.4,16.2,True,2022,2024,Small (30-100),3,1,28.7,3.58,29.0,True,True,3.86,44.9
NCT2018000848,A Study of Novel Therapy in Patients With Ovarian Cancer,Ovarian Cancer,National Cancer Institute,Phase 2,Completed,145,2021-05-11,2023-11-27,31,Single Blind,Non-Randomized,Factorial Assignment,2,"Europe, South America, Asia",33.9,15.2,True,2021,2023,Medium (100-300),7,3,72.5,4.68,29.0,False,False,3.54,24.4
NCT2018000849,A Study of Novel Therapy in Patients With Leukemia,Leukemia,Novartis,Phase 4,Completed,185,2020-05-06,2024-06-14,50,Open Label,Randomized,Parallel Assignment,4,Asia,5.2,34.1,False,2020,2024,Medium (100-300),3,1,46.2,3.7,34.0,False,False,10.56,57.1
NCT2018000850,A Study of Novel Therapy in Patients With Prostate Cancer,Prostate Cancer,MD Anderson,Phase 3,Completed,320,2019-03-04,2023-01-12,47,Open Label,Non-Randomized,Crossover Assignment,10,"North America, Europe",33.0,21.9,True,2019,2023,Large (300-500),4,2,32.0,6.81,48.0,True,True,24.46,76.4
NCT2018000851,A Study of Novel Therapy in Patients With Breast Cancer,Breast Cancer,AstraZeneca,Phase 3,Completed,322,2018-05-19,2023-01-23,57,Single Blind,Randomized,Parallel Assignment,24,North America,34.4,6.4,False,2018,2023,Large (300-500),4,1,13.4,5.65,48.0,False,False,69.37,215.4
NCT2018000852,A Study of Novel Therapy in Patients With Lung Cancer,Lung Cancer,Sanofi,Phase 4,Completed,176,2021-08-09,2024-03-26,32,Open Label,Randomized,Parallel Assignment,3,"North America, Europe, Asia, Australia, South America",12.1,8.0,True,2021,2024,Medium (100-300),5,5,58.7,5.5,34.0,True,True,5.33,30.3
NCT2018000853,A Study of Novel Therapy in Patients With Brain Cancer,Brain Cancer,MD Anderson,Phase 2,Completed,62,2016-12-23,2019-04-12,28,Single Blind,Single Group,Parallel Assignment,10,"Australia, North America",17.1,5.8,False,2016,2019,Small (30-100),3,2,6.2,2.21,29.0,True,False,14.19,228.9
NCT2018000854,A Study of Novel Therapy in Patients With Prostate Cancer,Prostate Cancer,Roche,Phase 3,Completed,590,2021-04-22,2025-01-31,46,Open Label,Randomized,Parallel Assignment,31,"Asia, Europe, North America",7.1,15.4,False,2021,2025,Very Large (500+),5,3,19.0,12.83,48.0,True,False,73.07,123.8
NCT2018000855,A Study of Novel Therapy in Patients With Ovarian Cancer,Ovarian Cancer,Mayo Clinic,Phase 1,Completed,10,2018-01-14,2019-05-09,16,Open Label,Randomized,Parallel Assignment,1,Asia,60.2,15.6,True,2018,2019,Very Small (<30),3,1,10.0,0.62,18.0,True,True,0.83,83.0
NCT2018000856,A Study of Novel Therapy in Patients With Prostate Cancer,Prostate Cancer,MD Anderson,Phase 3,Completed,568,2020-08-17,2025-04-23,57,Double Blind,Randomized,Parallel Assignment,34,"South America, Australia, Asia, Europe",5.7,0.6,False,2020,2025,Very Large (500+),7,4,16.7,9.96,48.0,False,False,98.6,173.6
NCT2018000857,A Study of Novel Therapy in Patients With Melanoma,Melanoma,Novartis,Phase 2,Completed,89,2018-02-25,2020-06-14,28,Triple Blind,Randomized,Parallel Assignment,5,"North America, Europe, South America",23.3,7.3,False,2018,2020,Small (30-100),8,3,17.8,3.18,29.0,True,False,7.27,81.7
NCT2018000858,A Study of Novel Therapy in Patients With Leukemia,Leukemia,Mayo Clinic,Phase 3,Completed,564,2021-12-05,2025-11-14,48,Triple Blind,Randomized,Crossover Assignment,51,"Europe, North America",13.3,6.0,True,2021,2025,Very Large (500+),9,2,11.1,11.75,48.0,True,True,124.09,220.0
NCT2018000859,A Study of Novel Therapy in Patients With Lymphoma,Lymphoma,Pfizer,Phase 2,Completed,94,2020-05-22,2021-10-14,17,Single Blind,Randomized,Parallel Assignment,8,North America,18.3,14.2,True,2020,2021,Small (30-100),4,1,11.8,5.53,29.0,True,True,7.08,75.3
NCT2018000860,A Study of Novel Therapy in Patients With Leukemia,Leukemia,MD Anderson,Phase 3,Completed,161,2015-05-15,2018-06-28,38,Single Blind,Randomized,Parallel Assignment,5,"North America, Asia, Australia",6.9,16.9,False,2015,2018,Medium (100-300),6,3,32.2,4.24,48.0,True,False,9.98,62.0
NCT2018000861,A Study of Novel Therapy in Patients With Gastric Cancer,Gastric Cancer,Pfizer,Phase 1,Completed,10,2021-02-25,2021-12-22,10,Double Blind,Single Group,Crossover Assignment,3,North America,32.1,12.0,True,2021,2021,Very Small (<30),5,1,3.3,1.0,18.0,True,True,1.53,153.0
NCT2018000862,A Study of Novel Therapy in Patients With Prostate Cancer,Prostate Cancer,Roche,Phase 2,Completed,96,2021-12-08,2024-08-24,33,Open Label,Randomized,Parallel Assignment,8,Europe,12.4,1.3,False,2021,2024,Small (30-100),3,1,12.0,2.91,29.0,False,False,13.49,140.5
NCT2018000863,A Study of Novel Therapy in Patients With Breast Cancer,Breast Cancer,AbbVie,Phase 1,Completed,28,2016-09-13,2018-08-04,23,Triple Blind,Randomized,Parallel Assignment,1,Europe,31.1,6.9,True,2016,2018,Very Small (<30),6,1,28.0,1.22,18.0,False,False,1.23,43.9
NCT2018000864,A Study of Novel Therapy in Patients With Lymphoma,Lymphoma,MD Anderson,Phase 3,Completed,595,2021-03-27,2025-05-05,50,Double Blind,Randomized,Parallel Assignment,24,"South America, North America",10.3,22.5,True,2021,2025,Very Large (500+),6,2,24.8,11.9,48.0,False,False,61.78,103.8
NCT2018000865,A Study of Novel Therapy in Patients With Pancreatic Cancer,Pancreatic Cancer,Roche,Phase 3,Completed,330,2016-12-19,2020-07-31,44,Triple Blind,Randomized,Single Group Assignment,19,"South America, North America, Europe",13.6,2.6,True,2016,2020,Large (300-500),7,3,17.4,7.5,48.0,True,True,42.79,129.7
NCT2018000866,A Study of Novel Therapy in Patients With Melanoma,Melanoma,MD Anderson,Phase 1,Completed,11,2022-07-10,2023-11-02,16,Single Blind,Randomized,Parallel Assignment,2,"Australia, Europe",20.7,2.2,True,2022,2023,Very Small (<30),5,2,5.5,0.69,18.0,True,True,1.63,148.2
NCT2018000867,A Study of Novel Therapy in Patients With Gastric Cancer,Gastric Cancer,Johnson & Johnson,Early Phase 1,Completed,34,2020-09-23,2021-12-17,15,Open Label,Randomized,Factorial Assignment,2,"South America, Asia, Europe",25.4,10.7,True,2020,2021,Small (30-100),8,3,17.0,2.27,19.0,True,True,1.6,47.1
NCT2018000868,A Study of Novel Therapy in Patients With Leukemia,Leukemia,Roche,Phase 3,Completed,235,2016-02-18,2019-04-03,38,Open Label,Single Group,Parallel Assignment,17,South America,6.8,5.0,False,2016,2019,Medium (100-300),1,1,13.8,6.18,48.0,True,False,33.01,140.5
NCT2018000869,A Study of Novel Therapy in Patients With Gastric Cancer,Gastric Cancer,National Cancer Institute,Phase 2,Completed,104,2018-01-25,2021-01-09,36,Single Blind,Randomized,Single Group Assignment,4,Australia,23.8,14.7,True,2018,2021,Medium (100-300),3,1,26.0,2.89,29.0,False,False,7.51,72.2
NCT2018000870,A Study of Novel Therapy in Patients With Melanoma,Melanoma,Mayo Clinic,Phase 4,Completed,132,2018-09-26,2021-03-14,30,Single Blind,Randomized,Factorial Assignment,5,"South America, North America",29.1,9.2,False,2018,2021,Medium (100-300),8,2,26.4,4.4,34.0,True,False,7.9,59.8
NCT2018000871,A Study of Novel Therapy in Patients With Lung Cancer,Lung Cancer,Johnson & Johnson,Phase 2,Completed,10,2017-01-06,2018-06-30,18,Double Blind,Randomized,Parallel Assignment,1,South America,8.6,10.4,True,2017,2018,Very Small (<30),5,1,10.0,0.56,29.0,True,True,0.93,93.0
NCT2018000872,A Study of Novel Therapy in Patients With Ovarian Cancer,Ovarian Cancer,Sanofi,Phase 3,Completed,503,2017-12-28,2019-05-22,17,Double Blind,Randomized,Parallel Assignment,47,"Asia, Australia, South America, Europe, North America",10.1,7.6,True,2017,2019,Very Large (500+),7,5,10.7,29.59,48.0,True,True,41.46,82.4
NCT2018000873,A Study of Novel Therapy in Patients With Prostate Cancer,Prostate Cancer,National Cancer Institute,Phase 2,Completed,43,2020-09-20,2022-06-12,21,Open Label,Randomized,Sequential Assignment,3,"Europe, Australia, Asia",15.3,13.4,False,2020,2022,Small (30-100),6,3,14.3,2.05,29.0,True,False,3.28,76.3
NCT2018000874,A Study of Novel Therapy in Patients With Leukemia,Leukemia,Johnson & Johnson,Phase 2,Completed,139,2017-03-16,2020-07-28,41,Open Label,Single Group,Parallel Assignment,5,North America,19.1,11.5,True,2017,2020,Medium (100-300),1,1,27.8,3.39,29.0,False,False,10.67,76.8
NCT2018000875,A Study of Novel Therapy in Patients With Breast Cancer,Breast Cancer,National Cancer Institute,Phase 2,Completed,45,2022-10-06,2024-02-28,17,Open Label,Non-Randomized,Sequential Assignment,2,"Europe, Asia",30.7,11.9,True,2022,2024,Small (30-100),3,2,22.5,2.65,29.0,True,True,1.84,40.9
NCT2018000876,A Study of Novel Therapy in Patients With Lymphoma,Lymphoma,National Cancer Institute,Phase 4,Completed,102,2019-06-20,2023-10-27,53,Triple Blind,Single Group,Single Group Assignment,5,Europe,30.6,9.3,True,2019,2023,Medium (100-300),3,1,20.4,1.92,34.0,False,False,13.56,132.9
NCT2018000877,A Study of Novel Therapy in Patients With Colorectal Cancer,Colorectal Cancer,Bristol-Myers Squibb,Phase 1,Completed,17,2016-03-26,2017-09-17,18,Double Blind,Non-Randomized,Parallel Assignment,3,"Australia, Asia, South America",42.4,7.9,False,2016,2017,Very Small (<30),5,3,5.7,0.94,18.0,True,False,2.75,161.8
NCT2018000878,A Study of Novel Therapy in Patients With Brain Cancer,Brain Cancer,Merck,Phase 3,Completed,344,2017-01-26,2021-12-31,60,Open Label,Randomized,Sequential Assignment,29,Europe,29.6,9.3,True,2017,2021,Large (300-500),4,1,11.9,5.73,48.0,False,False,88.03,255.9
NCT2018000879,A Study of Novel Therapy in Patients With Lung Cancer,Lung Cancer,Pfizer,Phase 1,Completed,16,2017-09-26,2018-12-20,15,Single Blind,Non-Randomized,Parallel Assignment,3,"Europe, South America, Australia",17.1,11.7,False,2017,2018,Very Small (<30),4,3,5.3,1.07,18.0,True,False,2.3,143.8
NCT2018000880,A Study of Novel Therapy in Patients With Leukemia,Leukemia,Bristol-Myers Squibb,Phase 3,Completed,297,2020-09-03,2025-08-08,60,Triple Blind,Non-Randomized,Factorial Assignment,30,"Europe, South America, Asia",6.8,6.0,True,2020,2025,Medium (100-300),9,3,9.9,4.95,48.0,False,False,90.89,306.0
NCT2018000881,A Study of Novel Therapy in Patients With Melanoma,Melanoma,MD Anderson,Phase 3,Completed,246,2016-09-14,2017-03-13,6,Double Blind,Randomized,Sequential Assignment,24,"Asia, South America, North America",32.1,6.8,False,2016,2017,Medium (100-300),8,3,10.2,41.0,48.0,True,False,7.94,32.3
NCT2018000882,A Study of Novel Therapy in Patients With Prostate Cancer,Prostate Cancer,Johnson & Johnson,Phase 4,Completed,231,2020-03-24,2023-09-05,42,Quadruple Blind,Randomized,Parallel Assignment,16,Asia,12.7,6.7,True,2020,2023,Medium (100-300),7,1,14.4,5.5,34.0,False,False,34.29,148.4
NCT2018000883,A Study of Novel Therapy in Patients With Melanoma,Melanoma,AbbVie,Phase 4,Completed,87,2015-10-09,2018-07-25,34,Open Label,Randomized,Parallel Assignment,2,"Asia, Australia, South America, North America, Europe",19.9,17.8,False,2015,2018,Small (30-100),5,5,43.5,2.56,34.0,True,False,3.66,42.1
NCT2018000884,A Study of Novel Therapy in Patients With Pancreatic Cancer,Pancreatic Cancer,MD Anderson,Phase 4,Completed,175,2022-08-06,2026-11-13,52,Single Blind,Single Group,Crossover Assignment,3,North America,10.3,21.9,True,2022,2026,Medium (100-300),4,1,58.3,3.37,34.0,False,False,8.32,47.5
NCT2018000885,A Study of Novel Therapy in Patients With Gastric Cancer,Gastric Cancer,Mayo Clinic,Phase 3,Completed,370,2017-03-03,2019-06-21,28,Single Blind,Non-Randomized,Parallel Assignment,30,"Asia, North America, Australia",11.4,6.2,True,2017,2019,Large (300-500),4,3,12.3,13.21,48.0,True,True,43.11,116.5
NCT2018000886,A Study of Novel Therapy in Patients With Liver Cancer,Liver Cancer,National Cancer Institute,Phase 4,Completed,212,2015-06-27,2019-07-06,49,Double Blind,Single Group,Sequential Assignment,15,"Australia, Asia, South America, North America",16.1,6.6,False,2015,2019,Medium (100-300),6,4,14.1,4.33,34.0,False,False,37.39,176.4
NCT2018000887,A Study of Novel Therapy in Patients With Liver Cancer,Liver Cancer,MD Anderson,Phase 2,Completed,109,2015-02-07,2018-05-22,40,Triple Blind,Randomized,Single Group Assignment,3,North America,38.1,7.0,True,2015,2018,Medium (100-300),5,1,36.3,2.72,29.0,False,False,6.33,58.1
NCT2018000888,A Study of Novel Therapy in Patients With Ovarian Cancer,Ovarian Cancer,Johnson & Johnson,Phase 1,Completed,13,2017-11-24,2019-08-16,21,Triple Blind,Single Group,Parallel Assignment,3,"Asia, South America",41.9,5.0,True,2017,2019,Very Small (<30),5,2,4.3,0.62,18.0,False,False,3.19,245.4
NCT2018000889,A Study of Novel Therapy in Patients With Pancreatic Cancer,Pancreatic Cancer,Sanofi,Phase 3,Completed,206,2016-02-03,2020-01-13,48,Open Label,Randomized,Parallel Assignment,30,"Europe, North America, South America, Australia, Asia",26.1,4.5,True,2016,2020,Medium (100-300),5,5,6.9,4.29,48.0,True,True,72.62,352.5
NCT2018000890,A Study of Novel Therapy in Patients With Prostate Cancer,Prostate Cancer,Bristol-Myers Squibb,Phase 3,Completed,428,2018-12-25,2023-12-29,61,Double Blind,Randomized,Parallel Assignment,19,Europe,36.4,15.8,False,2018,2023,Large (300-500),5,1,22.5,7.02,48.0,False,False,59.23,138.4
NCT2018000891,A Study of Novel Therapy in Patients With Prostate Cancer,Prostate Cancer,Bristol-Myers Squibb,Phase 2,Completed,99,2018-03-10,2018-10-06,7,Open Label,Randomized,Parallel Assignment,7,"Asia, South America",66.2,9.6,False,2018,2018,Small (30-100),4,2,14.1,14.14,29.0,True,False,2.75,27.8
NCT2018000892,A Study of Novel Therapy in Patients With Colorectal Cancer,Colorectal Cancer,Pfizer,Phase 3,Completed,301,2021-03-18,2022-08-10,17,Double Blind,Single Group,Parallel Assignment,30,"Asia, Europe, South America",15.0,1.9,False,2021,2022,Large (300-500),5,3,10.0,17.71,48.0,True,False,26.4,87.7
NCT2018000893,A Study of Novel Therapy in Patients With Gastric Cancer,Gastric Cancer,Bristol-Myers Squibb,Phase 2,Completed,118,2016-09-25,2018-07-17,22,Open Label,Randomized,Parallel Assignment,3,"Europe, South America",17.9,6.0,True,2016,2018,Medium (100-300),4,2,39.3,5.36,29.0,True,True,3.65,30.9
NCT2018000894,A Study of Novel Therapy in Patients With Leukemia,Leukemia,National Cancer Institute,Phase 2,Completed,84,2021-11-19,2024-04-07,29,Quadruple Blind,Randomized,Parallel Assignment,7,"North America, Europe, South America, Asia",4.3,3.5,True,2021,2024,Small (30-100),9,4,12.0,2.9,29.0,True,True,10.4,123.8
NCT2018000895,A Study of Novel Therapy in Patients With Lung Cancer,Lung Cancer,Roche,Phase 3,Completed,669,2020-05-06,2025-01-10,57,Single Blind,Randomized,Parallel Assignment,71,"Australia, South America",38.5,6.9,False,2020,2025,Very Large (500+),5,2,9.4,11.74,48.0,False,False,204.36,305.5
NCT2018000896,A Study of Novel Therapy in Patients With Prostate Cancer,Prostate Cancer,Bristol-Myers Squibb,Phase 2,Completed,78,2020-10-11,2024-09-20,48,Single Blind,Randomized,Parallel Assignment,5,"Australia, North America, Europe",3.8,15.0,True,2020,2024,Small (30-100),6,3,15.6,1.62,29.0,False,False,12.23,156.8
NCT2018000897,A Study of Novel Therapy in Patients With Pancreatic Cancer,Pancreatic Cancer,Johnson & Johnson,Phase 2,Completed,74,2015-03-17,2017-04-05,25,Open Label,Randomized,Single Group Assignment,10,Australia,5.5,3.7,False,2015,2017,Small (30-100),2,1,7.4,2.96,29.0,True,False,12.72,171.9
NCT2018000898,A Study of Novel Therapy in Patients With Leukemia,Leukemia,Pfizer,Phase 1,Completed,28,2016-05-26,2018-03-17,22,Triple Blind,Non-Randomized,Parallel Assignment,1,"Europe, Australia",25.1,16.0,False,2016,2018,Very Small (<30),5,2,28.0,1.27,18.0,False,False,1.18,42.1
NCT2018000899,A Study of Novel Therapy in Patients With Lung Cancer,Lung Cancer,Roche,Phase 2,Completed,131,2018-04-14,2019-06-08,14,Open Label,Randomized,Single Group Assignment,7,Europe,20.6,10.2,True,2018,2019,Medium (100-300),2,1,18.7,9.36,29.0,True,True,5.29,40.4
NCT2018000900,A Study of Novel Therapy in Patients With Liver Cancer,Liver Cancer,Johnson & Johnson,Phase 2,Completed,100,2018-08-22,2021-03-09,31,Single Blind,Randomized,Parallel Assignment,3,"Asia, Europe",16.8,11.8,True,2018,2021,Medium (100-300),5,2,33.3,3.23,29.0,False,False,4.95,49.5
NCT2018000901,A Study of Novel Therapy in Patients With Melanoma,Melanoma,MD Anderson,Phase 2,Completed,71,2021-10-13,2024-10-27,37,Double Blind,Randomized,Single Group Assignment,2,Australia,17.2,3.1,True,2021,2024,Small (30-100),4,1,35.5,1.92,29.0,False,False,3.91,55.1
NCT2018000902,A Study of Novel Therapy in Patients With Leukemia,Leukemia,AstraZeneca,Phase 1,Completed,13,2015-10-20,2016-11-13,13,Triple Blind,Single Group,Single Group Assignment,1,"North America, Europe",33.9,6.8,True,2015,2016,Very Small (<30),4,2,13.0,1.0,18.0,True,True,0.69,53.1
NCT2018000903,A Study of Novel Therapy in Patients With Lymphoma,Lymphoma,MD Anderson,Phase 1,Completed,13,2017-07-05,2018-11-27,17,Open Label,Randomized,Crossover Assignment,1,South America,9.9,21.4,True,2017,2018,Very Small (<30),5,1,13.0,0.76,18.0,True,True,0.89,68.5
NCT2018000904,A Study of Novel Therapy in Patients With Ovarian Cancer,Ovarian Cancer,Novartis,Phase 2,Completed,157,2022-02-12,2024-09-29,32,Double Blind,Randomized,Sequential Assignment,2,Europe,2.2,17.1,True,2022,2024,Medium (100-300),6,1,78.5,4.91,29.0,False,False,3.67,23.4
NCT2018000905,A Study of Novel Therapy in Patients With Brain Cancer,Brain Cancer,Pfizer,Phase 2,Completed,96,2022-11-22,2026-03-06,40,Single Blind,Non-Randomized,Parallel Assignment,6,"North America, South America, Asia",22.8,0.4,True,2022,2026,Small (30-100),4,3,16.0,2.4,29.0,False,False,12.29,128.0
NCT2018000906,A Study of Novel Therapy in Patients With Leukemia,Leukemia,AbbVie,Phase 2,Completed,67,2020-02-26,2022-05-16,27,Open Label,Randomized,Crossover Assignment,3,Asia,4.5,9.3,False,2020,2022,Small (30-100),5,1,22.3,2.48,29.0,True,False,4.25,63.4
NCT2018000907,A Study of Novel Therapy in Patients With Melanoma,Melanoma,Merck,Phase 3,Completed,297,2022-07-02,2025-12-13,42,Single Blind,Randomized,Sequential Assignment,24,"Australia, Asia",17.9,11.7,True,2022,2025,Medium (100-300),6,2,12.4,7.07,48.0,True,True,51.29,172.7
NCT2018000908,A Study of Novel Therapy in Patients With Melanoma,Melanoma,Pfizer,Phase 2,Completed,31,2019-03-10,2021-04-28,26,Single Blind,Randomized,Parallel Assignment,3,North America,7.7,3.6,True,2019,2021,Small (30-100),4,1,10.3,1.19,29.0,True,True,3.99,128.7
NCT2018000909,A Study of Novel Therapy in Patients With Gastric Cancer,Gastric Cancer,Johnson & Johnson,Phase 1,Completed,30,2018-03-03,2019-07-26,17,Double Blind,Randomized,Parallel Assignment,2,"Asia, Australia",17.3,10.9,False,2018,2019,Small (30-100),6,2,15.0,1.76,18.0,True,False,1.79,59.7
NCT2018000910,A Study of Novel Therapy in Patients With Prostate Cancer,Prostate Cancer,Mayo Clinic,Phase 3,Completed,451,2022-01-03,2026-07-11,55,Single Blind,Randomized,Single Group Assignment,30,"North America, South America, Asia",42.5,16.3,False,2022,2026,Large (300-500),5,3,15.0,8.2,48.0,False,False,83.85,185.9
NCT2018000911,A Study of Novel Therapy in Patients With Liver Cancer,Liver Cancer,Mayo Clinic,Phase 1,Completed,23,2019-07-13,2021-10-30,28,Open Label,Single Group,Parallel Assignment,3,"North America, South America, Australia",32.5,10.3,False,2019,2021,Very Small (<30),3,3,7.7,0.82,18.0,False,False,4.27,185.7
NCT2018000912,A Study of Novel Therapy in Patients With Melanoma,Melanoma,National Cancer Institute,Phase 2,Completed,98,2018-12-26,2021-06-13,30,Open Label,Randomized,Parallel Assignment,8,Europe,2.6,15.3,True,2018,2021,Small (30-100),3,1,12.2,3.27,29.0,False,False,12.29,125.4
NCT2018000913,A Study of Novel Therapy in Patients With Pancreatic Cancer,Pancreatic Cancer,Johnson & Johnson,Phase 3,Completed,448,2017-11-10,2021-06-22,44,Open Label,Randomized,Parallel Assignment,23,"Asia, Australia, Europe",9.7,9.2,False,2017,2021,Large (300-500),5,3,19.5,10.18,48.0,True,False,51.94,115.9
NCT2018000914,A Study of Novel Therapy in Patients With Leukemia,Leukemia,Novartis,Early Phase 1,Completed,31,2018-04-01,2019-06-25,15,Double Blind,Randomized,Single Group Assignment,3,"South America, Australia, Asia",39.8,7.8,True,2018,2019,Small (30-100),6,3,10.3,2.07,19.0,True,True,2.34,75.5
NCT2018000915,A Study of Novel Therapy in Patients With Brain Cancer,Brain Cancer,AbbVie,Phase 2,Completed,81,2015-06-11,2018-04-26,35,Single Blind,Non-Randomized,Parallel Assignment,9,Europe,16.3,23.2,False,2015,2018,Small (30-100),2,1,9.0,2.31,29.0,False,False,15.99,197.4
NCT2018000916,A Study of Novel Therapy in Patients With Breast Cancer,Breast Cancer,MD Anderson,Phase 2,Completed,62,2016-11-16,2018-07-09,20,Double Blind,Randomized,Parallel Assignment,10,"Asia, Australia",0.8,3.7,True,2016,2018,Small (30-100),6,2,6.2,3.1,29.0,True,True,10.19,164.4
NCT2018000917,A Study of Novel Therapy in Patients With Colorectal Cancer,Colorectal Cancer,National Cancer Institute,Phase 2,Completed,127,2017-10-12,2019-01-05,15,Double Blind,Randomized,Crossover Assignment,6,"South America, Europe",17.0,0.8,True,2017,2019,Medium (100-300),8,2,21.2,8.47,29.0,True,True,4.88,38.4
NCT2018000918,A Study of Novel Therapy in Patients With Lymphoma,Lymphoma,National Cancer Institute,Phase 2,Completed,21,2016-02-13,2017-05-08,15,Open Label,Single Group,Single Group Assignment,1,"South America, Australia, Europe, North America",21.0,3.9,True,2016,2017,Very Small (<30),2,4,21.0,1.4,29.0,True,True,0.81,38.6
NCT2018000919,A Study of Novel Therapy in Patients With Leukemia,Leukemia,AstraZeneca,Phase 2,Completed,122,2016-11-22,2019-04-11,29,Quadruple Blind,Non-Randomized,Parallel Assignment,10,"Europe, South America",7.6,5.8,True,2016,2019,Medium (100-300),6,2,12.2,4.21,29.0,True,True,14.87,121.9
NCT2018000920,A Study of Novel Therapy in Patients With Brain Cancer,Brain Cancer,Roche,Phase 2,Completed,53,2017-07-10,2020-01-26,31,Open Label,Non-Randomized,Crossover Assignment,4,"North America, South America, Asia",31.4,5.1,False,2017,2020,Small (30-100),5,3,13.2,1.71,29.0,False,False,6.36,120.0
NCT2018000921,A Study of Novel Therapy in Patients With Lymphoma,Lymphoma,Merck,Early Phase 1,Completed,22,2015-10-08,2017-01-30,16,Open Label,Non-Randomized,Factorial Assignment,3,"South America, North America",2.9,11.5,True,2015,2017,Very Small (<30),5,2,7.3,1.38,19.0,True,True,2.47,112.3
NCT2018000922,A Study of Novel Therapy in Patients With Pancreatic Cancer,Pancreatic Cancer,MD Anderson,Phase 1,Completed,50,2022-11-03,2023-10-29,12,Quadruple Blind,Randomized,Single Group Assignment,8,"Europe, Australia",9.4,8.5,True,2022,2023,Small (30-100),7,2,6.2,4.17,18.0,True,True,4.95,99.0
NCT2018000923,A Study of Novel Therapy in Patients With Prostate Cancer,Prostate Cancer,Roche,Phase 3,Completed,654,2022-12-07,2027-11-11,60,Single Blind,Randomized,Sequential Assignment,33,"South America, Europe",31.7,29.5,False,2022,2027,Very Large (500+),6,2,19.8,10.9,48.0,False,False,100.96,154.4
NCT2018000924,A Study of Novel Therapy in Patients With Prostate Cancer,Prostate Cancer,Roche,Phase 2,Completed,177,2022-09-21,2025-05-08,32,Open Label,Non-Randomized,Parallel Assignment,4,North America,13.2,5.4,True,2022,2025,Medium (100-300),1,1,44.2,5.53,29.0,False,False,6.93,39.2
NCT2018000925,A Study of Novel Therapy in Patients With Liver Cancer,Liver Cancer,Johnson & Johnson,Phase 1,Completed,11,2022-07-03,2023-07-28,13,Triple Blind,Single Group,Sequential Assignment,3,Australia,50.5,3.8,True,2022,2023,Very Small (<30),5,1,3.7,0.85,18.0,True,True,1.98,180.0
NCT2018000926,A Study of Novel Therapy in Patients With Breast Cancer,Breast Cancer,Sanofi,Phase 2,Completed,87,2022-12-02,2023-12-27,13,Open Label,Randomized,Crossover Assignment,2,"Australia, South America",20.3,9.6,True,2022,2023,Small (30-100),6,2,43.5,6.69,29.0,True,True,1.56,17.9
NCT2018000927,A Study of Novel Therapy in Patients With Colorectal Cancer,Colorectal Cancer,Bristol-Myers Squibb,Phase 1,Completed,16,2016-12-06,2017-08-03,8,Single Blind,Non-Randomized,Parallel Assignment,1,"Europe, Asia, North America",2.0,58.2,True,2016,2017,Very Small (<30),4,3,16.0,2.0,18.0,True,True,0.45,28.1
NCT2018000928,A Study of Novel Therapy in Patients With Brain Cancer,Brain Cancer,Mayo Clinic,Phase 3,Completed,213,2022-04-25,2026-10-01,54,Open Label,Randomized,Parallel Assignment,24,"Australia, Asia, South America",12.7,4.9,True,2022,2026,Medium (100-300),5,3,8.9,3.94,48.0,False,False,65.44,307.2
NCT2018000929,A Study of Novel Therapy in Patients With Ovarian Cancer,Ovarian Cancer,Bristol-Myers Squibb,Phase 1,Completed,13,2015-04-12,2016-07-05,15,Double Blind,Non-Randomized,Parallel Assignment,3,Asia,13.5,8.7,True,2015,2016,Very Small (<30),3,1,4.3,0.87,18.0,True,True,2.29,176.2
NCT2018000930,A Study of Novel Therapy in Patients With Melanoma,Melanoma,Roche,Phase 2,Completed,85,2017-03-20,2019-11-05,32,Open Label,Randomized,Single Group Assignment,2,"Australia, Asia, North America, South America",7.8,20.3,True,2017,2019,Small (30-100),4,4,42.5,2.66,29.0,False,False,3.46,40.7
NCT2018000931,A Study of Novel Therapy in Patients With Gastric Cancer,Gastric Cancer,AbbVie,Phase 3,Completed,297,2021-08-20,2026-12-22,65,Quadruple Blind,Single Group,Single Group Assignment,28,"Asia, Australia, Europe, South America",42.8,28.1,False,2021,2026,Medium (100-300),6,4,10.6,4.57,48.0,False,False,91.89,309.4
NCT2018000932,A Study of Novel Therapy in Patients With Brain Cancer,Brain Cancer,Roche,Phase 4,Completed,197,2022-07-01,2026-02-10,44,Double Blind,Randomized,Parallel Assignment,5,Asia,19.0,4.5,True,2022,2026,Medium (100-300),5,1,39.4,4.48,34.0,False,False,11.59,58.8
NCT2018000933,A Study of Novel Therapy in Patients With Lung Cancer,Lung Cancer,MD Anderson,Phase 3,Completed,403,2018-06-16,2021-01-01,31,Single Blind,Single Group,Sequential Assignment,26,"Europe, Asia, South America, North America",23.8,11.0,True,2018,2021,Large (300-500),5,4,15.5,13.0,48.0,True,True,41.51,103.0
NCT2018000934,A Study of Novel Therapy in Patients With Leukemia,Leukemia,AbbVie,Phase 1,Completed,24,2016-05-18,2017-09-10,16,Quadruple Blind,Non-Randomized,Single Group Assignment,1,"North America, South America, Asia, Australia, Europe",35.7,2.4,True,2016,2017,Very Small (<30),6,5,24.0,1.5,18.0,True,True,0.87,36.2
NCT2018000935,A Study of Novel Therapy in Patients With Gastric Cancer,Gastric Cancer,MD Anderson,Phase 3,Completed,594,2018-04-23,2023-05-27,62,Double Blind,Randomized,Factorial Assignment,37,"North America, Europe",2.3,6.8,False,2018,2023,Very Large (500+),9,2,16.1,9.58,48.0,False,False,116.48,196.1
NCT2018000936,A Study of Novel Therapy in Patients With Colorectal Cancer,Colorectal Cancer,AbbVie,Phase 4,Completed,256,2019-01-07,2020-11-27,23,Open Label,Randomized,Single Group Assignment,24,North America,6.0,1.4,True,2019,2020,Medium (100-300),2,1,10.7,11.13,34.0,True,True,28.37,110.8
NCT2018000937,A Study of Novel Therapy in Patients With Prostate Cancer,Prostate Cancer,Sanofi,Phase 3,Completed,800,2016-08-03,2020-08-12,49,Single Blind,Randomized,Single Group Assignment,58,"Australia, North America",30.0,10.6,False,2016,2020,Very Large (500+),4,2,13.8,16.33,48.0,False,False,144.5,180.6
NCT2018000938,A Study of Novel Therapy in Patients With Lung Cancer,Lung Cancer,Mayo Clinic,Phase 4,Completed,242,2022-11-07,2025-04-25,30,Double Blind,Non-Randomized,Crossover Assignment,10,South America,24.3,8.0,True,2022,2025,Medium (100-300),5,1,24.2,8.07,34.0,True,True,15.73,65.0
NCT2018000939,A Study of Novel Therapy in Patients With Colorectal Cancer,Colorectal Cancer,AstraZeneca,Phase 2,Completed,176,2022-09-10,2026-01-22,41,Quadruple Blind,Randomized,Sequential Assignment,5,"Australia, Asia",34.6,23.0,True,2022,2026,Medium (100-300),9,2,35.2,4.29,29.0,False,False,10.78,61.2
NCT2018000940,A Study of Novel Therapy in Patients With Colorectal Cancer,Colorectal Cancer,Sanofi,Phase 1,Completed,10,2015-06-17,2017-03-08,21,Single Blind,Randomized,Parallel Assignment,2,"North America, South America, Europe",16.6,4.7,True,2015,2017,Very Small (<30),6,3,5.0,0.48,18.0,False,False,2.13,213.0
NCT2018000941,A Study of Novel Therapy in Patients With Colorectal Cancer,Colorectal Cancer,Merck,Phase 2,Completed,43,2016-04-07,2020-05-16,50,Single Blind,Randomized,Crossover Assignment,2,Asia,17.9,16.1,False,2016,2020,Small (30-100),6,1,21.5,0.86,29.0,False,False,5.13,119.3
NCT2018000942,A Study of Novel Therapy in Patients With Liver Cancer,Liver Cancer,Roche,Phase 1,Completed,35,2020-03-07,2021-06-30,16,Triple Blind,Non-Randomized,Sequential Assignment,3,"Asia, South America, Australia",12.6,11.2,True,2020,2021,Small (30-100),7,3,11.7,2.19,18.0,True,True,2.5,71.4
NCT2018000943,A Study of Novel Therapy in Patients With Gastric Cancer,Gastric Cancer,Bristol-Myers Squibb,Phase 2,Completed,131,2018-05-16,2019-05-11,12,Quadruple Blind,Non-Randomized,Parallel Assignment,6,"Asia, Australia",28.2,23.6,True,2018,2019,Medium (100-300),6,2,21.8,10.92,29.0,True,True,3.99,30.5
NCT2018000944,A Study of Novel Therapy in Patients With Lymphoma,Lymphoma,Johnson & Johnson,Phase 2,Completed,154,2015-07-02,2018-08-15,38,Quadruple Blind,Randomized,Crossover Assignment,9,"North America, Europe, Australia",23.7,8.1,False,2015,2018,Medium (100-300),11,3,17.1,4.05,29.0,False,False,17.56,114.0
NCT2018000945,A Study of Novel Therapy in Patients With Leukemia,Leukemia,Pfizer,Phase 2,Completed,65,2020-07-26,2022-10-14,27,Single Blind,Randomized,Single Group Assignment,5,"South America, Asia",38.3,8.5,True,2020,2022,Small (30-100),4,2,13.0,2.41,29.0,True,True,6.94,106.8
NCT2018000946,A Study of Novel Therapy in Patients With Leukemia,Leukemia,Mayo Clinic,Phase 1,Completed,28,2022-12-19,2023-11-14,11,Single Blind,Single Group,Parallel Assignment,3,"South America, Europe",6.3,2.3,True,2022,2023,Very Small (<30),3,2,9.3,2.55,18.0,True,True,1.73,61.8
NCT2018000947,A Study of Novel Therapy in Patients With Lymphoma,Lymphoma,Pfizer,Phase 3,Completed,320,2016-01-21,2021-03-25,63,Single Blind,Randomized,Parallel Assignment,19,Europe,53.5,4.0,False,2016,2021,Large (300-500),4,1,16.8,5.08,48.0,False,False,60.81,190.0
NCT2018000948,A Study of Novel Therapy in Patients With Gastric Cancer,Gastric Cancer,Johnson & Johnson,Phase 1,Completed,32,2017-03-19,2018-06-12,15,Open Label,Randomized,Parallel Assignment,1,"Australia, Asia",35.9,8.4,True,2017,2018,Small (30-100),4,2,32.0,2.13,18.0,True,True,0.85,26.6
NCT2018000949,A Study of Novel Therapy in Patients With Gastric Cancer,Gastric Cancer,Pfizer,Phase 3,Completed,386,2017-02-28,2022-06-02,64,Triple Blind,Non-Randomized,Parallel Assignment,21,"South America, Europe, North America, Australia",4.0,11.7,True,2017,2022,Large (300-500),6,4,18.4,6.03,48.0,False,False,68.36,177.1
NCT2018000950,A Study of Novel Therapy in Patients With Leukemia,Leukemia,Merck,Phase 2,Completed,89,2019-05-20,2021-10-06,29,Double Blind,Randomized,Parallel Assignment,8,"South America, North America",36.8,4.5,False,2019,2021,Small (30-100),6,2,11.1,3.07,29.0,True,False,11.87,133.4
NCT2018000951,A Study of Novel Therapy in Patients With Ovarian Cancer,Ovarian Cancer,AstraZeneca,Phase 1,Completed,26,2015-10-14,2016-06-10,8,Quadruple Blind,Single Group,Sequential Assignment,2,"South America, Asia, Australia",17.1,0.8,True,2015,2016,Very Small (<30),8,3,13.0,3.25,18.0,True,True,0.88,33.8
NCT2018000952,A Study of Novel Therapy in Patients With Lung Cancer,Lung Cancer,National Cancer Institute,Phase 1,Completed,11,2016-09-25,2018-10-15,25,Open Label,Randomized,Single Group Assignment,1,"South America, Europe",19.3,12.5,False,2016,2018,Very Small (<30),3,2,11.0,0.44,18.0,False,False,1.28,116.4
NCT2018000953,A Study of Novel Therapy in Patients With Lymphoma,Lymphoma,Bristol-Myers Squibb,Phase 3,Completed,376,2022-08-24,2024-09-12,25,Open Label,Randomized,Parallel Assignment,28,"Australia, South America",26.4,0.9,False,2022,2024,Large (300-500),4,2,13.4,15.04,48.0,True,False,36.13,96.1
NCT2018000954,A Study of Novel Therapy in Patients With Melanoma,Melanoma,Pfizer,Phase 2,Completed,102,2021-01-01,2024-02-15,38,Open Label,Randomized,Parallel Assignment,5,"Asia, South America",7.8,13.5,False,2021,2024,Medium (100-300),4,2,20.4,2.68,29.0,False,False,9.81,96.2
NCT2018000955,A Study of Novel Therapy in Patients With Pancreatic Cancer,Pancreatic Cancer,AstraZeneca,Phase 1,Completed,10,2017-04-25,2017-12-21,8,Open Label,Randomized,Parallel Assignment,3,"North America, Europe",26.9,7.5,True,2017,2017,Very Small (<30),4,2,3.3,1.25,18.0,True,True,1.23,123.0
NCT2018000956,A Study of Novel Therapy in Patients With Leukemia,Leukemia,AstraZeneca,Early Phase 1,Completed,26,2018-11-07,2020-03-01,16,Open Label,Randomized,Factorial Assignment,1,"Europe, Asia, North America, South America",28.3,0.5,False,2018,2020,Very Small (<30),8,4,26.0,1.62,19.0,True,False,0.88,33.8
NCT2018000957,A Study of Novel Therapy in Patients With Lung Cancer,Lung Cancer,Johnson & Johnson,Phase 4,Completed,228,2015-08-28,2016-09-21,13,Double Blind,Non-Randomized,Parallel Assignment,24,"Europe, Australia",6.3,5.8,False,2015,2016,Medium (100-300),4,2,9.5,17.54,34.0,True,False,16.28,71.4
NCT2018000958,A Study of Novel Therapy in Patients With Lung Cancer,Lung Cancer,Novartis,Phase 2,Completed,66,2017-09-19,2020-09-03,36,Double Blind,Randomized,Crossover Assignment,3,"Australia, Asia, South America, Europe",17.3,5.6,True,2017,2020,Small (30-100),9,4,22.0,1.83,29.0,False,False,5.6,84.8
NCT2018000959,A Study of Novel Therapy in Patients With Lung Cancer,Lung Cancer,AbbVie,Phase 1,Completed,24,2020-08-09,2022-05-01,21,Double Blind,Single Group,Parallel Assignment,2,"South America, North America, Europe",17.9,20.0,True,2020,2022,Very Small (<30),5,3,12.0,1.14,18.0,False,False,2.17,90.4
NCT2018000960,A Study of Novel Therapy in Patients With Lung Cancer,Lung Cancer,Johnson & Johnson,Phase 2,Completed,123,2019-04-23,2021-10-09,30,Open Label,Non-Randomized,Parallel Assignment,9,Asia,11.7,5.4,False,2019,2021,Medium (100-300),1,1,13.7,4.1,29.0,False,False,13.87,112.8
NCT2018000961,A Study of Novel Therapy in Patients With Breast Cancer,Breast Cancer,Roche,Phase 4,Completed,308,2018-03-19,2019-07-12,16,Open Label,Randomized,Parallel Assignment,25,"North America, Europe, Asia",13.9,11.8,True,2018,2019,Large (300-500),5,3,12.3,19.25,34.0,True,True,20.92,67.9
NCT2018000962,A Study of Novel Therapy in Patients With Lymphoma,Lymphoma,Roche,Phase 2,Completed,154,2021-03-06,2022-12-26,22,Quadruple Blind,Single Group,Single Group Assignment,4,"North America, Europe",21.5,6.1,True,2021,2022,Medium (100-300),5,2,38.5,7.0,29.0,True,True,4.86,31.6
NCT2018000963,A Study of Novel Therapy in Patients With Lymphoma,Lymphoma,MD Anderson,Phase 1,Completed,10,2020-05-20,2021-06-14,13,Single Blind,Non-Randomized,Parallel Assignment,2,Europe,30.2,8.0,False,2020,2021,Very Small (<30),2,1,5.0,0.77,18.0,True,False,1.33,133.0
NCT2018000964,A Study of Novel Therapy in Patients With Lymphoma,Lymphoma,National Cancer Institute,Phase 1,Completed,17,2017-03-04,2018-07-27,17,Open Label,Single Group,Parallel Assignment,1,South America,42.8,5.6,True,2017,2018,Very Small (<30),1,1,17.0,1.0,18.0,True,True,0.9,52.9
NCT2018000965,A Study of Novel Therapy in Patients With Ovarian Cancer,Ovarian Cancer,Sanofi,Phase 2,Completed,90,2017-10-26,2021-03-09,41,Double Blind,Randomized,Parallel Assignment,6,Australia,1.9,3.5,True,2017,2021,Small (30-100),5,1,15.0,2.2,29.0,False,False,12.57,139.7
NCT2018000966,A Study of Novel Therapy in Patients With Gastric Cancer,Gastric Cancer,Novartis,Phase 3,Completed,447,2022-08-24,2026-02-04,42,Triple Blind,Randomized,Parallel Assignment,26,Europe,34.3,0.9,True,2022,2026,Large (300-500),6,1,17.2,10.64,48.0,True,True,55.94,125.1
NCT2018000967,A Study of Novel Therapy in Patients With Lung Cancer,Lung Cancer,Mayo Clinic,Phase 1,Completed,46,2021-05-20,2024-01-05,32,Open Label,Randomized,Parallel Assignment,3,"South America, Asia",12.2,16.5,False,2021,2024,Small (30-100),4,2,15.3,1.44,18.0,False,False,4.94,107.4
NCT2018000968,A Study of Novel Therapy in Patients With Lymphoma,Lymphoma,AstraZeneca,Phase 1,Completed,29,2017-10-24,2019-03-18,17,Quadruple Blind,Randomized,Sequential Assignment,2,"Europe, Australia",54.8,14.8,True,2017,2019,Very Small (<30),9,2,14.5,1.71,18.0,True,True,1.79,61.7
NCT2018000969,A Study of Novel Therapy in Patients With Prostate Cancer,Prostate Cancer,Roche,Phase 3,Completed,273,2021-06-01,2026-06-05,61,Double Blind,Randomized,Parallel Assignment,30,"Australia, South America, Europe, North America",16.0,20.1,True,2021,2026,Medium (100-300),7,4,9.1,4.48,48.0,False,False,92.32,338.2
NCT2018000970,A Study of Novel Therapy in Patients With Brain Cancer,Brain Cancer,Novartis,Phase 2,Completed,48,2019-11-25,2021-12-14,25,Double Blind,Randomized,Factorial Assignment,1,South America,15.3,3.0,False,2019,2021,Small (30-100),8,1,48.0,1.92,29.0,True,False,1.39,29.0
NCT2018000971,A Study of Novel Therapy in Patients With Lung Cancer,Lung Cancer,MD Anderson,Phase 2,Completed,30,2020-09-09,2024-10-18,50,Open Label,Randomized,Single Group Assignment,3,Europe,44.0,3.0,False,2020,2024,Small (30-100),2,1,10.0,0.6,29.0,False,False,7.59,253.0
NCT2018000972,A Study of Novel Therapy in Patients With Lung Cancer,Lung Cancer,AbbVie,Phase 3,Completed,424,2019-03-28,2023-12-02,57,Single Blind,Randomized,Single Group Assignment,12,"Australia, Europe, South America, North America, Asia",4.7,5.4,False,2019,2023,Large (300-500),5,5,35.3,7.44,48.0,False,False,35.47,83.7
NCT2018000973,A Study of Novel Therapy in Patients With Breast Cancer,Breast Cancer,Merck,Phase 1,Completed,37,2020-09-20,2022-04-13,19,Triple Blind,Randomized,Single Group Assignment,1,"Asia, Europe, Australia",27.8,3.4,False,2020,2022,Small (30-100),7,3,37.0,1.95,18.0,False,False,1.06,28.6
NCT2018000974,A Study of Novel Therapy in Patients With Leukemia,Leukemia,Roche,Phase 2,Completed,65,2016-11-06,2018-09-27,23,Double Blind,Single Group,Parallel Assignment,4,"Australia, South America",31.2,1.1,False,2016,2018,Small (30-100),4,2,16.2,2.83,29.0,True,False,4.8,73.8
NCT2018000975,A Study of Novel Therapy in Patients With Lymphoma,Lymphoma,Bristol-Myers Squibb,Phase 2,Completed,41,2021-09-14,2025-01-26,41,Triple Blind,Randomized,Parallel Assignment,2,Asia,25.7,26.5,False,2021,2025,Small (30-100),6,1,20.5,1.0,29.0,False,False,4.22,102.9
NCT2018000976,A Study of Novel Therapy in Patients With Prostate Cancer,Prostate Cancer,Mayo Clinic,Phase 3,Completed,312,2016-01-25,2022-12-19,84,Single Blind,Randomized,Crossover Assignment,17,"Europe, South America",42.8,8.2,True,2016,2022,Large (300-500),7,2,18.4,3.71,48.0,False,False,72.34,231.9
NCT2018000977,A Study of Novel Therapy in Patients With Leukemia,Leukemia,Novartis,Phase 1,Completed,18,2018-05-05,2019-12-26,20,Triple Blind,Randomized,Single Group Assignment,3,South America,25.5,15.6,True,2018,2019,Very Small (<30),5,1,6.0,0.9,18.0,False,False,3.05,169.4
NCT2018000978,A Study of Novel Therapy in Patients With Leukemia,Leukemia,Pfizer,Phase 2,Completed,90,2016-09-10,2018-12-29,28,Double Blind,Non-Randomized,Single Group Assignment,5,"Asia, North America, Australia",40.2,14.4,False,2016,2018,Small (30-100),4,3,18.0,3.21,29.0,True,False,7.27,80.8
NCT2018000979,A Study of Novel Therapy in Patients With Lung Cancer,Lung Cancer,Mayo Clinic,Phase 2,Completed,178,2020-05-02,2022-09-19,29,Single Blind,Single Group,Parallel Assignment,9,"Europe, South America",43.1,15.2,False,2020,2022,Medium (100-300),3,2,19.8,6.14,29.0,True,False,13.58,76.3
NCT2018000980,A Study of Novel Therapy in Patients With Lung Cancer,Lung Cancer,Novartis,Phase 1,Completed,24,2020-04-28,2021-01-23,9,Triple Blind,Randomized,Single Group Assignment,2,"North America, Asia",14.8,5.9,False,2020,2021,Very Small (<30),6,2,12.0,2.67,18.0,True,False,0.97,40.4
NCT2018000981,A Study of Novel Therapy in Patients With Melanoma,Melanoma,MD Anderson,Phase 3,Completed,292,2020-07-22,2025-10-24,64,Triple Blind,Single Group,Parallel Assignment,13,"South America, Europe, Asia",13.1,12.8,True,2020,2025,Medium (100-300),6,3,22.5,4.56,48.0,False,False,42.48,145.5
NCT2018000982,A Study of Novel Therapy in Patients With Liver Cancer,Liver Cancer,Bristol-Myers Squibb,Phase 2,Completed,10,2016-12-16,2020-04-29,41,Double Blind,Non-Randomized,Parallel Assignment,3,"South America, North America, Asia, Australia",31.8,3.5,True,2016,2020,Very Small (<30),5,4,3.3,0.24,29.0,False,False,6.18,618.0
NCT2018000983,A Study of Novel Therapy in Patients With Lung Cancer,Lung Cancer,National Cancer Institute,Phase 3,Completed,433,2016-02-25,2017-08-18,18,Open Label,Randomized,Single Group Assignment,29,"South America, North America",4.5,11.9,True,2016,2017,Large (300-500),3,2,14.9,24.06,48.0,True,True,27.4,63.3
NCT2018000984,A Study of Novel Therapy in Patients With Brain Cancer,Brain Cancer,National Cancer Institute,Phase 3,Completed,128,2015-07-27,2019-04-07,45,Triple Blind,Non-Randomized,Parallel Assignment,2,Europe,11.7,11.0,True,2015,2019,Medium (100-300),4,1,64.0,2.84,48.0,True,True,4.88,38.1
NCT2018000985,A Study of Novel Therapy in Patients With Lung Cancer,Lung Cancer,Bristol-Myers Squibb,Phase 4,Completed,294,2021-01-24,2024-05-08,40,Single Blind,Single Group,Parallel Assignment,21,"Europe, Asia",6.5,21.0,True,2021,2024,Medium (100-300),3,2,14.0,7.35,34.0,False,False,42.88,145.9
NCT2018000986,A Study of Novel Therapy in Patients With Brain Cancer,Brain Cancer,Mayo Clinic,Phase 1,Completed,27,2019-03-07,2020-09-27,19,Double Blind,Single Group,Single Group Assignment,3,"Asia, Europe",29.9,5.0,False,2019,2020,Very Small (<30),3,2,9.0,1.42,18.0,False,False,2.93,108.5
NCT2018000987,A Study of Novel Therapy in Patients With Leukemia,Leukemia,AstraZeneca,Phase 4,Completed,232,2018-06-27,2020-09-14,27,Single Blind,Single Group,Parallel Assignment,22,"South America, Europe",30.2,2.5,False,2018,2020,Medium (100-300),3,2,10.5,8.59,34.0,True,False,30.4,131.0
NCT2018000988,A Study of Novel Therapy in Patients With Gastric Cancer,Gastric Cancer,Sanofi,Phase 1,Completed,15,2020-06-26,2021-12-18,18,Single Blind,Randomized,Parallel Assignment,1,"North America, Europe",8.8,10.5,True,2020,2021,Very Small (<30),5,2,15.0,0.83,18.0,True,True,0.94,62.7
NCT2018000989,A Study of Novel Therapy in Patients With Gastric Cancer,Gastric Cancer,MD Anderson,Phase 4,Completed,181,2019-09-18,2021-05-10,20,Open Label,Non-Randomized,Parallel Assignment,3,Australia,18.7,13.4,False,2019,2021,Medium (100-300),1,1,60.3,9.05,34.0,True,False,3.54,19.6
NCT2018000990,A Study of Novel Therapy in Patients With Melanoma,Melanoma,Roche,Phase 3,Completed,555,2020-09-12,2025-07-18,59,Single Blind,Single Group,Parallel Assignment,67,"Asia, North America, Europe",43.9,10.7,False,2020,2025,Very Large (500+),4,3,8.3,9.41,48.0,False,False,199.32,359.1
NCT2018000991,A Study of Novel Therapy in Patients With Breast Cancer,Breast Cancer,Merck,Phase 2,Completed,102,2017-11-09,2021-11-18,49,Open Label,Randomized,Single Group Assignment,5,Europe,11.4,12.9,True,2017,2021,Medium (100-300),2,1,20.4,2.08,29.0,False,False,12.56,123.1
NCT2018000992,A Study of Novel Therapy in Patients With Colorectal Cancer,Colorectal Cancer,Pfizer,Phase 3,Completed,485,2019-04-01,2023-08-08,53,Triple Blind,Randomized,Parallel Assignment,27,"Australia, Europe",26.5,7.5,True,2019,2023,Large (300-500),7,2,18.0,9.15,48.0,False,False,73.0,150.5
NCT2018000993,A Study of Novel Therapy in Patients With Pancreatic Cancer,Pancreatic Cancer,Johnson & Johnson,Phase 3,Completed,447,2021-12-09,2026-06-16,55,Double Blind,Single Group,Crossover Assignment,18,"Asia, Europe",20.6,16.4,True,2021,2026,Large (300-500),6,2,24.8,8.13,48.0,False,False,50.84,113.7
NCT2018000994,A Study of Novel Therapy in Patients With Gastric Cancer,Gastric Cancer,Roche,Phase 2,Completed,47,2020-12-08,2023-01-27,26,Triple Blind,Randomized,Parallel Assignment,3,"Australia, Asia, North America",32.2,11.0,False,2020,2023,Small (30-100),8,3,15.7,1.81,29.0,True,False,4.04,86.0
NCT2018000995,A Study of Novel Therapy in Patients With Gastric Cancer,Gastric Cancer,AstraZeneca,Phase 3,Completed,604,2018-08-09,2023-07-14,60,Double Blind,Randomized,Single Group Assignment,51,"North America, Europe",8.7,15.1,True,2018,2023,Very Large (500+),5,2,11.8,10.07,48.0,False,False,154.81,256.3
NCT2018000996,A Study of Novel Therapy in Patients With Liver Cancer,Liver Cancer,Pfizer,Phase 2,Completed,24,2020-08-28,2024-01-10,41,Double Blind,Randomized,Parallel Assignment,3,Asia,30.2,14.5,False,2020,2024,Very Small (<30),5,1,8.0,0.59,29.0,False,False,6.22,259.2
NCT2018000997,A Study of Novel Therapy in Patients With Gastric Cancer,Gastric Cancer,National Cancer Institute,Phase 3,Completed,263,2022-07-23,2025-05-08,34,Triple Blind,Randomized,Parallel Assignment,24,"Asia, Australia",0.3,18.6,True,2022,2025,Medium (100-300),7,2,11.0,7.74,48.0,True,True,41.59,158.1
NCT2018000998,A Study of Novel Therapy in Patients With Ovarian Cancer,Ovarian Cancer,Johnson & Johnson,Phase 3,Completed,351,2017-09-22,2020-03-10,30,Double Blind,Single Group,Factorial Assignment,11,"Asia, North America, South America",32.1,12.8,False,2017,2020,Large (300-500),8,3,31.9,11.7,48.0,True,False,17.55,50.0
NCT2018000999,A Study of Novel Therapy in Patients With Gastric Cancer,Gastric Cancer,Roche,Phase 2,Completed,63,2018-04-20,2020-09-06,29,Triple Blind,Single Group,Crossover Assignment,2,"South America, North America",14.1,13.1,True,2018,2020,Small (30-100),7,2,31.5,2.17,29.0,True,True,3.09,49.0
