trial_id,Phase,cancer_type,sponsor,blinding_type,start_date,end_date,duration_months,target_enrollment,actual_enrollment,number_of_sites,regions,enrollment_met_target,primary_endpoint_met
TRIAL-0001,Phase 2,Breast Cancer,Clinical Research Group A,Open Label,2019-12-04,2022-01-22,26,114,105,3,1,True,False
TRIAL-0002,Phase 3,Lung Cancer,Helix Therapeutics,Double Blind,2019-09-20,2024-05-26,57,376,314,5,1,False,True
TRIAL-0003,Phase 1,Lymphoma,Global BioResearch,Open Label,2018-03-23,2019-10-14,19,25,24,2,1,True,True
TRIAL-0004,Phase 2,Prostate Cancer,MedTrials International,Single Blind,2021-02-12,2023-01-03,23,42,41,2,1,True,False
TRIAL-0005,Phase 2,Breast Cancer,Clinical Research Group A,Single Blind,2021-02-18,2023-06-08,28,72,59,2,1,False,True
TRIAL-0006,Phase 2,Leukemia,Helix Therapeutics,Open Label,2018-11-08,2021-02-25,28,57,55,2,1,True,False
TRIAL-0007,Phase 4,Prostate Cancer,MedTrials International,Open Label,2020-03-12,2023-01-26,35,163,154,13,2,True,True
TRIAL-0008,Phase 3,Lung Cancer,Helix Therapeutics,Double Blind,2021-05-21,2024-02-05,33,294,280,12,1,True,False
TRIAL-0009,Phase 1,Leukemia,MedTrials International,Open Label,2019-01-26,2020-10-17,21,16,14,1,1,False,True
TRIAL-0010,Phase 2,Prostate Cancer,Helix Therapeutics,Double Blind,2021-07-21,2023-08-10,25,105,102,4,1,True,True
TRIAL-0011,Phase 2,Prostate Cancer,Clinical Research Group A,Double Blind,2021-10-13,2024-03-31,30,86,81,4,2,True,True
TRIAL-0012,Phase 4,Colorectal Cancer,Helix Therapeutics,Single Blind,2018-03-21,2021-09-01,42,176,149,8,1,False,True
TRIAL-0013,Phase 3,Lung Cancer,NovaCure Biotech,Double Blind,2022-01-22,2025-02-05,37,503,500,44,2,True,False
TRIAL-0014,Phase 3,Melanoma,MedTrials International,Double Blind,2019-08-01,2024-06-05,59,369,367,8,1,True,False
TRIAL-0015,Phase 3,Melanoma,Helix Therapeutics,Triple Blind,2020-11-17,2024-09-27,47,289,256,8,2,False,False
TRIAL-0016,Phase 1,Colorectal Cancer,Helix Therapeutics,Single Blind,2018-10-11,2019-12-05,14,40,37,3,1,True,True
TRIAL-0017,Phase 1,Leukemia,MedTrials International,Single Blind,2018-04-19,2019-10-11,18,29,28,1,1,True,False
TRIAL-0018,Phase 1,Pancreatic Cancer,MedTrials International,Open Label,2019-03-22,2019-11-17,8,27,26,3,1,True,True
TRIAL-0019,Phase 2,Melanoma,Helix Therapeutics,Double Blind,2022-12-23,2024-09-13,21,144,142,5,2,True,True
TRIAL-0020,Phase 2,Leukemia,NovaCure Biotech,Double Blind,2019-02-11,2021-07-30,30,84,82,5,1,True,True
TRIAL-0021,Phase 2,Prostate Cancer,OncoPharm Therapeutics,Open Label,2018-01-28,2019-11-19,22,102,88,7,1,False,True
TRIAL-0022,Phase 2,Melanoma,Clinical Research Group A,Single Blind,2022-10-16,2024-02-08,16,90,75,6,1,False,True
TRIAL-0023,Phase 2,Lymphoma,Global BioResearch,Open Label,2021-07-15,2023-08-04,25,100,97,7,1,True,False
TRIAL-0024,Phase 1,Lung Cancer,OncoPharm Therapeutics,Open Label,2018-04-07,2019-11-28,20,21,18,2,1,False,True
TRIAL-0025,Phase 2,Lymphoma,Global BioResearch,Open Label,2018-08-26,2019-08-21,12,107,104,3,1,True,False
TRIAL-0026,Phase 2,Breast Cancer,Clinical Research Group A,Double Blind,2018-04-06,2022-02-14,47,99,96,8,1,True,True
TRIAL-0027,Phase 2,Lymphoma,OncoPharm Therapeutics,Open Label,2021-05-26,2024-06-09,37,94,89,2,1,True,False
TRIAL-0028,Phase 2,Pancreatic Cancer,Global BioResearch,Open Label,2018-10-24,2020-06-15,20,122,114,3,1,True,True
TRIAL-0029,Phase 3,Breast Cancer,OncoPharm Therapeutics,Double Blind,2022-03-02,2025-02-14,36,458,421,47,3,True,False
TRIAL-0030,Phase 1,Colorectal Cancer,OncoPharm Therapeutics,Open Label,2019-07-04,2020-09-26,15,24,23,3,1,True,False
TRIAL-0031,Phase 2,Breast Cancer,Helix Therapeutics,Open Label,2022-06-09,2024-01-30,20,53,52,7,1,True,True
TRIAL-0032,Phase 3,Prostate Cancer,Apex Oncology Labs,Double Blind,2018-01-15,2021-08-27,44,554,451,34,2,False,False
TRIAL-0033,Phase 2,Lung Cancer,OncoPharm Therapeutics,Double Blind,2020-02-08,2021-05-03,15,124,112,6,1,True,True
TRIAL-0034,Phase 1,Melanoma,Helix Therapeutics,Single Blind,2022-01-22,2023-10-14,21,31,29,3,1,True,False
TRIAL-0035,Phase 2,Lung Cancer,Global BioResearch,Open Label,2023-09-05,2025-06-26,22,115,102,2,1,False,True
TRIAL-0036,Phase 2,Leukemia,Global BioResearch,Double Blind,2021-05-28,2023-03-19,22,106,104,8,1,True,True
TRIAL-0037,Phase 2,Melanoma,OncoPharm Therapeutics,Open Label,2020-03-24,2021-11-14,20,155,152,9,2,True,True
TRIAL-0038,Phase 3,Breast Cancer,OncoPharm Therapeutics,Double Blind,2020-10-18,2023-12-02,38,478,427,24,2,False,True
TRIAL-0039,Phase 1,Melanoma,Apex Oncology Labs,Single Blind,2020-04-22,2021-05-17,13,38,37,1,1,True,True
TRIAL-0040,Phase 1,Lymphoma,Helix Therapeutics,Open Label,2019-03-14,2020-10-04,19,21,19,1,1,True,True
TRIAL-0041,Phase 3,Leukemia,MedTrials International,Triple Blind,2023-02-13,2027-08-21,55,401,385,12,2,True,False
TRIAL-0042,Phase 3,Prostate Cancer,Global BioResearch,Triple Blind,2019-04-01,2023-08-08,53,314,229,19,2,False,False
TRIAL-0043,Phase 2,Melanoma,MedTrials International,Open Label,2023-09-13,2026-03-31,31,93,78,8,1,False,False
TRIAL-0044,Phase 3,Leukemia,OncoPharm Therapeutics,Double Blind,2020-01-04,2022-05-23,29,392,376,13,1,True,False
TRIAL-0045,Phase 2,Leukemia,NovaCure Biotech,Double Blind,2022-04-09,2023-11-30,20,106,92,6,1,False,True
TRIAL-0046,Phase 2,Prostate Cancer,Apex Oncology Labs,Single Blind,2022-06-22,2023-12-14,18,104,93,7,2,False,False
TRIAL-0047,Phase 3,Melanoma,Helix Therapeutics,Double Blind,2023-05-18,2027-10-24,54,508,496,41,2,True,True
TRIAL-0048,Phase 2,Lymphoma,Clinical Research Group A,Double Blind,2022-10-10,2027-07-16,58,115,106,3,1,True,True
TRIAL-0049,Phase 3,Melanoma,Apex Oncology Labs,Double Blind,2021-11-07,2024-12-21,38,495,480,35,2,True,False
TRIAL-0050,Phase 3,Colorectal Cancer,Clinical Research Group A,Double Blind,2019-11-10,2023-10-20,48,376,348,15,1,True,True
TRIAL-0051,Phase 1,Breast Cancer,OncoPharm Therapeutics,Open Label,2022-02-15,2023-05-11,15,36,35,2,1,True,True
TRIAL-0052,Phase 2,Prostate Cancer,Clinical Research Group A,Double Blind,2019-11-23,2021-06-15,19,132,129,5,1,True,True
TRIAL-0053,Phase 3,Lung Cancer,MedTrials International,Double Blind,2023-09-15,2029-09-13,73,326,307,10,2,True,True
TRIAL-0054,Phase 1,Lung Cancer,NovaCure Biotech,Open Label,2023-09-18,2025-03-11,18,36,34,2,1,True,True
TRIAL-0055,Phase 4,Pancreatic Cancer,Helix Therapeutics,Double Blind,2022-08-06,2025-12-18,41,152,117,6,1,False,False
TRIAL-0056,Phase 2,Melanoma,MedTrials International,Open Label,2022-08-21,2024-09-09,25,125,120,7,1,True,True
TRIAL-0057,Phase 2,Melanoma,Global BioResearch,Open Label,2018-03-05,2021-10-15,44,152,148,4,2,True,True
TRIAL-0058,Phase 3,Prostate Cancer,OncoPharm Therapeutics,Double Blind,2021-01-07,2024-06-20,42,503,420,36,2,False,False
TRIAL-0059,Phase 2,Breast Cancer,MedTrials International,Double Blind,2018-06-10,2018-12-07,6,113,112,6,1,True,False
TRIAL-0060,Phase 3,Lymphoma,Helix Therapeutics,Double Blind,2020-07-16,2023-04-02,33,297,272,12,2,True,True
TRIAL-0061,Phase 2,Lymphoma,Clinical Research Group A,Open Label,2022-09-01,2025-09-15,37,86,79,5,2,True,False
TRIAL-0062,Phase 2,Breast Cancer,OncoPharm Therapeutics,Double Blind,2021-03-02,2023-09-18,31,100,89,3,1,False,True
TRIAL-0063,Phase 2,Pancreatic Cancer,Apex Oncology Labs,Single Blind,2021-05-27,2024-09-08,40,102,94,5,1,True,True
TRIAL-0064,Phase 1,Breast Cancer,Apex Oncology Labs,Open Label,2023-01-25,2023-09-22,8,17,16,1,1,True,True
TRIAL-0065,Phase 1,Breast Cancer,Helix Therapeutics,Open Label,2021-11-04,2023-01-28,15,32,30,1,1,True,True
TRIAL-0066,Phase 1,Melanoma,MedTrials International,Open Label,2022-12-23,2024-02-16,14,38,32,3,1,False,True
TRIAL-0067,Phase 3,Melanoma,OncoPharm Therapeutics,Double Blind,2021-07-23,2026-02-27,56,481,474,34,2,True,True
TRIAL-0068,Phase 2,Prostate Cancer,OncoPharm Therapeutics,Double Blind,2022-02-26,2024-06-15,28,118,104,4,2,False,False
TRIAL-0069,Phase 3,Leukemia,Helix Therapeutics,Double Blind,2023-06-01,2028-02-05,57,454,431,38,1,True,False
TRIAL-0070,Phase 3,Lung Cancer,NovaCure Biotech,Triple Blind,2021-03-24,2025-03-03,48,481,423,44,3,False,False
TRIAL-0071,Phase 3,Pancreatic Cancer,NovaCure Biotech,Double Blind,2019-02-09,2022-03-25,38,432,401,32,2,True,False
TRIAL-0072,Phase 1,Pancreatic Cancer,Helix Therapeutics,Open Label,2021-06-06,2022-05-02,11,50,42,5,1,False,True
TRIAL-0073,Phase 2,Melanoma,Apex Oncology Labs,Open Label,2020-09-01,2022-12-20,28,118,112,6,2,True,True
TRIAL-0074,Phase 1,Prostate Cancer,Clinical Research Group A,Open Label,2019-12-16,2021-05-09,17,23,22,3,1,True,True
TRIAL-0075,Phase 2,Breast Cancer,OncoPharm Therapeutics,Open Label,2020-11-19,2023-04-08,29,112,110,5,2,True,True
TRIAL-0076,Phase 2,Leukemia,NovaCure Biotech,Double Blind,2023-08-09,2025-12-26,29,84,58,6,1,False,True
TRIAL-0077,Phase 1,Prostate Cancer,Apex Oncology Labs,Open Label,2023-03-07,2024-04-30,14,15,10,3,1,False,True
TRIAL-0078,Phase 2,Melanoma,OncoPharm Therapeutics,Double Blind,2019-05-01,2022-07-14,39,93,78,4,1,False,False
TRIAL-0079,Phase 1,Breast Cancer,OncoPharm Therapeutics,Open Label,2019-11-28,2021-06-20,19,29,27,3,1,True,False
TRIAL-0080,Phase 1,Breast Cancer,Helix Therapeutics,Open Label,2021-06-06,2023-06-26,25,21,20,2,1,True,False
TRIAL-0081,Phase 2,Pancreatic Cancer,OncoPharm Therapeutics,Double Blind,2022-11-22,2025-04-10,29,120,90,5,1,False,True
TRIAL-0082,Phase 1,Melanoma,OncoPharm Therapeutics,Single Blind,2022-07-20,2023-09-13,14,30,28,1,1,True,True
TRIAL-0083,Phase 2,Lymphoma,NovaCure Biotech,Double Blind,2021-05-19,2024-03-04,34,143,134,4,2,True,True
TRIAL-0084,Phase 2,Lung Cancer,MedTrials International,Open Label,2020-11-03,2022-07-26,21,105,103,3,1,True,True
TRIAL-0085,Phase 1,Lung Cancer,Global BioResearch,Open Label,2023-10-16,2025-05-08,19,15,14,2,1,True,True
TRIAL-0086,Phase 1,Melanoma,Clinical Research Group A,Single Blind,2023-04-09,2024-07-02,15,48,47,2,1,True,False
TRIAL-0087,Phase 2,Prostate Cancer,NovaCure Biotech,Open Label,2023-03-09,2026-03-23,37,60,54,3,1,True,False
TRIAL-0088,Phase 1,Colorectal Cancer,MedTrials International,Open Label,2022-05-15,2024-05-04,24,25,19,3,1,False,True
TRIAL-0089,Phase 3,Lymphoma,Apex Oncology Labs,Double Blind,2022-01-14,2025-12-24,48,388,380,20,2,True,False
TRIAL-0090,Phase 2,Breast Cancer,OncoPharm Therapeutics,Open Label,2022-10-01,2025-05-18,32,101,99,7,2,True,False
TRIAL-0091,Phase 3,Melanoma,Helix Therapeutics,Double Blind,2023-08-09,2025-12-26,29,412,380,10,1,True,True
TRIAL-0092,Phase 2,Pancreatic Cancer,OncoPharm Therapeutics,Single Blind,2023-02-28,2024-12-19,22,138,123,5,1,False,True
TRIAL-0093,Phase 2,Pancreatic Cancer,Apex Oncology Labs,Double Blind,2022-01-15,2024-03-05,26,135,126,5,2,True,True
TRIAL-0094,Phase 2,Lung Cancer,MedTrials International,Single Blind,2018-11-28,2022-01-11,38,129,126,6,2,True,True
TRIAL-0095,Phase 2,Prostate Cancer,Helix Therapeutics,Single Blind,2021-01-07,2023-01-27,25,131,120,8,1,True,True
TRIAL-0096,Phase 1,Melanoma,NovaCure Biotech,Single Blind,2018-01-21,2019-07-15,18,37,35,2,1,True,True
TRIAL-0097,Phase 1,Colorectal Cancer,Apex Oncology Labs,Open Label,2021-02-08,2021-09-06,7,15,11,3,1,False,False
TRIAL-0098,Phase 4,Pancreatic Cancer,OncoPharm Therapeutics,Double Blind,2023-05-17,2026-10-28,42,194,190,9,1,True,False
TRIAL-0099,Phase 2,Pancreatic Cancer,NovaCure Biotech,Open Label,2019-10-17,2022-01-04,27,110,104,6,1,True,False
TRIAL-0100,Phase 1,Lung Cancer,Apex Oncology Labs,Open Label,2020-09-09,2022-05-02,20,39,38,2,1,True,False
TRIAL-0101,Phase 2,Melanoma,MedTrials International,Double Blind,2019-08-18,2021-11-05,27,84,83,7,1,True,True
TRIAL-0102,Phase 2,Lymphoma,NovaCure Biotech,Double Blind,2023-04-19,2024-10-10,18,68,60,8,1,False,True
TRIAL-0103,Phase 3,Lymphoma,OncoPharm Therapeutics,Double Blind,2021-07-22,2025-05-02,46,330,274,20,3,False,False
TRIAL-0104,Phase 3,Colorectal Cancer,NovaCure Biotech,Triple Blind,2022-06-28,2027-03-04,57,377,370,9,1,True,True
TRIAL-0105,Phase 3,Lung Cancer,Helix Therapeutics,Triple Blind,2021-11-05,2027-05-08,67,372,342,5,2,True,True
TRIAL-0106,Phase 3,Melanoma,Apex Oncology Labs,Double Blind,2020-11-28,2025-02-05,51,375,355,17,2,True,False
TRIAL-0107,Phase 4,Pancreatic Cancer,MedTrials International,Double Blind,2023-05-08,2025-08-25,28,192,186,7,1,True,False
TRIAL-0108,Phase 2,Lung Cancer,MedTrials International,Double Blind,2019-12-10,2021-07-02,19,57,46,8,1,False,False
TRIAL-0109,Phase 1,Breast Cancer,Apex Oncology Labs,Open Label,2022-07-19,2024-01-10,18,46,43,5,1,True,True
TRIAL-0110,Phase 1,Colorectal Cancer,OncoPharm Therapeutics,Open Label,2022-11-08,2024-06-30,20,21,20,2,1,True,True
TRIAL-0111,Phase 2,Prostate Cancer,NovaCure Biotech,Double Blind,2018-08-10,2019-12-03,16,73,65,5,1,False,False
TRIAL-0112,Phase 1,Pancreatic Cancer,Apex Oncology Labs,Single Blind,2023-07-23,2024-10-15,15,35,33,2,1,True,True
TRIAL-0113,Phase 3,Prostate Cancer,NovaCure Biotech,Triple Blind,2022-06-19,2026-02-28,45,404,279,8,1,False,True
TRIAL-0114,Phase 3,Breast Cancer,MedTrials International,Double Blind,2023-12-02,2028-08-07,57,309,277,13,1,False,False
TRIAL-0115,Phase 3,Melanoma,MedTrials International,Triple Blind,2019-10-09,2023-01-21,40,409,399,16,2,True,False
TRIAL-0116,Phase 3,Colorectal Cancer,Clinical Research Group A,Double Blind,2021-01-19,2023-03-10,26,457,443,17,2,True,True
TRIAL-0117,Phase 1,Melanoma,Apex Oncology Labs,Open Label,2019-03-26,2020-08-17,17,32,29,1,1,True,True
TRIAL-0118,Phase 4,Melanoma,MedTrials International,Open Label,2020-12-28,2023-12-13,36,127,125,8,2,True,True
TRIAL-0119,Phase 1,Lung Cancer,Global BioResearch,Open Label,2023-12-22,2025-08-13,20,40,35,1,1,False,False
TRIAL-0120,Phase 4,Leukemia,OncoPharm Therapeutics,Double Blind,2018-08-12,2020-11-29,28,286,188,5,1,False,True
TRIAL-0121,Phase 3,Lymphoma,MedTrials International,Double Blind,2019-08-01,2023-08-10,49,437,428,38,1,True,False
TRIAL-0122,Phase 4,Leukemia,Helix Therapeutics,Open Label,2021-12-10,2025-01-23,38,190,172,7,2,True,True
TRIAL-0123,Phase 1,Breast Cancer,OncoPharm Therapeutics,Open Label,2018-02-08,2019-09-01,19,25,21,2,1,False,False
TRIAL-0124,Phase 1,Pancreatic Cancer,Apex Oncology Labs,Open Label,2022-07-19,2023-11-11,16,50,44,7,2,False,False
TRIAL-0125,Phase 1,Lymphoma,Clinical Research Group A,Open Label,2022-07-09,2023-12-31,18,15,14,2,1,True,True
TRIAL-0126,Phase 2,Pancreatic Cancer,NovaCure Biotech,Double Blind,2023-06-18,2025-08-06,26,150,141,8,1,True,False
TRIAL-0127,Phase 2,Breast Cancer,NovaCure Biotech,Open Label,2021-02-22,2022-06-17,16,107,89,2,1,False,True
TRIAL-0128,Phase 2,Breast Cancer,OncoPharm Therapeutics,Double Blind,2019-10-07,2021-09-26,24,134,126,3,1,True,True
TRIAL-0129,Phase 3,Prostate Cancer,Helix Therapeutics,Double Blind,2019-10-01,2024-06-06,57,418,405,29,2,True,True
TRIAL-0130,Phase 4,Colorectal Cancer,Helix Therapeutics,Open Label,2018-11-28,2021-06-15,31,148,125,3,1,False,True
TRIAL-0131,Phase 1,Prostate Cancer,Helix Therapeutics,Open Label,2020-01-05,2021-04-29,16,40,33,1,1,False,False
TRIAL-0132,Phase 2,Lung Cancer,NovaCure Biotech,Single Blind,2018-08-17,2021-03-04,31,70,62,4,1,False,True
TRIAL-0133,Phase 2,Melanoma,NovaCure Biotech,Double Blind,2018-08-28,2020-05-19,21,126,120,2,1,True,True
TRIAL-0134,Phase 3,Pancreatic Cancer,Clinical Research Group A,Triple Blind,2020-10-05,2026-02-06,65,275,190,7,2,False,True
TRIAL-0135,Phase 2,Leukemia,NovaCure Biotech,Double Blind,2022-10-14,2025-01-31,28,108,96,6,1,False,True
TRIAL-0136,Phase 3,Prostate Cancer,NovaCure Biotech,Double Blind,2021-07-14,2025-08-22,50,472,466,29,2,True,False
TRIAL-0137,Phase 2,Leukemia,Clinical Research Group A,Open Label,2023-08-03,2025-03-25,20,156,144,3,1,True,True
TRIAL-0138,Phase 1,Lymphoma,OncoPharm Therapeutics,Open Label,2019-09-02,2021-07-23,23,28,26,2,1,True,True
TRIAL-0139,Phase 2,Leukemia,Clinical Research Group A,Open Label,2021-12-02,2023-06-25,19,95,94,4,2,True,False
TRIAL-0140,Phase 2,Leukemia,OncoPharm Therapeutics,Double Blind,2019-11-16,2022-03-05,28,50,48,3,1,True,True
TRIAL-0141,Phase 1,Leukemia,OncoPharm Therapeutics,Open Label,2019-07-28,2020-11-19,16,26,25,3,1,True,True
TRIAL-0142,Phase 3,Breast Cancer,Helix Therapeutics,Triple Blind,2020-12-25,2024-11-04,47,372,339,13,1,True,True
TRIAL-0143,Phase 2,Breast Cancer,Global BioResearch,Double Blind,2018-03-24,2020-04-12,25,155,145,6,2,True,True
TRIAL-0144,Phase 1,Prostate Cancer,NovaCure Biotech,Open Label,2019-06-10,2020-12-01,18,18,16,2,1,False,False
TRIAL-0145,Phase 3,Lung Cancer,OncoPharm Therapeutics,Double Blind,2020-08-22,2024-07-02,47,419,411,18,2,True,True
TRIAL-0146,Phase 2,Lymphoma,Apex Oncology Labs,Open Label,2021-02-10,2023-05-31,28,83,77,6,1,True,False
TRIAL-0147,Phase 2,Melanoma,OncoPharm Therapeutics,Open Label,2018-01-07,2020-01-27,25,20,19,3,1,True,True
TRIAL-0148,Phase 1,Colorectal Cancer,MedTrials International,Open Label,2018-01-16,2019-03-12,14,26,24,2,1,True,False
TRIAL-0149,Phase 1,Lymphoma,Helix Therapeutics,Open Label,2022-11-26,2024-08-17,21,39,38,3,1,True,True
TRIAL-0150,Phase 2,Breast Cancer,NovaCure Biotech,Open Label,2020-10-14,2023-05-02,31,66,64,2,1,True,True
TRIAL-0151,Phase 3,Lymphoma,Apex Oncology Labs,Double Blind,2019-10-15,2023-04-27,43,375,316,5,2,False,False
TRIAL-0152,Phase 4,Lung Cancer,NovaCure Biotech,Double Blind,2021-09-03,2025-02-14,42,269,211,12,2,False,True
TRIAL-0153,Phase 2,Leukemia,Global BioResearch,Single Blind,2018-09-21,2020-08-11,23,109,84,3,1,False,True
TRIAL-0154,Phase 2,Leukemia,Apex Oncology Labs,Double Blind,2019-04-04,2020-07-27,16,131,126,8,2,True,True
TRIAL-0155,Phase 1,Colorectal Cancer,MedTrials International,Open Label,2019-11-16,2021-06-08,19,17,16,1,1,True,True
TRIAL-0156,Phase 2,Pancreatic Cancer,Clinical Research Group A,Double Blind,2022-06-28,2025-01-13,31,97,90,6,2,True,False
TRIAL-0157,Phase 2,Pancreatic Cancer,OncoPharm Therapeutics,Single Blind,2020-10-02,2023-03-21,30,103,102,7,1,True,True
TRIAL-0158,Phase 1,Pancreatic Cancer,NovaCure Biotech,Open Label,2020-02-21,2021-11-12,21,15,12,2,1,False,False
TRIAL-0159,Phase 3,Lymphoma,NovaCure Biotech,Double Blind,2022-11-07,2026-12-16,50,401,391,6,1,True,True
TRIAL-0160,Phase 2,Colorectal Cancer,OncoPharm Therapeutics,Single Blind,2020-12-03,2022-01-27,14,70,61,8,2,False,True
TRIAL-0161,Phase 1,Prostate Cancer,Clinical Research Group A,Open Label,2022-09-20,2023-05-18,8,32,29,2,1,True,True
TRIAL-0162,Phase 2,Melanoma,NovaCure Biotech,Single Blind,2018-11-21,2021-03-10,28,61,53,4,2,False,True
TRIAL-0163,Phase 2,Lymphoma,Apex Oncology Labs,Open Label,2022-03-11,2023-11-01,20,105,99,8,2,True,True
TRIAL-0164,Phase 3,Leukemia,Apex Oncology Labs,Triple Blind,2023-02-10,2028-01-15,60,264,245,17,1,True,False
TRIAL-0165,Phase 2,Leukemia,MedTrials International,Open Label,2023-11-17,2025-10-07,23,114,111,7,2,True,True
TRIAL-0166,Phase 3,Leukemia,OncoPharm Therapeutics,Double Blind,2020-08-07,2024-05-18,46,412,386,10,2,True,True
TRIAL-0167,Phase 1,Lung Cancer,Apex Oncology Labs,Single Blind,2022-09-27,2024-06-18,21,29,28,1,1,True,False
TRIAL-0168,Phase 2,Leukemia,MedTrials International,Double Blind,2019-03-27,2022-02-09,35,83,78,6,1,True,False
TRIAL-0169,Phase 2,Colorectal Cancer,Clinical Research Group A,Single Blind,2023-04-15,2025-07-03,27,78,76,5,1,True,True
TRIAL-0170,Phase 3,Pancreatic Cancer,Global BioResearch,Double Blind,2021-04-12,2023-10-29,31,462,417,34,3,True,False
TRIAL-0171,Phase 2,Pancreatic Cancer,NovaCure Biotech,Double Blind,2022-07-06,2024-09-23,27,116,103,8,1,False,False
TRIAL-0172,Phase 3,Colorectal Cancer,MedTrials International,Double Blind,2022-02-23,2026-04-03,50,233,219,20,3,True,False
TRIAL-0173,Phase 3,Melanoma,OncoPharm Therapeutics,Triple Blind,2022-03-27,2026-02-04,47,291,237,13,2,False,True
TRIAL-0174,Phase 4,Prostate Cancer,MedTrials International,Single Blind,2021-01-13,2023-12-29,36,240,208,16,3,False,True
TRIAL-0175,Phase 1,Lung Cancer,Apex Oncology Labs,Open Label,2018-12-21,2020-07-13,19,30,29,2,1,True,True
TRIAL-0176,Phase 1,Breast Cancer,Apex Oncology Labs,Single Blind,2023-03-25,2024-04-18,13,25,24,2,1,True,False
TRIAL-0177,Phase 2,Breast Cancer,OncoPharm Therapeutics,Open Label,2019-09-24,2022-03-12,30,143,132,3,1,True,True
TRIAL-0178,Phase 2,Melanoma,Global BioResearch,Single Blind,2019-07-21,2022-07-05,36,126,111,2,1,False,False
TRIAL-0179,Phase 2,Lung Cancer,MedTrials International,Double Blind,2023-09-19,2025-09-08,24,84,79,6,1,True,True
TRIAL-0180,Phase 1,Lymphoma,OncoPharm Therapeutics,Open Label,2022-07-06,2023-09-29,15,44,43,3,1,True,True
TRIAL-0181,Phase 1,Leukemia,OncoPharm Therapeutics,Single Blind,2022-09-18,2024-02-10,17,16,15,3,1,True,True
TRIAL-0182,Phase 3,Breast Cancer,Clinical Research Group A,Double Blind,2018-06-26,2021-06-10,36,423,362,16,2,False,True
TRIAL-0183,Phase 1,Lung Cancer,MedTrials International,Open Label,2019-01-12,2020-01-07,12,39,36,2,1,True,True
TRIAL-0184,Phase 3,Colorectal Cancer,MedTrials International,Triple Blind,2021-11-06,2026-03-15,53,438,413,44,3,True,False
TRIAL-0185,Phase 1,Pancreatic Cancer,OncoPharm Therapeutics,Open Label,2019-01-11,2020-03-06,14,23,22,1,1,True,False
TRIAL-0186,Phase 2,Pancreatic Cancer,Apex Oncology Labs,Open Label,2020-01-28,2021-12-18,23,135,133,7,1,True,False
TRIAL-0187,Phase 2,Leukemia,NovaCure Biotech,Double Blind,2021-06-06,2024-09-18,40,83,78,7,1,True,True
TRIAL-0188,Phase 2,Melanoma,MedTrials International,Open Label,2022-03-18,2024-03-07,24,153,115,5,1,False,True
TRIAL-0189,Phase 1,Leukemia,Clinical Research Group A,Open Label,2022-12-14,2024-05-07,17,32,30,2,1,True,True
TRIAL-0190,Phase 2,Pancreatic Cancer,OncoPharm Therapeutics,Double Blind,2021-05-21,2023-03-12,22,76,69,4,2,True,False
TRIAL-0191,Phase 4,Lung Cancer,Clinical Research Group A,Double Blind,2023-11-06,2028-11-09,61,168,159,16,2,True,False
TRIAL-0192,Phase 1,Pancreatic Cancer,OncoPharm Therapeutics,Open Label,2023-06-12,2025-05-02,23,24,22,1,1,True,True
TRIAL-0193,Phase 2,Colorectal Cancer,Clinical Research Group A,Single Blind,2018-10-05,2021-07-21,34,117,106,4,1,True,True
TRIAL-0194,Phase 2,Melanoma,Global BioResearch,Double Blind,2023-03-16,2026-03-30,37,115,105,2,1,True,True
TRIAL-0195,Phase 4,Lung Cancer,Apex Oncology Labs,Double Blind,2022-05-23,2025-08-05,39,189,170,19,2,False,False
TRIAL-0196,Phase 2,Lung Cancer,Global BioResearch,Double Blind,2023-08-03,2026-09-16,38,88,85,5,1,True,False
TRIAL-0197,Phase 4,Leukemia,Clinical Research Group A,Single Blind,2020-05-28,2023-11-09,42,211,205,7,1,True,True
TRIAL-0198,Phase 3,Colorectal Cancer,MedTrials International,Double Blind,2019-03-08,2023-04-16,50,616,573,29,1,True,False
TRIAL-0199,Phase 1,Leukemia,NovaCure Biotech,Single Blind,2019-10-03,2020-12-26,15,29,23,3,1,False,True
TRIAL-0200,Phase 2,Pancreatic Cancer,Helix Therapeutics,Single Blind,2018-03-11,2019-10-02,19,105,99,5,2,True,True
TRIAL-0201,Phase 2,Leukemia,Global BioResearch,Double Blind,2022-03-25,2024-02-13,23,135,105,8,1,False,False
TRIAL-0202,Phase 2,Breast Cancer,MedTrials International,Open Label,2020-03-06,2022-05-25,27,111,107,3,1,True,True
TRIAL-0203,Phase 3,Leukemia,Helix Therapeutics,Triple Blind,2023-09-09,2026-07-25,35,255,199,7,1,False,True
TRIAL-0204,Phase 2,Lung Cancer,Helix Therapeutics,Double Blind,2019-03-22,2021-02-09,23,121,117,6,2,True,True
TRIAL-0205,Phase 4,Leukemia,MedTrials International,Double Blind,2018-02-02,2019-09-25,20,239,219,6,2,True,False
TRIAL-0206,Phase 3,Melanoma,Clinical Research Group A,Double Blind,2018-08-21,2022-09-29,50,330,322,18,2,True,False
TRIAL-0207,Phase 2,Melanoma,NovaCure Biotech,Open Label,2020-08-03,2023-01-20,30,62,59,8,2,True,False
TRIAL-0208,Phase 1,Lymphoma,NovaCure Biotech,Open Label,2022-03-11,2023-11-01,20,34,31,2,1,True,False
TRIAL-0209,Phase 2,Leukemia,NovaCure Biotech,Open Label,2018-06-08,2020-03-29,22,105,100,4,1,True,True
TRIAL-0210,Phase 2,Prostate Cancer,Global BioResearch,Open Label,2022-07-08,2023-10-31,16,154,143,4,2,True,False
TRIAL-0211,Phase 4,Leukemia,Helix Therapeutics,Double Blind,2021-09-15,2024-04-02,31,250,235,11,3,True,True
TRIAL-0212,Phase 2,Breast Cancer,OncoPharm Therapeutics,Double Blind,2021-04-07,2024-01-22,34,27,21,3,1,False,True
TRIAL-0213,Phase 1,Melanoma,NovaCure Biotech,Open Label,2023-08-10,2025-01-01,17,20,14,3,1,False,True
TRIAL-0214,Phase 3,Lymphoma,Global BioResearch,Triple Blind,2020-01-13,2024-10-18,58,284,283,16,3,True,True
TRIAL-0215,Phase 2,Leukemia,Helix Therapeutics,Open Label,2022-05-27,2023-12-18,19,106,98,5,1,True,False
TRIAL-0216,Phase 3,Lung Cancer,Global BioResearch,Triple Blind,2020-09-12,2025-03-20,55,371,366,17,2,True,False
TRIAL-0217,Phase 1,Lymphoma,Helix Therapeutics,Open Label,2019-12-11,2021-06-03,18,43,36,1,1,False,False
TRIAL-0218,Phase 2,Colorectal Cancer,Helix Therapeutics,Double Blind,2020-10-11,2023-04-29,31,80,71,3,1,False,True
TRIAL-0219,Phase 4,Melanoma,Helix Therapeutics,Single Blind,2020-08-27,2024-09-05,49,262,213,20,3,False,True
TRIAL-0220,Phase 2,Lung Cancer,NovaCure Biotech,Double Blind,2023-11-01,2025-08-22,22,105,98,8,2,True,True
TRIAL-0221,Phase 2,Prostate Cancer,Clinical Research Group A,Open Label,2023-12-20,2026-08-06,32,80,78,5,1,True,False
TRIAL-0222,Phase 2,Prostate Cancer,OncoPharm Therapeutics,Double Blind,2018-08-11,2022-04-22,45,82,73,7,1,False,True
TRIAL-0223,Phase 2,Prostate Cancer,NovaCure Biotech,Double Blind,2023-12-02,2025-12-21,25,101,92,6,2,True,False
TRIAL-0224,Phase 2,Leukemia,Clinical Research Group A,Single Blind,2019-08-18,2022-05-04,33,49,47,5,1,True,True
TRIAL-0225,Phase 2,Melanoma,Helix Therapeutics,Single Blind,2020-09-10,2023-01-28,29,63,62,3,1,True,True
TRIAL-0226,Phase 4,Melanoma,MedTrials International,Open Label,2021-06-16,2024-01-02,31,262,235,11,2,False,True
TRIAL-0227,Phase 4,Melanoma,Apex Oncology Labs,Open Label,2021-06-25,2025-08-03,50,189,178,17,3,True,False
TRIAL-0228,Phase 2,Melanoma,Clinical Research Group A,Open Label,2023-08-07,2026-02-22,31,141,112,5,2,False,True
TRIAL-0229,Phase 2,Melanoma,Global BioResearch,Open Label,2019-01-22,2021-04-11,27,83,81,7,1,True,False
TRIAL-0230,Phase 1,Prostate Cancer,OncoPharm Therapeutics,Open Label,2023-08-04,2024-11-26,16,41,38,2,1,True,True
TRIAL-0231,Phase 1,Colorectal Cancer,NovaCure Biotech,Open Label,2021-11-07,2022-10-03,11,41,38,2,1,True,False
TRIAL-0232,Phase 2,Melanoma,Clinical Research Group A,Open Label,2022-04-18,2024-10-04,30,134,126,8,1,True,False
TRIAL-0233,Phase 3,Breast Cancer,Global BioResearch,Double Blind,2018-07-26,2020-12-12,29,407,331,10,2,False,True
TRIAL-0234,Phase 4,Melanoma,OncoPharm Therapeutics,Open Label,2020-05-15,2023-12-26,44,174,172,8,2,True,False
TRIAL-0235,Phase 2,Pancreatic Cancer,Global BioResearch,Double Blind,2018-06-06,2021-05-21,36,90,83,5,1,True,False
TRIAL-0236,Phase 2,Colorectal Cancer,OncoPharm Therapeutics,Double Blind,2023-04-06,2025-05-25,26,107,106,8,1,True,True
TRIAL-0237,Phase 2,Lymphoma,MedTrials International,Single Blind,2023-02-06,2025-10-23,33,121,119,4,1,True,False
TRIAL-0238,Phase 2,Prostate Cancer,OncoPharm Therapeutics,Open Label,2021-05-11,2022-05-06,12,97,95,3,1,True,True
TRIAL-0239,Phase 3,Breast Cancer,Apex Oncology Labs,Double Blind,2018-08-10,2024-08-08,73,491,464,30,1,True,True
TRIAL-0240,Phase 3,Melanoma,Clinical Research Group A,Double Blind,2019-04-05,2022-02-18,35,386,360,14,2,True,True
TRIAL-0241,Phase 2,Leukemia,NovaCure Biotech,Double Blind,2023-04-25,2026-02-08,34,81,80,5,2,True,True
TRIAL-0242,Phase 3,Lung Cancer,Helix Therapeutics,Double Blind,2022-02-02,2026-05-12,52,449,416,38,1,True,False
TRIAL-0243,Phase 4,Prostate Cancer,Helix Therapeutics,Double Blind,2022-08-04,2026-06-14,47,212,181,10,1,False,True
TRIAL-0244,Phase 3,Pancreatic Cancer,OncoPharm Therapeutics,Triple Blind,2021-03-17,2024-01-01,34,518,481,43,3,True,True
TRIAL-0245,Phase 2,Pancreatic Cancer,Clinical Research Group A,Double Blind,2020-01-24,2022-04-13,27,109,108,7,1,True,True
TRIAL-0246,Phase 1,Lymphoma,Apex Oncology Labs,Open Label,2018-02-16,2019-10-09,20,33,29,3,1,False,True
TRIAL-0247,Phase 2,Colorectal Cancer,MedTrials International,Double Blind,2021-06-13,2024-01-29,32,92,85,7,2,True,True
TRIAL-0248,Phase 4,Lymphoma,NovaCure Biotech,Open Label,2020-02-06,2024-02-15,49,242,239,9,2,True,False
TRIAL-0249,Phase 2,Colorectal Cancer,Clinical Research Group A,Double Blind,2018-05-15,2021-08-27,40,94,90,8,1,True,False
TRIAL-0250,Phase 2,Lymphoma,MedTrials International,Open Label,2020-04-24,2021-02-18,10,74,70,5,1,True,False
TRIAL-0251,Phase 1,Lymphoma,Helix Therapeutics,Open Label,2019-04-03,2021-01-22,22,46,44,2,1,True,True
TRIAL-0252,Phase 1,Breast Cancer,Global BioResearch,Open Label,2021-04-18,2023-09-05,29,26,24,2,1,True,True
TRIAL-0253,Phase 3,Breast Cancer,Global BioResearch,Double Blind,2023-10-11,2029-01-12,64,261,235,14,2,True,False
TRIAL-0254,Phase 3,Leukemia,Global BioResearch,Double Blind,2022-04-14,2027-01-18,58,456,455,24,3,True,True
TRIAL-0255,Phase 1,Colorectal Cancer,Clinical Research Group A,Open Label,2021-01-12,2022-03-08,14,37,30,3,1,False,False
TRIAL-0256,Phase 3,Leukemia,Clinical Research Group A,Double Blind,2019-09-16,2023-06-27,46,371,351,9,1,True,True
TRIAL-0257,Phase 1,Colorectal Cancer,MedTrials International,Open Label,2022-07-14,2023-08-08,13,31,29,1,1,True,True
TRIAL-0258,Phase 1,Prostate Cancer,Apex Oncology Labs,Open Label,2018-08-28,2019-12-21,16,39,34,3,1,False,True
TRIAL-0259,Phase 2,Prostate Cancer,OncoPharm Therapeutics,Open Label,2018-02-07,2019-05-03,15,103,101,7,2,True,False
TRIAL-0260,Phase 2,Prostate Cancer,NovaCure Biotech,Open Label,2018-04-07,2020-11-22,32,113,105,4,1,True,False
TRIAL-0261,Phase 1,Pancreatic Cancer,Global BioResearch,Open Label,2019-07-08,2020-12-29,18,31,28,3,1,True,True
TRIAL-0262,Phase 3,Lymphoma,NovaCure Biotech,Double Blind,2020-09-16,2023-12-30,40,404,382,16,2,True,True
TRIAL-0263,Phase 3,Pancreatic Cancer,MedTrials International,Triple Blind,2021-01-19,2024-08-31,44,275,265,11,2,True,False
TRIAL-0264,Phase 3,Breast Cancer,Apex Oncology Labs,Double Blind,2019-06-08,2023-08-16,51,524,492,41,2,True,True
TRIAL-0265,Phase 3,Pancreatic Cancer,Helix Therapeutics,Double Blind,2021-12-21,2025-09-01,45,281,243,15,2,False,False
TRIAL-0266,Phase 2,Leukemia,Global BioResearch,Open Label,2022-11-02,2024-12-21,26,96,89,6,1,True,True
TRIAL-0267,Phase 3,Lung Cancer,MedTrials International,Double Blind,2023-04-03,2026-05-17,38,344,315,5,1,True,False
TRIAL-0268,Phase 1,Pancreatic Cancer,Apex Oncology Labs,Open Label,2023-10-16,2025-01-08,15,46,36,3,1,False,True
TRIAL-0269,Phase 1,Lymphoma,OncoPharm Therapeutics,Open Label,2020-09-10,2021-12-04,15,35,34,3,1,True,True
TRIAL-0270,Phase 3,Lymphoma,MedTrials International,Triple Blind,2018-09-05,2021-05-22,33,298,276,10,1,True,True
TRIAL-0271,Phase 2,Melanoma,MedTrials International,Single Blind,2020-07-15,2021-07-10,12,107,93,8,1,False,True
TRIAL-0272,Phase 4,Prostate Cancer,Apex Oncology Labs,Double Blind,2023-01-03,2024-11-23,23,222,208,7,2,True,True
TRIAL-0273,Phase 2,Pancreatic Cancer,OncoPharm Therapeutics,Double Blind,2021-07-21,2024-03-07,32,150,149,7,1,True,False
TRIAL-0274,Phase 2,Lung Cancer,Helix Therapeutics,Double Blind,2019-12-19,2021-08-10,20,102,96,3,1,True,True
TRIAL-0275,Phase 1,Lung Cancer,Clinical Research Group A,Single Blind,2022-11-02,2024-09-22,23,28,26,3,1,True,True
TRIAL-0276,Phase 3,Breast Cancer,Global BioResearch,Double Blind,2020-03-19,2023-10-30,44,460,349,17,3,False,True
TRIAL-0277,Phase 3,Lymphoma,Clinical Research Group A,Triple Blind,2023-03-26,2027-05-04,50,521,482,36,2,True,False
TRIAL-0278,Phase 3,Leukemia,OncoPharm Therapeutics,Double Blind,2020-10-25,2024-08-05,46,369,334,12,3,True,False
TRIAL-0279,Phase 2,Leukemia,OncoPharm Therapeutics,Double Blind,2021-04-12,2022-05-07,13,76,55,8,2,False,True
TRIAL-0280,Phase 2,Colorectal Cancer,Clinical Research Group A,Double Blind,2022-05-26,2023-03-22,10,115,105,5,1,True,True
TRIAL-0281,Phase 1,Melanoma,Global BioResearch,Open Label,2019-12-13,2021-06-05,18,29,25,3,1,False,True
TRIAL-0282,Phase 1,Breast Cancer,Apex Oncology Labs,Open Label,2018-03-03,2019-06-26,16,29,26,2,1,False,True
TRIAL-0283,Phase 2,Lymphoma,OncoPharm Therapeutics,Open Label,2022-10-26,2025-06-12,32,79,76,4,1,True,True
TRIAL-0284,Phase 2,Melanoma,NovaCure Biotech,Single Blind,2023-09-08,2025-11-26,27,73,63,2,1,False,True
TRIAL-0285,Phase 1,Lymphoma,Global BioResearch,Open Label,2020-08-05,2022-01-27,18,29,26,2,1,False,True
TRIAL-0286,Phase 2,Lymphoma,Apex Oncology Labs,Single Blind,2020-05-08,2022-05-28,25,60,59,2,1,True,False
TRIAL-0287,Phase 2,Prostate Cancer,NovaCure Biotech,Open Label,2021-06-27,2023-10-15,28,101,96,4,1,True,True
TRIAL-0288,Phase 3,Leukemia,NovaCure Biotech,Double Blind,2022-12-07,2026-09-17,46,202,196,9,1,True,True
TRIAL-0289,Phase 1,Lymphoma,Apex Oncology Labs,Open Label,2022-04-11,2023-08-04,16,45,44,7,2,True,True
TRIAL-0290,Phase 3,Lymphoma,Apex Oncology Labs,Double Blind,2022-03-22,2025-10-02,43,549,536,27,2,True,False
TRIAL-0291,Phase 1,Pancreatic Cancer,Clinical Research Group A,Open Label,2023-02-27,2024-08-20,18,23,22,2,1,True,False
TRIAL-0292,Phase 3,Pancreatic Cancer,Global BioResearch,Double Blind,2019-12-14,2025-01-16,62,400,372,12,2,True,False
TRIAL-0293,Phase 1,Pancreatic Cancer,Helix Therapeutics,Open Label,2023-07-18,2024-06-12,11,15,13,3,1,False,True
TRIAL-0294,Phase 4,Lung Cancer,OncoPharm Therapeutics,Double Blind,2022-01-19,2023-06-13,17,186,159,16,1,False,False
TRIAL-0295,Phase 3,Lymphoma,MedTrials International,Double Blind,2018-05-08,2021-09-19,41,342,322,18,1,True,False
TRIAL-0296,Phase 2,Prostate Cancer,NovaCure Biotech,Single Blind,2022-12-17,2025-05-05,29,111,106,5,2,True,True
TRIAL-0297,Phase 4,Pancreatic Cancer,OncoPharm Therapeutics,Open Label,2023-03-12,2027-01-20,47,199,188,7,1,True,True
TRIAL-0298,Phase 2,Prostate Cancer,Helix Therapeutics,Single Blind,2023-12-15,2025-08-06,20,95,91,5,1,True,True
TRIAL-0299,Phase 2,Lung Cancer,OncoPharm Therapeutics,Double Blind,2019-12-08,2023-02-20,39,94,91,7,1,True,True
TRIAL-0300,Phase 2,Leukemia,Helix Therapeutics,Single Blind,2021-11-06,2024-10-21,36,93,87,5,1,True,True
TRIAL-0301,Phase 3,Lymphoma,OncoPharm Therapeutics,Double Blind,2021-07-01,2027-06-30,73,467,379,11,2,False,False
TRIAL-0302,Phase 1,Lung Cancer,Helix Therapeutics,Open Label,2019-06-11,2021-01-01,19,23,21,3,1,True,True
TRIAL-0303,Phase 1,Pancreatic Cancer,Helix Therapeutics,Single Blind,2022-07-20,2024-11-06,28,30,26,2,1,False,True
TRIAL-0304,Phase 1,Leukemia,MedTrials International,Open Label,2023-12-26,2025-06-18,18,31,30,1,1,True,True
TRIAL-0305,Phase 2,Lung Cancer,Clinical Research Group A,Open Label,2019-05-04,2020-11-24,19,59,50,2,1,False,True
TRIAL-0306,Phase 3,Lymphoma,NovaCure Biotech,Double Blind,2021-11-18,2026-06-25,56,453,452,39,2,True,False
TRIAL-0307,Phase 2,Colorectal Cancer,Helix Therapeutics,Open Label,2020-08-20,2022-09-09,25,129,122,4,1,True,True
TRIAL-0308,Phase 2,Breast Cancer,NovaCure Biotech,Open Label,2022-09-21,2025-05-08,32,92,88,8,1,True,True
TRIAL-0309,Phase 3,Lymphoma,Clinical Research Group A,Triple Blind,2022-01-26,2027-06-29,66,335,315,20,1,True,False
TRIAL-0310,Phase 2,Melanoma,Global BioResearch,Double Blind,2021-10-24,2024-10-08,36,115,111,3,1,True,False
TRIAL-0311,Phase 2,Lung Cancer,Helix Therapeutics,Open Label,2020-09-27,2022-11-16,26,68,58,8,1,False,False
TRIAL-0312,Phase 3,Pancreatic Cancer,Helix Therapeutics,Double Blind,2023-04-10,2027-12-15,57,372,328,18,1,False,False
TRIAL-0313,Phase 1,Melanoma,Apex Oncology Labs,Single Blind,2021-02-25,2022-10-18,20,28,26,1,1,True,False
TRIAL-0314,Phase 1,Leukemia,MedTrials International,Open Label,2021-03-20,2023-02-08,23,37,35,3,1,True,True
TRIAL-0315,Phase 1,Prostate Cancer,MedTrials International,Open Label,2022-05-20,2024-05-09,24,33,32,2,1,True,True
TRIAL-0316,Phase 2,Melanoma,Apex Oncology Labs,Double Blind,2023-02-05,2026-06-19,41,100,94,8,1,True,False
TRIAL-0317,Phase 3,Breast Cancer,Apex Oncology Labs,Triple Blind,2019-04-05,2024-06-07,63,456,347,9,2,False,False
TRIAL-0318,Phase 3,Lymphoma,NovaCure Biotech,Double Blind,2021-08-03,2024-04-19,33,467,455,32,2,True,False
TRIAL-0319,Phase 3,Lung Cancer,NovaCure Biotech,Double Blind,2020-08-16,2026-03-18,68,379,369,13,2,True,True
TRIAL-0320,Phase 1,Lung Cancer,Clinical Research Group A,Single Blind,2023-12-12,2025-08-03,20,33,27,3,1,False,False
TRIAL-0321,Phase 3,Lymphoma,Global BioResearch,Triple Blind,2020-05-11,2023-06-25,38,386,384,11,2,True,False
TRIAL-0322,Phase 1,Pancreatic Cancer,MedTrials International,Open Label,2018-01-04,2019-08-27,20,36,35,3,1,True,True
TRIAL-0323,Phase 3,Breast Cancer,OncoPharm Therapeutics,Triple Blind,2018-07-07,2024-02-06,68,472,452,25,2,True,False
TRIAL-0324,Phase 4,Melanoma,Global BioResearch,Double Blind,2020-05-03,2024-01-13,45,176,168,13,1,True,True
TRIAL-0325,Phase 4,Colorectal Cancer,OncoPharm Therapeutics,Single Blind,2019-07-21,2022-01-06,30,108,107,4,2,True,True
TRIAL-0326,Phase 1,Prostate Cancer,NovaCure Biotech,Open Label,2023-08-01,2025-01-22,18,55,50,6,1,True,True
TRIAL-0327,Phase 2,Lung Cancer,MedTrials International,Single Blind,2021-02-08,2023-11-25,34,161,146,3,1,True,True
TRIAL-0328,Phase 3,Lung Cancer,OncoPharm Therapeutics,Double Blind,2019-11-22,2023-10-02,47,344,329,14,1,True,True
TRIAL-0329,Phase 2,Breast Cancer,Helix Therapeutics,Double Blind,2019-11-24,2021-05-17,18,120,114,5,1,True,True
TRIAL-0330,Phase 2,Pancreatic Cancer,MedTrials International,Open Label,2019-02-19,2020-03-15,13,94,91,2,1,True,False
TRIAL-0331,Phase 2,Lymphoma,Apex Oncology Labs,Double Blind,2020-11-03,2022-05-27,19,145,121,3,1,False,True
TRIAL-0332,Phase 2,Melanoma,MedTrials International,Double Blind,2023-05-07,2025-12-22,32,155,150,5,2,True,True
TRIAL-0333,Phase 2,Lymphoma,Apex Oncology Labs,Double Blind,2019-08-13,2021-08-02,24,88,83,8,2,True,True
TRIAL-0334,Phase 2,Lung Cancer,Helix Therapeutics,Double Blind,2020-06-05,2021-06-30,13,66,53,2,1,False,True
TRIAL-0335,Phase 3,Lymphoma,Apex Oncology Labs,Double Blind,2018-01-19,2022-06-27,54,353,279,10,2,False,True
TRIAL-0336,Phase 2,Breast Cancer,OncoPharm Therapeutics,Double Blind,2023-12-17,2024-06-14,6,84,83,5,1,True,False
TRIAL-0337,Phase 2,Lymphoma,OncoPharm Therapeutics,Double Blind,2020-02-10,2021-12-31,23,99,92,6,2,True,True
TRIAL-0338,Phase 4,Colorectal Cancer,Helix Therapeutics,Single Blind,2021-12-28,2025-03-12,39,228,202,7,1,False,True
TRIAL-0339,Phase 1,Lymphoma,OncoPharm Therapeutics,Open Label,2018-05-22,2019-09-14,16,28,27,3,1,True,False
TRIAL-0340,Phase 3,Lung Cancer,OncoPharm Therapeutics,Double Blind,2020-09-17,2023-11-01,38,436,396,5,1,True,False
TRIAL-0341,Phase 3,Colorectal Cancer,Apex Oncology Labs,Double Blind,2018-01-11,2019-07-05,18,397,394,13,3,True,False
TRIAL-0342,Phase 2,Lung Cancer,Apex Oncology Labs,Double Blind,2021-08-17,2023-09-06,25,126,117,6,2,True,True
TRIAL-0343,Phase 2,Colorectal Cancer,Apex Oncology Labs,Open Label,2022-11-24,2024-02-17,15,102,101,8,1,True,True
TRIAL-0344,Phase 3,Breast Cancer,OncoPharm Therapeutics,Triple Blind,2021-06-13,2024-01-29,32,347,328,5,1,True,False
TRIAL-0345,Phase 1,Breast Cancer,Helix Therapeutics,Single Blind,2023-11-14,2025-01-07,14,34,32,3,1,True,True
TRIAL-0346,Phase 1,Leukemia,Apex Oncology Labs,Single Blind,2020-02-17,2022-01-07,23,21,20,3,1,True,True
TRIAL-0347,Phase 1,Prostate Cancer,MedTrials International,Open Label,2021-02-15,2022-03-12,13,34,31,1,1,True,False
TRIAL-0348,Phase 3,Melanoma,Apex Oncology Labs,Double Blind,2019-05-19,2020-05-13,12,408,302,19,1,False,False
TRIAL-0349,Phase 3,Prostate Cancer,NovaCure Biotech,Double Blind,2019-12-18,2024-06-24,55,443,427,46,3,True,False
TRIAL-0350,Phase 1,Breast Cancer,NovaCure Biotech,Open Label,2023-01-11,2024-03-06,14,50,47,6,1,True,True
TRIAL-0351,Phase 3,Melanoma,OncoPharm Therapeutics,Double Blind,2018-03-23,2022-04-01,49,335,320,12,2,True,True
TRIAL-0352,Phase 1,Prostate Cancer,MedTrials International,Open Label,2020-08-24,2021-12-17,16,46,39,3,1,False,True
TRIAL-0353,Phase 1,Colorectal Cancer,Clinical Research Group A,Single Blind,2022-10-02,2024-07-23,22,27,22,1,1,False,True
TRIAL-0354,Phase 4,Prostate Cancer,Apex Oncology Labs,Open Label,2021-12-27,2027-06-29,67,195,177,15,3,True,False
TRIAL-0355,Phase 2,Melanoma,Global BioResearch,Open Label,2019-10-04,2022-01-21,28,87,72,3,1,False,True
TRIAL-0356,Phase 1,Pancreatic Cancer,Apex Oncology Labs,Open Label,2020-04-15,2021-06-09,14,15,14,3,1,True,True
TRIAL-0357,Phase 2,Lung Cancer,OncoPharm Therapeutics,Open Label,2023-12-20,2026-07-07,31,86,82,7,1,True,True
TRIAL-0358,Phase 3,Leukemia,Global BioResearch,Double Blind,2021-09-02,2026-08-07,60,315,252,12,3,False,False
TRIAL-0359,Phase 2,Colorectal Cancer,OncoPharm Therapeutics,Double Blind,2023-09-08,2025-04-30,20,89,73,8,1,False,True
TRIAL-0360,Phase 1,Colorectal Cancer,OncoPharm Therapeutics,Open Label,2019-04-27,2020-04-21,12,34,30,1,1,False,True
TRIAL-0361,Phase 3,Lung Cancer,Helix Therapeutics,Double Blind,2018-04-21,2021-03-06,35,402,389,7,1,True,True
TRIAL-0362,Phase 1,Leukemia,OncoPharm Therapeutics,Open Label,2018-03-19,2020-01-08,22,34,33,2,1,True,True
TRIAL-0363,Phase 3,Pancreatic Cancer,OncoPharm Therapeutics,Double Blind,2019-03-09,2023-04-17,50,518,472,42,1,True,True
TRIAL-0364,Phase 3,Breast Cancer,Helix Therapeutics,Double Blind,2021-07-18,2025-02-27,44,364,343,12,2,True,True
TRIAL-0365,Phase 1,Lymphoma,Global BioResearch,Open Label,2022-04-21,2022-11-17,7,19,17,3,1,False,False
TRIAL-0366,Phase 2,Breast Cancer,NovaCure Biotech,Double Blind,2021-06-19,2023-09-07,27,81,80,4,1,True,True
TRIAL-0367,Phase 2,Colorectal Cancer,OncoPharm Therapeutics,Single Blind,2018-05-02,2020-04-21,24,125,122,3,1,True,False
TRIAL-0368,Phase 2,Leukemia,MedTrials International,Double Blind,2019-02-08,2021-02-27,25,72,68,3,1,True,False
TRIAL-0369,Phase 2,Breast Cancer,MedTrials International,Double Blind,2022-07-12,2024-03-03,20,129,93,3,1,False,False
TRIAL-0370,Phase 4,Colorectal Cancer,Global BioResearch,Open Label,2023-06-19,2027-04-29,47,219,217,15,3,True,True
TRIAL-0371,Phase 3,Colorectal Cancer,Helix Therapeutics,Triple Blind,2019-08-02,2024-05-07,58,428,366,20,2,False,True
TRIAL-0372,Phase 1,Prostate Cancer,OncoPharm Therapeutics,Open Label,2020-10-07,2022-12-26,27,16,15,1,1,True,False
TRIAL-0373,Phase 2,Colorectal Cancer,MedTrials International,Double Blind,2019-10-23,2022-07-09,33,115,102,4,1,False,False
TRIAL-0374,Phase 3,Leukemia,OncoPharm Therapeutics,Double Blind,2020-05-11,2024-01-21,45,510,479,40,2,True,True
TRIAL-0375,Phase 1,Lymphoma,MedTrials International,Open Label,2023-06-06,2024-01-02,7,28,22,2,1,False,False
TRIAL-0376,Phase 2,Leukemia,Global BioResearch,Double Blind,2020-12-23,2023-03-13,27,125,99,8,1,False,True
TRIAL-0377,Phase 1,Breast Cancer,Clinical Research Group A,Single Blind,2022-01-06,2023-09-28,21,37,29,2,1,False,True
TRIAL-0378,Phase 4,Prostate Cancer,Clinical Research Group A,Double Blind,2023-02-08,2026-11-19,46,236,227,20,1,True,True
TRIAL-0379,Phase 2,Lung Cancer,MedTrials International,Double Blind,2020-08-01,2022-10-20,27,111,109,7,2,True,True
TRIAL-0380,Phase 1,Lung Cancer,Apex Oncology Labs,Open Label,2023-01-02,2023-09-29,9,26,25,1,1,True,True
TRIAL-0381,Phase 3,Colorectal Cancer,NovaCure Biotech,Double Blind,2021-02-27,2024-12-08,46,495,489,39,2,True,True
TRIAL-0382,Phase 3,Prostate Cancer,Global BioResearch,Double Blind,2020-05-04,2025-05-08,61,383,333,6,1,False,True
TRIAL-0383,Phase 1,Lymphoma,Global BioResearch,Open Label,2018-06-20,2020-04-10,22,20,16,3,1,False,False
TRIAL-0384,Phase 3,Breast Cancer,NovaCure Biotech,Triple Blind,2021-03-02,2026-02-04,60,450,430,25,2,True,True
TRIAL-0385,Phase 1,Prostate Cancer,NovaCure Biotech,Open Label,2023-09-09,2025-01-31,17,23,20,3,1,False,True
TRIAL-0386,Phase 2,Lung Cancer,OncoPharm Therapeutics,Single Blind,2019-01-12,2022-02-25,38,128,119,6,2,True,True
TRIAL-0387,Phase 1,Pancreatic Cancer,Global BioResearch,Open Label,2019-11-10,2022-02-27,28,30,28,1,1,True,False
TRIAL-0388,Phase 2,Lung Cancer,Apex Oncology Labs,Double Blind,2023-05-03,2025-12-18,32,94,88,5,1,True,True
TRIAL-0389,Phase 2,Leukemia,NovaCure Biotech,Single Blind,2021-08-09,2023-06-30,23,81,78,5,1,True,True
TRIAL-0390,Phase 2,Breast Cancer,Global BioResearch,Double Blind,2023-06-26,2025-04-16,22,98,94,7,1,True,True
TRIAL-0391,Phase 4,Prostate Cancer,Helix Therapeutics,Open Label,2021-09-22,2024-09-06,36,115,111,5,2,True,False
TRIAL-0392,Phase 2,Prostate Cancer,NovaCure Biotech,Open Label,2023-01-17,2024-10-08,21,56,51,5,2,True,True
TRIAL-0393,Phase 2,Colorectal Cancer,OncoPharm Therapeutics,Double Blind,2019-04-26,2021-09-12,29,43,41,5,1,True,True
TRIAL-0394,Phase 1,Lung Cancer,Clinical Research Group A,Open Label,2019-10-09,2020-12-02,14,22,18,3,1,False,True
TRIAL-0395,Phase 3,Lung Cancer,OncoPharm Therapeutics,Double Blind,2020-09-15,2023-11-29,39,590,582,40,2,True,False
TRIAL-0396,Phase 1,Lymphoma,OncoPharm Therapeutics,Open Label,2022-10-19,2023-08-15,10,15,12,1,1,False,False
TRIAL-0397,Phase 4,Lung Cancer,Helix Therapeutics,Double Blind,2022-06-14,2024-12-30,31,105,87,8,1,False,True
TRIAL-0398,Phase 3,Pancreatic Cancer,OncoPharm Therapeutics,Double Blind,2022-11-23,2027-08-29,58,414,403,40,1,True,True
TRIAL-0399,Phase 2,Leukemia,Clinical Research Group A,Open Label,2021-05-12,2023-07-01,26,35,33,3,1,True,True
TRIAL-0400,Phase 3,Melanoma,Apex Oncology Labs,Double Blind,2023-02-28,2026-06-12,40,407,369,20,3,True,True
TRIAL-0401,Phase 2,Pancreatic Cancer,MedTrials International,Double Blind,2022-11-03,2025-07-20,33,67,66,4,2,True,True
TRIAL-0402,Phase 1,Lymphoma,Clinical Research Group A,Open Label,2020-01-17,2021-08-09,19,32,31,3,1,True,False
TRIAL-0403,Phase 1,Lymphoma,Global BioResearch,Open Label,2022-01-06,2023-05-31,17,18,17,3,1,True,True
TRIAL-0404,Phase 3,Breast Cancer,Global BioResearch,Double Blind,2023-04-09,2027-04-18,49,211,194,6,2,True,True
TRIAL-0405,Phase 2,Lymphoma,Clinical Research Group A,Double Blind,2020-08-20,2022-06-11,22,137,113,7,1,False,True
TRIAL-0406,Phase 4,Pancreatic Cancer,Helix Therapeutics,Double Blind,2020-12-27,2024-09-07,45,306,256,16,1,False,True
TRIAL-0407,Phase 2,Lymphoma,OncoPharm Therapeutics,Open Label,2019-04-21,2021-06-09,26,141,119,6,2,False,True
TRIAL-0408,Phase 1,Lymphoma,Helix Therapeutics,Open Label,2018-08-05,2019-05-02,9,38,35,3,1,True,True
TRIAL-0409,Phase 2,Breast Cancer,Global BioResearch,Open Label,2023-12-21,2025-07-13,19,130,128,8,2,True,True
TRIAL-0410,Phase 3,Leukemia,NovaCure Biotech,Double Blind,2022-10-13,2027-06-19,57,378,377,19,2,True,False
TRIAL-0411,Phase 1,Leukemia,Helix Therapeutics,Open Label,2023-02-16,2023-11-13,9,43,42,6,1,True,True
TRIAL-0412,Phase 4,Leukemia,MedTrials International,Open Label,2023-05-07,2027-08-14,52,151,148,7,2,True,True
TRIAL-0413,Phase 3,Breast Cancer,MedTrials International,Triple Blind,2023-03-24,2026-09-04,42,397,392,17,2,True,True
TRIAL-0414,Phase 2,Melanoma,Apex Oncology Labs,Double Blind,2018-10-23,2021-02-09,28,99,98,5,1,True,False
TRIAL-0415,Phase 3,Leukemia,Clinical Research Group A,Double Blind,2023-06-17,2027-01-27,44,391,390,20,3,True,True
TRIAL-0416,Phase 1,Colorectal Cancer,Apex Oncology Labs,Open Label,2023-05-24,2024-09-15,16,45,36,1,1,False,False
TRIAL-0417,Phase 3,Colorectal Cancer,Clinical Research Group A,Triple Blind,2019-12-28,2023-10-08,46,469,402,20,2,False,True
TRIAL-0418,Phase 3,Leukemia,Apex Oncology Labs,Double Blind,2018-08-02,2021-05-18,34,444,433,33,2,True,False
TRIAL-0419,Phase 2,Lung Cancer,NovaCure Biotech,Double Blind,2023-07-17,2024-08-10,13,151,139,6,1,True,True
TRIAL-0420,Phase 1,Colorectal Cancer,Global BioResearch,Single Blind,2021-10-15,2022-12-09,14,24,22,2,1,True,True
TRIAL-0421,Phase 3,Colorectal Cancer,MedTrials International,Double Blind,2019-06-21,2025-05-20,72,202,199,15,2,True,True
TRIAL-0422,Phase 2,Prostate Cancer,MedTrials International,Double Blind,2021-02-05,2024-08-18,43,72,65,6,2,True,True
TRIAL-0423,Phase 2,Lymphoma,NovaCure Biotech,Double Blind,2022-04-24,2023-09-16,17,133,125,5,1,True,True
TRIAL-0424,Phase 1,Leukemia,MedTrials International,Single Blind,2018-11-01,2020-05-24,19,15,12,1,1,False,True
TRIAL-0425,Phase 1,Leukemia,Apex Oncology Labs,Open Label,2020-03-03,2021-09-24,19,47,45,5,1,True,False
TRIAL-0426,Phase 2,Melanoma,NovaCure Biotech,Double Blind,2021-11-05,2024-04-23,30,96,88,6,1,True,True
TRIAL-0427,Phase 4,Leukemia,MedTrials International,Open Label,2019-12-05,2022-02-22,27,262,219,17,1,False,True
TRIAL-0428,Phase 1,Colorectal Cancer,OncoPharm Therapeutics,Open Label,2018-07-21,2020-06-10,23,32,27,3,1,False,True
TRIAL-0429,Phase 2,Breast Cancer,Helix Therapeutics,Double Blind,2018-01-23,2021-04-07,39,89,87,7,1,True,True
TRIAL-0430,Phase 2,Lung Cancer,Helix Therapeutics,Open Label,2023-11-21,2026-01-09,26,134,133,7,1,True,True
TRIAL-0431,Phase 2,Lung Cancer,Clinical Research Group A,Double Blind,2019-07-27,2021-12-13,29,130,129,6,2,True,False
TRIAL-0432,Phase 2,Lung Cancer,Apex Oncology Labs,Open Label,2021-04-20,2023-04-10,24,158,142,2,1,False,True
TRIAL-0433,Phase 2,Prostate Cancer,Apex Oncology Labs,Double Blind,2022-08-07,2024-06-27,23,77,75,4,1,True,False
TRIAL-0434,Phase 2,Prostate Cancer,OncoPharm Therapeutics,Open Label,2018-10-22,2021-06-08,32,83,76,2,1,True,True
TRIAL-0435,Phase 4,Lung Cancer,Clinical Research Group A,Double Blind,2021-05-09,2023-10-26,30,242,223,13,2,True,True
TRIAL-0436,Phase 1,Colorectal Cancer,MedTrials International,Open Label,2020-11-11,2021-12-06,13,35,34,2,1,True,True
TRIAL-0437,Phase 1,Breast Cancer,OncoPharm Therapeutics,Single Blind,2023-03-11,2023-12-06,9,29,27,3,1,True,True
TRIAL-0438,Phase 2,Melanoma,Clinical Research Group A,Open Label,2018-07-13,2020-10-30,28,103,102,8,1,True,False
TRIAL-0439,Phase 2,Lymphoma,Clinical Research Group A,Double Blind,2019-02-05,2021-03-26,26,118,102,8,1,False,False
TRIAL-0440,Phase 1,Colorectal Cancer,OncoPharm Therapeutics,Open Label,2021-10-22,2022-11-16,13,28,26,3,1,True,True
TRIAL-0441,Phase 2,Leukemia,Helix Therapeutics,Open Label,2023-03-16,2025-01-04,22,77,74,7,2,True,False
TRIAL-0442,Phase 1,Lymphoma,NovaCure Biotech,Open Label,2023-06-01,2024-11-22,18,27,26,2,1,True,False
TRIAL-0443,Phase 3,Prostate Cancer,Clinical Research Group A,Triple Blind,2023-04-16,2028-05-19,62,402,394,8,1,True,True
TRIAL-0444,Phase 3,Lymphoma,Global BioResearch,Triple Blind,2019-09-28,2023-01-10,40,400,378,6,1,True,True
TRIAL-0445,Phase 2,Colorectal Cancer,OncoPharm Therapeutics,Double Blind,2020-01-17,2022-11-02,34,105,86,4,1,False,True
TRIAL-0446,Phase 2,Lymphoma,MedTrials International,Open Label,2022-08-03,2024-05-24,22,107,106,5,1,True,False
TRIAL-0447,Phase 2,Lung Cancer,NovaCure Biotech,Double Blind,2018-07-14,2020-10-01,27,126,109,2,1,False,True
TRIAL-0448,Phase 2,Lung Cancer,MedTrials International,Double Blind,2022-09-07,2024-05-29,21,81,73,6,2,True,False
TRIAL-0449,Phase 2,Leukemia,Apex Oncology Labs,Double Blind,2021-06-18,2023-03-10,21,133,113,8,1,False,False
TRIAL-0450,Phase 2,Leukemia,Clinical Research Group A,Single Blind,2023-04-01,2025-05-20,26,130,122,2,1,True,True
TRIAL-0451,Phase 3,Melanoma,Helix Therapeutics,Double Blind,2019-08-05,2025-06-04,71,475,436,21,1,True,False
TRIAL-0452,Phase 3,Lymphoma,OncoPharm Therapeutics,Double Blind,2021-04-15,2024-02-29,35,452,329,11,1,False,False
TRIAL-0453,Phase 1,Leukemia,OncoPharm Therapeutics,Open Label,2023-11-19,2025-03-13,16,40,39,1,1,True,True
TRIAL-0454,Phase 3,Pancreatic Cancer,Clinical Research Group A,Double Blind,2021-01-17,2023-07-06,30,440,418,47,1,True,False
TRIAL-0455,Phase 2,Lymphoma,MedTrials International,Double Blind,2019-12-19,2021-04-12,16,93,77,6,2,False,True
TRIAL-0456,Phase 3,Lung Cancer,NovaCure Biotech,Double Blind,2021-07-20,2025-01-30,43,523,511,35,2,True,False
TRIAL-0457,Phase 3,Melanoma,NovaCure Biotech,Triple Blind,2019-03-14,2023-06-21,52,610,561,33,2,True,False
TRIAL-0458,Phase 3,Melanoma,MedTrials International,Double Blind,2022-11-07,2027-10-12,60,325,287,15,3,False,True
TRIAL-0459,Phase 2,Melanoma,Clinical Research Group A,Single Blind,2023-11-06,2025-07-28,21,58,51,7,1,False,True
TRIAL-0460,Phase 3,Leukemia,Clinical Research Group A,Double Blind,2022-10-22,2025-01-09,27,312,307,16,2,True,False
TRIAL-0461,Phase 3,Melanoma,MedTrials International,Double Blind,2018-07-05,2021-04-20,34,411,403,15,2,True,True
TRIAL-0462,Phase 1,Melanoma,MedTrials International,Open Label,2023-05-05,2024-09-26,17,27,23,2,1,False,False
TRIAL-0463,Phase 3,Melanoma,Global BioResearch,Triple Blind,2021-02-20,2024-12-31,47,401,370,6,1,True,False
TRIAL-0464,Phase 3,Prostate Cancer,Clinical Research Group A,Double Blind,2023-05-23,2027-02-01,45,505,468,39,2,True,False
TRIAL-0465,Phase 4,Lymphoma,NovaCure Biotech,Double Blind,2018-01-24,2020-05-13,28,211,205,15,3,True,True
TRIAL-0466,Phase 2,Pancreatic Cancer,MedTrials International,Open Label,2023-06-25,2026-03-11,33,129,103,7,2,False,True
TRIAL-0467,Phase 3,Prostate Cancer,MedTrials International,Double Blind,2019-11-03,2022-10-18,36,467,461,27,2,True,True
TRIAL-0468,Phase 1,Lung Cancer,NovaCure Biotech,Open Label,2022-05-05,2023-06-29,14,22,19,2,1,False,True
TRIAL-0469,Phase 3,Breast Cancer,Apex Oncology Labs,Double Blind,2020-10-02,2024-09-11,48,395,382,9,1,True,False
TRIAL-0470,Phase 2,Melanoma,NovaCure Biotech,Double Blind,2023-06-17,2026-01-02,31,80,72,6,1,True,True
TRIAL-0471,Phase 1,Lung Cancer,MedTrials International,Open Label,2021-02-12,2022-06-07,16,44,42,5,1,True,True
TRIAL-0472,Phase 1,Leukemia,Apex Oncology Labs,Open Label,2022-09-16,2024-01-09,16,18,15,1,1,False,False
TRIAL-0473,Phase 3,Breast Cancer,OncoPharm Therapeutics,Double Blind,2023-10-20,2028-04-26,55,216,213,19,2,True,True
TRIAL-0474,Phase 1,Leukemia,NovaCure Biotech,Single Blind,2021-05-18,2022-11-09,18,19,17,1,1,False,False
TRIAL-0475,Phase 1,Leukemia,Helix Therapeutics,Single Blind,2021-01-10,2022-08-03,19,15,12,2,1,False,False
TRIAL-0476,Phase 1,Lung Cancer,OncoPharm Therapeutics,Open Label,2018-11-03,2020-02-26,16,51,50,8,1,True,True
TRIAL-0477,Phase 2,Prostate Cancer,MedTrials International,Double Blind,2022-12-24,2025-06-11,30,63,50,8,1,False,False
TRIAL-0478,Phase 2,Lung Cancer,Clinical Research Group A,Double Blind,2021-12-11,2023-10-02,22,101,96,2,1,True,True
TRIAL-0479,Phase 1,Colorectal Cancer,MedTrials International,Open Label,2022-04-09,2023-10-01,18,31,27,1,1,False,True
TRIAL-0480,Phase 2,Lymphoma,NovaCure Biotech,Single Blind,2022-01-21,2024-04-10,27,100,90,5,2,True,False
TRIAL-0481,Phase 1,Breast Cancer,Clinical Research Group A,Single Blind,2022-02-10,2023-12-02,22,17,15,2,1,False,False
TRIAL-0482,Phase 2,Lung Cancer,Apex Oncology Labs,Double Blind,2023-01-16,2025-09-02,32,106,97,5,1,True,True
TRIAL-0483,Phase 1,Lymphoma,MedTrials International,Open Label,2020-11-05,2021-10-01,11,27,26,3,1,True,True
TRIAL-0484,Phase 3,Leukemia,OncoPharm Therapeutics,Double Blind,2018-01-19,2021-11-29,47,446,429,50,1,True,False
TRIAL-0485,Phase 2,Lung Cancer,Apex Oncology Labs,Open Label,2020-04-14,2022-10-01,30,85,80,7,2,True,False
TRIAL-0486,Phase 3,Colorectal Cancer,Global BioResearch,Double Blind,2019-11-26,2023-12-05,49,265,195,13,1,False,False
TRIAL-0487,Phase 1,Pancreatic Cancer,Clinical Research Group A,Open Label,2023-02-09,2024-05-04,15,35,33,2,1,True,True
TRIAL-0488,Phase 3,Pancreatic Cancer,Apex Oncology Labs,Double Blind,2022-02-07,2024-06-26,29,537,522,30,1,True,True
TRIAL-0489,Phase 2,Melanoma,Clinical Research Group A,Double Blind,2020-07-06,2022-08-25,26,100,80,6,1,False,True
TRIAL-0490,Phase 1,Prostate Cancer,Clinical Research Group A,Open Label,2020-06-05,2021-06-30,13,15,14,2,1,True,True
TRIAL-0491,Phase 2,Pancreatic Cancer,NovaCure Biotech,Single Blind,2022-02-06,2024-02-26,25,128,110,8,1,False,True
TRIAL-0492,Phase 1,Melanoma,MedTrials International,Single Blind,2023-11-03,2025-06-25,20,44,41,6,1,True,False
TRIAL-0493,Phase 3,Breast Cancer,MedTrials International,Double Blind,2019-01-18,2021-12-03,35,267,260,17,3,True,True
TRIAL-0494,Phase 3,Pancreatic Cancer,Clinical Research Group A,Triple Blind,2022-12-28,2026-06-10,42,401,359,16,2,False,True
TRIAL-0495,Phase 2,Lung Cancer,NovaCure Biotech,Single Blind,2023-04-28,2026-01-12,33,128,126,2,1,True,False
TRIAL-0496,Phase 4,Colorectal Cancer,MedTrials International,Double Blind,2022-10-22,2026-04-04,42,206,198,19,1,True,False
TRIAL-0497,Phase 1,Pancreatic Cancer,Apex Oncology Labs,Open Label,2019-02-09,2020-02-04,12,15,14,2,1,True,True
TRIAL-0498,Phase 1,Prostate Cancer,Helix Therapeutics,Single Blind,2021-01-02,2021-12-28,12,42,40,4,1,True,False
TRIAL-0499,Phase 2,Melanoma,MedTrials International,Double Blind,2019-07-21,2022-03-07,32,64,62,6,1,True,True
TRIAL-0500,Phase 2,Lung Cancer,Helix Therapeutics,Open Label,2022-07-12,2025-12-23,42,143,141,3,1,True,False
TRIAL-0501,Phase 2,Pancreatic Cancer,Helix Therapeutics,Open Label,2021-03-08,2023-01-27,23,111,90,3,1,False,True
TRIAL-0502,Phase 2,Prostate Cancer,Global BioResearch,Open Label,2018-11-08,2021-02-25,28,52,47,4,2,True,True
TRIAL-0503,Phase 2,Lung Cancer,NovaCure Biotech,Double Blind,2019-11-27,2022-04-15,29,71,53,5,1,False,True
TRIAL-0504,Phase 1,Colorectal Cancer,Helix Therapeutics,Open Label,2023-09-02,2025-07-23,23,40,34,1,1,False,False
TRIAL-0505,Phase 1,Colorectal Cancer,Apex Oncology Labs,Single Blind,2021-10-19,2023-07-11,21,39,38,3,1,True,True
TRIAL-0506,Phase 3,Melanoma,OncoPharm Therapeutics,Double Blind,2019-04-27,2024-03-31,60,270,217,20,3,False,True
TRIAL-0507,Phase 1,Colorectal Cancer,Helix Therapeutics,Open Label,2019-12-22,2021-06-14,18,39,37,2,1,True,True
TRIAL-0508,Phase 2,Lung Cancer,Global BioResearch,Single Blind,2018-01-07,2020-03-27,27,113,107,3,1,True,True
TRIAL-0509,Phase 4,Lymphoma,MedTrials International,Open Label,2022-10-02,2024-10-21,25,227,215,8,1,True,False
TRIAL-0510,Phase 2,Lung Cancer,OncoPharm Therapeutics,Single Blind,2022-01-25,2024-06-13,29,154,151,9,2,True,False
TRIAL-0511,Phase 2,Lymphoma,Apex Oncology Labs,Double Blind,2019-08-26,2021-09-14,25,141,138,7,1,True,False
TRIAL-0512,Phase 2,Lung Cancer,NovaCure Biotech,Open Label,2018-05-20,2020-03-10,22,66,58,5,2,False,False
TRIAL-0513,Phase 2,Prostate Cancer,OncoPharm Therapeutics,Double Blind,2022-02-17,2025-08-30,43,123,107,8,1,False,True
TRIAL-0514,Phase 3,Leukemia,NovaCure Biotech,Double Blind,2022-05-09,2027-06-12,62,406,391,9,1,True,False
TRIAL-0515,Phase 2,Leukemia,Helix Therapeutics,Open Label,2019-07-18,2021-04-08,21,54,53,7,1,True,False
TRIAL-0516,Phase 2,Leukemia,Helix Therapeutics,Double Blind,2022-06-25,2024-06-14,24,78,72,4,2,True,False
TRIAL-0517,Phase 3,Lung Cancer,Clinical Research Group A,Double Blind,2022-07-26,2026-05-06,46,383,354,10,1,True,True
TRIAL-0518,Phase 2,Breast Cancer,Global BioResearch,Single Blind,2018-03-16,2020-04-04,25,64,58,7,1,True,False
TRIAL-0519,Phase 2,Lung Cancer,Apex Oncology Labs,Open Label,2022-01-24,2023-03-20,14,84,83,2,1,True,True
TRIAL-0520,Phase 4,Melanoma,Clinical Research Group A,Double Blind,2019-11-16,2024-01-24,51,120,118,2,1,True,True
TRIAL-0521,Phase 1,Melanoma,Global BioResearch,Open Label,2022-09-23,2024-11-11,26,23,21,3,1,True,True
TRIAL-0522,Phase 1,Breast Cancer,Apex Oncology Labs,Open Label,2019-02-09,2020-11-30,22,21,20,1,1,True,False
TRIAL-0523,Phase 2,Lymphoma,NovaCure Biotech,Double Blind,2023-02-03,2025-08-21,31,61,60,6,1,True,True
TRIAL-0524,Phase 3,Leukemia,Apex Oncology Labs,Triple Blind,2019-08-13,2024-12-14,65,391,363,13,2,True,False
TRIAL-0525,Phase 2,Lymphoma,Helix Therapeutics,Open Label,2022-05-11,2025-04-25,36,137,133,2,1,True,False
TRIAL-0526,Phase 3,Melanoma,Helix Therapeutics,Triple Blind,2021-10-16,2025-06-27,45,465,329,13,2,False,False
TRIAL-0527,Phase 3,Pancreatic Cancer,Clinical Research Group A,Double Blind,2020-02-13,2024-09-19,56,427,415,16,2,True,False
TRIAL-0528,Phase 4,Prostate Cancer,MedTrials International,Single Blind,2018-12-27,2021-10-12,34,202,191,16,2,True,True
TRIAL-0529,Phase 2,Lymphoma,Clinical Research Group A,Double Blind,2019-08-11,2022-02-26,31,114,83,4,1,False,True
TRIAL-0530,Phase 3,Melanoma,Global BioResearch,Triple Blind,2019-04-24,2021-08-11,28,313,256,11,2,False,True
TRIAL-0531,Phase 2,Prostate Cancer,Global BioResearch,Double Blind,2019-02-04,2021-01-24,24,86,82,8,2,True,False
TRIAL-0532,Phase 3,Pancreatic Cancer,Helix Therapeutics,Double Blind,2021-06-20,2025-09-27,52,556,517,49,3,True,True
TRIAL-0533,Phase 3,Melanoma,NovaCure Biotech,Double Blind,2019-10-05,2022-10-19,37,456,452,47,2,True,True
TRIAL-0534,Phase 3,Pancreatic Cancer,Helix Therapeutics,Double Blind,2023-03-15,2027-06-22,52,570,515,37,2,True,False
TRIAL-0535,Phase 3,Pancreatic Cancer,Apex Oncology Labs,Double Blind,2021-10-04,2025-11-12,50,445,376,5,2,False,True
TRIAL-0536,Phase 2,Melanoma,Global BioResearch,Double Blind,2020-08-20,2023-01-07,29,104,101,3,1,True,True
TRIAL-0537,Phase 1,Lymphoma,Global BioResearch,Open Label,2020-07-09,2022-01-30,19,37,27,2,1,False,True
TRIAL-0538,Phase 2,Prostate Cancer,MedTrials International,Open Label,2022-07-28,2025-05-13,34,133,124,4,2,True,True
TRIAL-0539,Phase 1,Colorectal Cancer,NovaCure Biotech,Single Blind,2021-08-05,2022-03-03,7,19,13,1,1,False,False
TRIAL-0540,Phase 3,Leukemia,MedTrials International,Double Blind,2022-01-13,2025-03-28,39,352,333,13,2,True,True
TRIAL-0541,Phase 1,Prostate Cancer,MedTrials International,Open Label,2018-08-24,2020-01-16,17,30,27,3,1,True,True
TRIAL-0542,Phase 2,Melanoma,Apex Oncology Labs,Open Label,2020-11-20,2023-07-08,32,152,148,2,1,True,True
TRIAL-0543,Phase 2,Colorectal Cancer,MedTrials International,Open Label,2021-12-15,2024-05-03,29,68,67,4,2,True,False
TRIAL-0544,Phase 2,Melanoma,NovaCure Biotech,Double Blind,2019-11-26,2020-09-21,10,69,63,3,1,True,False
TRIAL-0545,Phase 2,Lymphoma,MedTrials International,Double Blind,2019-06-08,2021-05-28,24,115,112,2,1,True,True
TRIAL-0546,Phase 3,Melanoma,Helix Therapeutics,Double Blind,2020-12-19,2025-11-23,60,285,207,13,3,False,False
TRIAL-0547,Phase 2,Colorectal Cancer,Global BioResearch,Double Blind,2023-04-22,2025-08-09,28,35,30,1,1,False,True
TRIAL-0548,Phase 3,Lung Cancer,Global BioResearch,Double Blind,2021-09-02,2024-06-18,34,417,398,8,1,True,True
TRIAL-0549,Phase 2,Lung Cancer,OncoPharm Therapeutics,Open Label,2018-11-13,2021-06-30,32,110,106,3,1,True,True
TRIAL-0550,Phase 1,Melanoma,NovaCure Biotech,Open Label,2022-03-01,2023-06-24,16,31,30,1,1,True,True
TRIAL-0551,Phase 2,Leukemia,MedTrials International,Single Blind,2020-09-15,2022-10-05,25,112,103,8,1,True,True
TRIAL-0552,Phase 4,Colorectal Cancer,Helix Therapeutics,Double Blind,2022-07-17,2024-11-03,28,114,110,7,2,True,True
TRIAL-0553,Phase 2,Leukemia,NovaCure Biotech,Double Blind,2020-06-14,2022-12-31,31,79,75,8,1,True,True
TRIAL-0554,Phase 2,Breast Cancer,Helix Therapeutics,Double Blind,2020-08-18,2022-12-06,28,140,114,8,1,False,True
TRIAL-0555,Phase 4,Pancreatic Cancer,Apex Oncology Labs,Open Label,2022-04-26,2025-01-10,33,122,116,5,2,True,True
TRIAL-0556,Phase 2,Lymphoma,Helix Therapeutics,Single Blind,2019-12-24,2022-07-11,31,107,102,3,1,True,True
TRIAL-0557,Phase 3,Prostate Cancer,Apex Oncology Labs,Double Blind,2022-12-22,2025-08-08,32,319,311,12,2,True,True
TRIAL-0558,Phase 2,Melanoma,NovaCure Biotech,Open Label,2019-03-10,2021-05-28,27,19,16,1,1,False,True
TRIAL-0559,Phase 2,Pancreatic Cancer,Apex Oncology Labs,Double Blind,2018-03-02,2021-01-15,35,77,75,5,1,True,False
TRIAL-0560,Phase 1,Lung Cancer,Apex Oncology Labs,Open Label,2021-12-01,2022-06-29,7,42,36,3,1,False,True
TRIAL-0561,Phase 1,Pancreatic Cancer,Global BioResearch,Open Label,2021-06-15,2023-07-05,25,28,23,2,1,False,True
TRIAL-0562,Phase 1,Lung Cancer,MedTrials International,Open Label,2018-05-25,2019-09-17,16,29,28,1,1,True,True
TRIAL-0563,Phase 2,Colorectal Cancer,Global BioResearch,Double Blind,2018-02-25,2020-06-14,28,128,118,4,2,True,False
TRIAL-0564,Phase 2,Pancreatic Cancer,Global BioResearch,Double Blind,2019-08-24,2021-03-16,19,94,88,2,1,True,False
TRIAL-0565,Phase 2,Prostate Cancer,NovaCure Biotech,Single Blind,2019-11-24,2021-03-18,16,79,74,4,2,True,True
TRIAL-0566,Phase 4,Lung Cancer,Apex Oncology Labs,Single Blind,2018-11-07,2021-07-24,33,305,273,14,1,False,False
TRIAL-0567,Phase 1,Lymphoma,Apex Oncology Labs,Open Label,2018-07-26,2020-08-14,25,51,45,8,1,False,True
TRIAL-0568,Phase 4,Pancreatic Cancer,Clinical Research Group A,Double Blind,2019-03-16,2021-03-05,24,283,251,16,3,False,True
TRIAL-0569,Phase 2,Breast Cancer,OncoPharm Therapeutics,Single Blind,2023-09-26,2027-01-08,40,101,99,3,1,True,True
TRIAL-0570,Phase 2,Leukemia,Helix Therapeutics,Double Blind,2021-12-07,2024-07-24,32,104,85,8,1,False,True
TRIAL-0571,Phase 2,Colorectal Cancer,Apex Oncology Labs,Double Blind,2022-05-18,2024-11-03,30,143,133,5,2,True,False
TRIAL-0572,Phase 1,Colorectal Cancer,Helix Therapeutics,Open Label,2021-05-28,2022-07-22,14,29,27,3,1,True,False
TRIAL-0573,Phase 4,Colorectal Cancer,OncoPharm Therapeutics,Double Blind,2020-09-12,2023-01-30,29,139,110,5,1,False,True
TRIAL-0574,Phase 3,Lymphoma,Clinical Research Group A,Double Blind,2020-10-08,2025-10-12,61,262,237,5,2,True,True
TRIAL-0575,Phase 1,Lymphoma,Global BioResearch,Open Label,2022-03-20,2023-11-10,20,25,23,2,1,True,True
TRIAL-0576,Phase 2,Leukemia,OncoPharm Therapeutics,Open Label,2019-03-28,2020-12-17,21,102,98,7,1,True,True
TRIAL-0577,Phase 1,Prostate Cancer,OncoPharm Therapeutics,Open Label,2021-11-16,2023-08-08,21,23,22,3,1,True,True
TRIAL-0578,Phase 3,Melanoma,OncoPharm Therapeutics,Double Blind,2019-11-16,2022-10-31,36,504,456,19,1,True,False
TRIAL-0579,Phase 3,Pancreatic Cancer,MedTrials International,Double Blind,2021-06-26,2025-05-06,47,543,541,38,2,True,False
TRIAL-0580,Phase 3,Melanoma,Helix Therapeutics,Double Blind,2018-04-17,2021-01-01,33,366,364,7,2,True,True
TRIAL-0581,Phase 3,Lymphoma,Global BioResearch,Double Blind,2019-09-24,2023-05-06,44,516,459,30,2,False,False
TRIAL-0582,Phase 3,Leukemia,Clinical Research Group A,Double Blind,2019-03-18,2024-03-21,61,353,351,18,3,True,True
TRIAL-0583,Phase 2,Colorectal Cancer,Helix Therapeutics,Double Blind,2020-09-11,2023-02-28,30,75,73,5,2,True,False
TRIAL-0584,Phase 2,Lymphoma,MedTrials International,Double Blind,2022-04-13,2025-04-27,37,97,96,6,1,True,False
TRIAL-0585,Phase 4,Melanoma,Apex Oncology Labs,Double Blind,2018-12-02,2022-05-15,42,164,157,19,3,True,False
TRIAL-0586,Phase 2,Colorectal Cancer,Apex Oncology Labs,Open Label,2019-06-01,2022-05-16,36,140,123,3,1,False,False
TRIAL-0587,Phase 4,Melanoma,Helix Therapeutics,Double Blind,2021-06-05,2024-08-18,39,321,303,9,1,True,True
TRIAL-0588,Phase 2,Prostate Cancer,Global BioResearch,Open Label,2021-10-07,2024-06-23,33,153,149,4,1,True,False
TRIAL-0589,Phase 3,Pancreatic Cancer,Global BioResearch,Double Blind,2020-01-24,2024-07-01,54,415,406,21,2,True,False
TRIAL-0590,Phase 2,Breast Cancer,MedTrials International,Single Blind,2018-04-24,2020-07-12,27,133,124,8,1,True,False
TRIAL-0591,Phase 2,Breast Cancer,Clinical Research Group A,Double Blind,2022-01-11,2025-01-25,37,80,68,5,1,False,True
TRIAL-0592,Phase 1,Prostate Cancer,Global BioResearch,Open Label,2021-08-25,2022-07-21,11,30,26,3,1,False,True
TRIAL-0593,Phase 2,Prostate Cancer,NovaCure Biotech,Open Label,2020-02-16,2021-09-08,19,126,124,5,1,True,True
TRIAL-0594,Phase 1,Lymphoma,Apex Oncology Labs,Open Label,2021-12-05,2023-07-28,20,26,23,3,1,False,False
TRIAL-0595,Phase 2,Prostate Cancer,NovaCure Biotech,Single Blind,2022-12-17,2025-07-04,31,139,114,6,1,False,True
TRIAL-0596,Phase 1,Lymphoma,Apex Oncology Labs,Open Label,2018-02-22,2018-11-19,9,20,19,3,1,True,True
TRIAL-0597,Phase 2,Prostate Cancer,Apex Oncology Labs,Single Blind,2020-03-12,2022-12-27,34,116,111,7,1,True,True
TRIAL-0598,Phase 4,Pancreatic Cancer,Helix Therapeutics,Open Label,2019-04-22,2022-07-05,39,151,126,2,1,False,True
TRIAL-0599,Phase 3,Lung Cancer,OncoPharm Therapeutics,Double Blind,2019-05-01,2022-11-11,43,479,471,30,3,True,True
TRIAL-0600,Phase 3,Melanoma,NovaCure Biotech,Double Blind,2022-04-07,2026-06-15,51,310,224,15,2,False,False
TRIAL-0601,Phase 3,Pancreatic Cancer,Helix Therapeutics,Double Blind,2023-01-13,2026-10-24,46,407,397,9,2,True,False
TRIAL-0602,Phase 3,Breast Cancer,Apex Oncology Labs,Double Blind,2023-10-09,2027-01-21,40,434,430,33,2,True,True
TRIAL-0603,Phase 3,Breast Cancer,OncoPharm Therapeutics,Double Blind,2023-06-28,2026-09-10,39,382,369,13,2,True,True
TRIAL-0604,Phase 2,Lymphoma,Global BioResearch,Double Blind,2018-06-16,2020-01-07,19,48,46,6,2,True,False
TRIAL-0605,Phase 2,Colorectal Cancer,Global BioResearch,Double Blind,2023-01-02,2024-11-22,23,77,69,5,1,False,True
TRIAL-0606,Phase 2,Leukemia,NovaCure Biotech,Single Blind,2018-06-22,2019-06-17,12,88,76,3,1,False,True
TRIAL-0607,Phase 2,Prostate Cancer,Helix Therapeutics,Open Label,2023-05-13,2025-10-29,30,95,90,2,1,True,False
TRIAL-0608,Phase 3,Breast Cancer,Helix Therapeutics,Triple Blind,2021-11-05,2024-11-19,37,283,275,12,1,True,True
TRIAL-0609,Phase 2,Prostate Cancer,NovaCure Biotech,Open Label,2021-05-20,2023-05-10,24,99,98,3,1,True,True
TRIAL-0610,Phase 2,Prostate Cancer,Clinical Research Group A,Open Label,2019-03-10,2022-03-24,37,64,55,6,2,False,False
TRIAL-0611,Phase 3,Colorectal Cancer,NovaCure Biotech,Triple Blind,2022-03-11,2026-11-15,57,468,397,9,2,False,True
TRIAL-0612,Phase 2,Lung Cancer,Global BioResearch,Single Blind,2023-01-25,2023-07-24,6,64,56,3,1,False,True
TRIAL-0613,Phase 4,Lymphoma,Apex Oncology Labs,Single Blind,2023-05-05,2027-02-13,46,111,105,8,2,True,False
TRIAL-0614,Phase 1,Colorectal Cancer,OncoPharm Therapeutics,Open Label,2022-05-20,2023-12-11,19,24,23,3,1,True,True
TRIAL-0615,Phase 1,Prostate Cancer,Global BioResearch,Open Label,2018-12-25,2021-07-12,31,17,16,2,1,True,True
TRIAL-0616,Phase 2,Pancreatic Cancer,Clinical Research Group A,Double Blind,2021-08-16,2023-01-08,17,37,36,1,1,True,True
TRIAL-0617,Phase 1,Breast Cancer,NovaCure Biotech,Open Label,2020-07-08,2021-09-01,14,32,26,1,1,False,False
TRIAL-0618,Phase 4,Prostate Cancer,OncoPharm Therapeutics,Open Label,2021-12-11,2024-07-28,32,222,206,19,3,True,False
TRIAL-0619,Phase 3,Lymphoma,NovaCure Biotech,Triple Blind,2021-10-24,2026-11-27,62,300,277,17,3,True,False
TRIAL-0620,Phase 2,Breast Cancer,Helix Therapeutics,Open Label,2018-04-17,2020-02-06,22,112,103,5,2,True,True
TRIAL-0621,Phase 4,Breast Cancer,Helix Therapeutics,Single Blind,2021-07-10,2024-11-21,41,159,158,6,1,True,False
TRIAL-0622,Phase 2,Colorectal Cancer,NovaCure Biotech,Open Label,2023-09-05,2025-10-24,26,108,97,2,1,False,True
TRIAL-0623,Phase 2,Lung Cancer,Clinical Research Group A,Double Blind,2022-12-18,2025-01-06,25,64,50,3,1,False,True
TRIAL-0624,Phase 2,Pancreatic Cancer,OncoPharm Therapeutics,Open Label,2019-08-03,2022-11-15,40,80,74,6,2,True,True
TRIAL-0625,Phase 3,Colorectal Cancer,Clinical Research Group A,Double Blind,2021-11-12,2024-07-29,33,379,351,7,1,True,True
TRIAL-0626,Phase 3,Colorectal Cancer,NovaCure Biotech,Double Blind,2020-10-28,2024-02-10,40,517,515,17,3,True,False
TRIAL-0627,Phase 1,Colorectal Cancer,Global BioResearch,Open Label,2021-05-10,2022-12-01,19,18,17,1,1,True,False
TRIAL-0628,Phase 4,Melanoma,Clinical Research Group A,Open Label,2019-01-20,2022-11-30,47,160,149,3,1,True,False
TRIAL-0629,Phase 1,Pancreatic Cancer,MedTrials International,Open Label,2022-08-08,2023-12-01,16,27,22,1,1,False,True
TRIAL-0630,Phase 3,Pancreatic Cancer,NovaCure Biotech,Double Blind,2022-05-20,2027-06-23,62,424,415,15,2,True,False
TRIAL-0631,Phase 3,Prostate Cancer,OncoPharm Therapeutics,Double Blind,2018-03-28,2021-07-10,40,351,323,6,2,True,True
TRIAL-0632,Phase 2,Melanoma,Apex Oncology Labs,Double Blind,2018-07-06,2020-04-26,22,122,92,2,1,False,True
TRIAL-0633,Phase 2,Colorectal Cancer,NovaCure Biotech,Double Blind,2018-05-11,2020-09-27,29,95,92,4,2,True,True
TRIAL-0634,Phase 2,Lung Cancer,MedTrials International,Single Blind,2021-03-04,2022-08-26,18,115,106,6,1,True,False
TRIAL-0635,Phase 2,Lymphoma,Helix Therapeutics,Open Label,2022-01-04,2024-08-21,32,134,130,3,1,True,True
TRIAL-0636,Phase 4,Lung Cancer,NovaCure Biotech,Double Blind,2020-05-17,2022-06-06,25,259,199,14,2,False,True
TRIAL-0637,Phase 2,Colorectal Cancer,Helix Therapeutics,Double Blind,2021-08-26,2023-05-18,21,61,58,6,2,True,True
TRIAL-0638,Phase 2,Melanoma,Global BioResearch,Open Label,2021-11-26,2023-06-19,19,85,84,2,1,True,True
TRIAL-0639,Phase 3,Lymphoma,NovaCure Biotech,Double Blind,2023-04-01,2027-08-08,53,429,418,37,2,True,False
TRIAL-0640,Phase 3,Melanoma,MedTrials International,Double Blind,2020-01-04,2024-10-09,58,607,535,34,2,False,False
TRIAL-0641,Phase 2,Breast Cancer,MedTrials International,Open Label,2023-08-16,2026-05-02,33,104,103,4,2,True,False
TRIAL-0642,Phase 2,Pancreatic Cancer,Global BioResearch,Double Blind,2020-08-26,2022-09-15,25,119,112,8,1,True,False
TRIAL-0643,Phase 4,Breast Cancer,MedTrials International,Double Blind,2018-04-19,2021-12-29,45,235,229,15,2,True,True
TRIAL-0644,Phase 3,Leukemia,OncoPharm Therapeutics,Triple Blind,2020-07-21,2024-08-29,50,316,309,13,3,True,False
TRIAL-0645,Phase 1,Lymphoma,Global BioResearch,Open Label,2020-12-28,2021-08-25,8,47,43,8,2,True,True
TRIAL-0646,Phase 1,Lymphoma,OncoPharm Therapeutics,Open Label,2020-08-27,2021-12-20,16,17,15,1,1,False,False
TRIAL-0647,Phase 1,Melanoma,Global BioResearch,Open Label,2019-02-15,2021-02-04,24,37,33,1,1,False,True
TRIAL-0648,Phase 3,Colorectal Cancer,Global BioResearch,Double Blind,2022-05-25,2026-10-01,53,590,570,45,3,True,True
TRIAL-0649,Phase 3,Lung Cancer,MedTrials International,Triple Blind,2019-04-24,2022-05-08,37,450,445,48,2,True,True
TRIAL-0650,Phase 2,Lung Cancer,OncoPharm Therapeutics,Single Blind,2023-10-28,2026-05-15,31,104,103,2,1,True,True
TRIAL-0651,Phase 2,Breast Cancer,OncoPharm Therapeutics,Double Blind,2018-10-25,2021-06-11,32,162,128,7,2,False,True
TRIAL-0652,Phase 3,Leukemia,Global BioResearch,Double Blind,2021-11-04,2025-11-13,49,393,391,13,2,True,True
TRIAL-0653,Phase 1,Lung Cancer,OncoPharm Therapeutics,Single Blind,2022-02-07,2023-06-02,16,26,24,3,1,True,True
TRIAL-0654,Phase 2,Melanoma,Global BioResearch,Double Blind,2022-04-06,2023-01-31,10,44,39,2,1,False,True
TRIAL-0655,Phase 2,Leukemia,Helix Therapeutics,Single Blind,2018-08-22,2020-07-12,23,90,88,3,1,True,True
TRIAL-0656,Phase 2,Lung Cancer,NovaCure Biotech,Single Blind,2022-11-27,2024-10-17,23,97,80,7,1,False,False
TRIAL-0657,Phase 2,Leukemia,Apex Oncology Labs,Single Blind,2023-11-26,2026-06-13,31,60,57,3,1,True,True
TRIAL-0658,Phase 4,Pancreatic Cancer,Helix Therapeutics,Open Label,2020-11-21,2024-02-04,39,224,179,19,1,False,False
TRIAL-0659,Phase 2,Prostate Cancer,Global BioResearch,Open Label,2021-03-23,2023-02-11,23,158,155,13,3,True,False
TRIAL-0660,Phase 2,Leukemia,NovaCure Biotech,Single Blind,2021-02-12,2023-04-03,26,104,94,2,1,True,True
TRIAL-0661,Phase 3,Melanoma,MedTrials International,Double Blind,2021-12-26,2025-01-09,37,329,302,9,1,True,True
TRIAL-0662,Phase 2,Lung Cancer,MedTrials International,Single Blind,2021-04-20,2023-11-06,31,93,88,5,1,True,True
TRIAL-0663,Phase 1,Pancreatic Cancer,NovaCure Biotech,Open Label,2023-10-14,2025-10-03,24,34,33,1,1,True,False
TRIAL-0664,Phase 2,Leukemia,Helix Therapeutics,Double Blind,2023-11-03,2025-12-22,26,67,57,3,1,False,False
TRIAL-0665,Phase 3,Pancreatic Cancer,OncoPharm Therapeutics,Double Blind,2018-08-06,2022-02-16,43,332,330,19,2,True,True
TRIAL-0666,Phase 2,Lung Cancer,Clinical Research Group A,Double Blind,2020-08-21,2022-12-09,28,64,59,8,2,True,False
TRIAL-0667,Phase 1,Colorectal Cancer,Helix Therapeutics,Single Blind,2018-03-22,2019-07-15,16,15,12,3,1,False,True
TRIAL-0668,Phase 2,Lymphoma,Helix Therapeutics,Double Blind,2019-11-11,2023-05-24,43,141,130,3,1,True,True
TRIAL-0669,Phase 3,Melanoma,NovaCure Biotech,Double Blind,2022-01-20,2025-06-03,41,435,431,37,3,True,False
TRIAL-0670,Phase 2,Colorectal Cancer,MedTrials International,Open Label,2018-01-23,2020-10-09,33,104,100,4,2,True,True
TRIAL-0671,Phase 4,Lung Cancer,MedTrials International,Open Label,2023-10-13,2026-04-30,31,187,177,5,1,True,True
TRIAL-0672,Phase 3,Lymphoma,NovaCure Biotech,Double Blind,2021-03-07,2026-08-08,66,467,464,28,2,True,False
TRIAL-0673,Phase 3,Leukemia,MedTrials International,Double Blind,2023-03-05,2025-11-19,33,330,280,14,3,False,True
TRIAL-0674,Phase 2,Colorectal Cancer,Clinical Research Group A,Double Blind,2019-02-05,2021-05-25,28,140,95,7,1,False,True
TRIAL-0675,Phase 2,Pancreatic Cancer,MedTrials International,Double Blind,2021-09-14,2024-08-29,36,89,76,5,2,False,True
TRIAL-0676,Phase 2,Leukemia,Global BioResearch,Open Label,2021-12-08,2022-10-04,10,113,108,6,1,True,False
TRIAL-0677,Phase 2,Leukemia,OncoPharm Therapeutics,Double Blind,2020-02-19,2022-03-10,25,137,120,6,1,False,True
TRIAL-0678,Phase 3,Colorectal Cancer,Clinical Research Group A,Double Blind,2018-09-20,2021-07-06,34,315,286,13,2,True,True
TRIAL-0679,Phase 2,Lung Cancer,Clinical Research Group A,Double Blind,2022-01-11,2023-12-02,23,110,87,8,1,False,True
TRIAL-0680,Phase 1,Pancreatic Cancer,Helix Therapeutics,Single Blind,2023-06-14,2024-10-06,16,24,22,3,1,True,True
TRIAL-0681,Phase 4,Melanoma,Apex Oncology Labs,Open Label,2022-05-02,2025-04-16,36,195,188,14,3,True,True
TRIAL-0682,Phase 2,Breast Cancer,Clinical Research Group A,Double Blind,2018-05-16,2019-07-10,14,102,74,8,2,False,True
TRIAL-0683,Phase 2,Melanoma,Apex Oncology Labs,Open Label,2020-01-24,2022-12-09,35,110,104,4,1,True,True
TRIAL-0684,Phase 1,Colorectal Cancer,Clinical Research Group A,Open Label,2020-12-08,2022-03-03,15,23,20,1,1,False,True
TRIAL-0685,Phase 3,Breast Cancer,Apex Oncology Labs,Triple Blind,2019-08-25,2023-01-06,41,465,461,24,2,True,False
TRIAL-0686,Phase 3,Prostate Cancer,Clinical Research Group A,Double Blind,2023-06-02,2028-01-07,56,201,199,10,1,True,False
TRIAL-0687,Phase 3,Lung Cancer,OncoPharm Therapeutics,Double Blind,2021-12-25,2025-04-08,40,322,311,17,2,True,False
TRIAL-0688,Phase 1,Lymphoma,NovaCure Biotech,Open Label,2021-01-10,2022-10-02,21,36,31,3,1,False,False
TRIAL-0689,Phase 2,Leukemia,Helix Therapeutics,Double Blind,2018-09-21,2020-11-09,26,121,116,2,1,True,True
TRIAL-0690,Phase 3,Melanoma,Apex Oncology Labs,Double Blind,2022-07-15,2027-12-16,66,569,566,21,2,True,False
TRIAL-0691,Phase 3,Prostate Cancer,Helix Therapeutics,Double Blind,2018-11-01,2021-08-17,34,314,270,10,1,False,False
TRIAL-0692,Phase 1,Lung Cancer,Helix Therapeutics,Open Label,2020-04-24,2022-01-14,21,26,25,2,1,True,True
TRIAL-0693,Phase 1,Breast Cancer,Helix Therapeutics,Open Label,2023-04-20,2025-02-08,22,18,17,3,1,True,True
TRIAL-0694,Phase 3,Lung Cancer,OncoPharm Therapeutics,Triple Blind,2023-10-26,2027-05-08,43,448,400,23,2,False,False
TRIAL-0695,Phase 3,Colorectal Cancer,Apex Oncology Labs,Double Blind,2020-07-23,2025-07-27,61,379,330,7,2,False,False
TRIAL-0696,Phase 3,Leukemia,Apex Oncology Labs,Double Blind,2018-07-13,2020-08-01,25,371,342,7,1,True,True
TRIAL-0697,Phase 1,Melanoma,Global BioResearch,Open Label,2019-10-13,2021-05-05,19,22,18,2,1,False,True
TRIAL-0698,Phase 2,Colorectal Cancer,Helix Therapeutics,Double Blind,2022-11-04,2025-07-21,33,127,114,3,1,False,False
TRIAL-0699,Phase 3,Lung Cancer,OncoPharm Therapeutics,Double Blind,2018-08-05,2022-02-15,43,327,323,13,3,True,False
TRIAL-0700,Phase 1,Breast Cancer,Clinical Research Group A,Open Label,2023-06-13,2025-08-01,26,25,23,1,1,True,True
TRIAL-0701,Phase 2,Pancreatic Cancer,NovaCure Biotech,Single Blind,2018-09-08,2022-02-19,42,127,104,8,2,False,True
TRIAL-0702,Phase 4,Pancreatic Cancer,OncoPharm Therapeutics,Double Blind,2020-07-02,2022-09-20,27,243,217,16,2,False,True
TRIAL-0703,Phase 4,Lung Cancer,Apex Oncology Labs,Double Blind,2021-05-21,2024-08-03,39,242,223,15,1,True,True
TRIAL-0704,Phase 2,Lymphoma,Clinical Research Group A,Open Label,2018-11-23,2020-12-12,25,91,85,7,1,True,True
TRIAL-0705,Phase 1,Pancreatic Cancer,Clinical Research Group A,Open Label,2019-01-24,2020-05-18,16,29,26,1,1,False,False
TRIAL-0706,Phase 1,Lymphoma,OncoPharm Therapeutics,Open Label,2022-08-01,2024-02-22,19,44,41,7,1,True,True
TRIAL-0707,Phase 1,Breast Cancer,NovaCure Biotech,Open Label,2023-09-15,2025-12-03,27,30,29,3,1,True,False
TRIAL-0708,Phase 3,Colorectal Cancer,Clinical Research Group A,Double Blind,2019-08-21,2022-07-06,35,419,329,7,1,False,True
TRIAL-0709,Phase 4,Breast Cancer,Global BioResearch,Double Blind,2023-01-10,2026-10-21,46,183,160,9,1,False,False
TRIAL-0710,Phase 1,Colorectal Cancer,MedTrials International,Open Label,2018-08-20,2020-01-12,17,31,28,1,1,True,False
TRIAL-0711,Phase 1,Prostate Cancer,NovaCure Biotech,Open Label,2023-07-11,2024-07-05,12,32,30,3,1,True,True
TRIAL-0712,Phase 3,Colorectal Cancer,Apex Oncology Labs,Triple Blind,2022-03-11,2025-04-24,38,516,489,28,3,True,True
TRIAL-0713,Phase 2,Lymphoma,Global BioResearch,Double Blind,2019-10-02,2021-07-23,22,108,107,6,1,True,True
TRIAL-0714,Phase 3,Lymphoma,MedTrials International,Double Blind,2018-03-03,2022-09-08,55,270,249,20,1,True,False
TRIAL-0715,Phase 2,Melanoma,NovaCure Biotech,Double Blind,2019-03-21,2020-12-10,21,182,168,20,2,True,True
TRIAL-0716,Phase 2,Prostate Cancer,Global BioResearch,Double Blind,2022-03-23,2024-06-10,27,58,55,2,1,True,True
TRIAL-0717,Phase 4,Melanoma,Apex Oncology Labs,Single Blind,2022-02-20,2025-02-04,36,216,204,12,1,True,True
TRIAL-0718,Phase 3,Prostate Cancer,NovaCure Biotech,Triple Blind,2019-02-26,2024-03-31,62,343,331,11,2,True,True
TRIAL-0719,Phase 3,Pancreatic Cancer,NovaCure Biotech,Double Blind,2020-05-07,2023-11-18,43,514,506,17,1,True,True
TRIAL-0720,Phase 2,Pancreatic Cancer,OncoPharm Therapeutics,Open Label,2022-03-06,2024-05-24,27,151,137,2,1,True,False
TRIAL-0721,Phase 2,Lung Cancer,OncoPharm Therapeutics,Double Blind,2022-06-14,2025-08-27,39,132,131,7,1,True,True
TRIAL-0722,Phase 3,Leukemia,Global BioResearch,Triple Blind,2019-12-14,2023-07-26,44,354,275,15,2,False,False
TRIAL-0723,Phase 2,Prostate Cancer,OncoPharm Therapeutics,Single Blind,2021-03-07,2022-12-27,22,92,91,5,1,True,False
TRIAL-0724,Phase 2,Lymphoma,Apex Oncology Labs,Open Label,2020-05-07,2023-11-18,43,135,128,7,1,True,True
TRIAL-0725,Phase 1,Breast Cancer,Apex Oncology Labs,Open Label,2021-07-06,2022-07-01,12,29,23,2,1,False,False
TRIAL-0726,Phase 1,Melanoma,Helix Therapeutics,Open Label,2022-03-19,2023-06-12,15,33,32,3,1,True,False
TRIAL-0727,Phase 3,Lung Cancer,NovaCure Biotech,Triple Blind,2019-10-16,2022-09-30,36,616,596,46,3,True,False
TRIAL-0728,Phase 2,Lymphoma,Clinical Research Group A,Double Blind,2020-07-19,2023-08-03,37,88,79,3,1,False,True
TRIAL-0729,Phase 4,Colorectal Cancer,Helix Therapeutics,Double Blind,2018-08-24,2021-02-09,30,129,125,5,2,True,False
TRIAL-0730,Phase 1,Lymphoma,NovaCure Biotech,Single Blind,2018-08-16,2020-01-08,17,32,30,3,1,True,True
TRIAL-0731,Phase 2,Breast Cancer,Clinical Research Group A,Double Blind,2019-06-10,2021-09-27,28,85,47,3,1,False,True
TRIAL-0732,Phase 4,Breast Cancer,NovaCure Biotech,Double Blind,2023-08-28,2026-05-14,33,76,75,3,1,True,True
TRIAL-0733,Phase 2,Pancreatic Cancer,NovaCure Biotech,Double Blind,2019-06-21,2021-01-11,19,128,120,8,2,True,True
TRIAL-0734,Phase 2,Lung Cancer,NovaCure Biotech,Double Blind,2020-07-25,2024-06-04,47,105,103,4,1,True,True
TRIAL-0735,Phase 4,Prostate Cancer,MedTrials International,Double Blind,2018-09-22,2022-10-31,50,167,163,15,3,True,True
TRIAL-0736,Phase 1,Lymphoma,Apex Oncology Labs,Open Label,2020-06-06,2021-11-28,18,18,17,1,1,True,True
TRIAL-0737,Phase 3,Prostate Cancer,Global BioResearch,Triple Blind,2023-08-24,2027-11-01,51,331,322,12,2,True,False
TRIAL-0738,Phase 2,Prostate Cancer,MedTrials International,Double Blind,2020-06-09,2022-07-29,26,105,100,3,1,True,True
TRIAL-0739,Phase 2,Breast Cancer,OncoPharm Therapeutics,Single Blind,2022-02-16,2024-02-06,24,124,116,5,1,True,False
TRIAL-0740,Phase 3,Melanoma,NovaCure Biotech,Double Blind,2021-02-03,2026-03-09,62,324,290,7,1,False,True
TRIAL-0741,Phase 1,Lung Cancer,OncoPharm Therapeutics,Open Label,2023-03-16,2024-04-09,13,33,28,1,1,False,True
TRIAL-0742,Phase 1,Breast Cancer,Apex Oncology Labs,Open Label,2022-03-16,2023-11-06,20,22,21,3,1,True,True
TRIAL-0743,Phase 2,Breast Cancer,Apex Oncology Labs,Open Label,2019-09-21,2021-09-10,24,75,69,2,1,True,True
TRIAL-0744,Phase 2,Leukemia,NovaCure Biotech,Double Blind,2022-08-15,2024-07-05,23,105,93,7,1,False,True
TRIAL-0745,Phase 1,Melanoma,Global BioResearch,Open Label,2021-06-10,2022-06-05,12,38,36,1,1,True,False
TRIAL-0746,Phase 1,Leukemia,Apex Oncology Labs,Open Label,2022-03-23,2023-07-16,16,31,29,1,1,True,True
TRIAL-0747,Phase 1,Colorectal Cancer,MedTrials International,Open Label,2019-03-08,2021-02-25,24,15,13,3,1,False,True
TRIAL-0748,Phase 4,Colorectal Cancer,NovaCure Biotech,Open Label,2023-01-22,2024-09-13,20,276,245,10,1,False,True
TRIAL-0749,Phase 2,Leukemia,NovaCure Biotech,Double Blind,2022-05-04,2024-12-19,32,152,148,3,1,True,False
TRIAL-0750,Phase 2,Pancreatic Cancer,MedTrials International,Open Label,2019-01-24,2022-04-08,39,133,132,5,2,True,True
TRIAL-0751,Phase 2,Melanoma,NovaCure Biotech,Double Blind,2022-11-05,2025-03-24,29,116,114,8,2,True,False
TRIAL-0752,Phase 3,Pancreatic Cancer,Apex Oncology Labs,Double Blind,2019-11-18,2023-04-01,41,278,272,20,3,True,True
TRIAL-0753,Phase 1,Prostate Cancer,NovaCure Biotech,Open Label,2018-10-21,2019-04-19,6,28,26,2,1,True,True
TRIAL-0754,Phase 2,Melanoma,Global BioResearch,Open Label,2023-11-03,2026-03-22,29,94,93,6,2,True,False
TRIAL-0755,Phase 2,Pancreatic Cancer,Apex Oncology Labs,Double Blind,2023-06-13,2025-10-30,29,77,63,6,2,False,True
TRIAL-0756,Phase 3,Leukemia,NovaCure Biotech,Double Blind,2020-08-28,2024-02-09,42,610,503,33,2,False,False
TRIAL-0757,Phase 1,Pancreatic Cancer,Clinical Research Group A,Single Blind,2020-03-26,2021-09-17,18,38,22,2,1,False,False
TRIAL-0758,Phase 3,Lymphoma,Global BioResearch,Triple Blind,2020-08-28,2023-10-12,38,431,414,20,1,True,False
TRIAL-0759,Phase 2,Lymphoma,OncoPharm Therapeutics,Open Label,2021-03-18,2024-08-29,42,103,96,7,2,True,True
TRIAL-0760,Phase 2,Colorectal Cancer,Global BioResearch,Open Label,2021-01-27,2022-05-22,16,103,100,5,1,True,False
TRIAL-0761,Phase 3,Melanoma,NovaCure Biotech,Double Blind,2018-03-09,2023-02-11,60,343,327,19,2,True,True
TRIAL-0762,Phase 2,Pancreatic Cancer,OncoPharm Therapeutics,Double Blind,2021-12-21,2024-08-07,32,73,44,4,1,False,True
TRIAL-0763,Phase 1,Melanoma,NovaCure Biotech,Single Blind,2022-12-12,2024-08-03,20,26,24,1,1,True,True
TRIAL-0764,Phase 2,Melanoma,Clinical Research Group A,Double Blind,2020-09-24,2023-10-09,37,82,79,7,2,True,True
TRIAL-0765,Phase 3,Colorectal Cancer,Helix Therapeutics,Double Blind,2023-03-12,2027-05-20,51,428,392,15,2,True,True
TRIAL-0766,Phase 2,Lymphoma,Clinical Research Group A,Double Blind,2020-09-21,2023-02-08,29,92,86,4,1,True,False
TRIAL-0767,Phase 2,Colorectal Cancer,MedTrials International,Open Label,2020-06-27,2022-03-19,21,100,98,8,1,True,False
TRIAL-0768,Phase 3,Melanoma,Clinical Research Group A,Double Blind,2022-06-27,2027-07-01,61,536,502,38,1,True,True
TRIAL-0769,Phase 1,Melanoma,Apex Oncology Labs,Open Label,2020-03-04,2021-09-25,19,15,13,2,1,False,True
TRIAL-0770,Phase 2,Prostate Cancer,MedTrials International,Double Blind,2022-09-23,2025-10-07,37,58,57,6,2,True,True
TRIAL-0771,Phase 3,Lung Cancer,NovaCure Biotech,Double Blind,2019-01-16,2023-05-25,53,337,300,7,1,False,True
TRIAL-0772,Phase 3,Colorectal Cancer,MedTrials International,Double Blind,2020-03-23,2023-10-04,43,465,444,48,3,True,True
TRIAL-0773,Phase 3,Lung Cancer,Global BioResearch,Double Blind,2020-03-07,2022-08-24,30,338,332,9,2,True,True
TRIAL-0774,Phase 1,Lung Cancer,OncoPharm Therapeutics,Open Label,2021-01-07,2022-07-01,18,29,25,2,1,False,True
TRIAL-0775,Phase 3,Breast Cancer,NovaCure Biotech,Double Blind,2020-11-01,2024-09-11,47,363,333,13,1,True,False
TRIAL-0776,Phase 3,Prostate Cancer,Helix Therapeutics,Triple Blind,2018-02-05,2022-12-11,59,457,437,26,2,True,False
TRIAL-0777,Phase 4,Leukemia,Apex Oncology Labs,Open Label,2018-02-27,2021-05-12,39,211,194,12,2,True,True
TRIAL-0778,Phase 1,Prostate Cancer,Clinical Research Group A,Open Label,2019-09-01,2020-10-25,14,31,30,2,1,True,False
TRIAL-0779,Phase 1,Prostate Cancer,Helix Therapeutics,Single Blind,2020-12-19,2021-08-16,8,22,21,2,1,True,True
TRIAL-0780,Phase 3,Lung Cancer,Global BioResearch,Triple Blind,2022-04-14,2024-09-30,30,327,322,17,2,True,True
TRIAL-0781,Phase 4,Lung Cancer,NovaCure Biotech,Open Label,2020-12-10,2022-08-02,20,205,204,9,1,True,True
TRIAL-0782,Phase 1,Leukemia,NovaCure Biotech,Open Label,2021-10-24,2023-03-18,17,43,36,2,1,False,True
TRIAL-0783,Phase 4,Pancreatic Cancer,Global BioResearch,Double Blind,2021-04-28,2024-11-08,43,259,227,14,3,False,True
TRIAL-0784,Phase 3,Pancreatic Cancer,Clinical Research Group A,Double Blind,2021-11-04,2025-06-16,44,464,452,15,3,True,True
TRIAL-0785,Phase 2,Lung Cancer,OncoPharm Therapeutics,Open Label,2018-12-06,2020-12-25,25,113,105,5,2,True,True
TRIAL-0786,Phase 4,Leukemia,Global BioResearch,Double Blind,2021-12-16,2024-03-05,27,132,120,5,1,True,True
TRIAL-0787,Phase 3,Melanoma,MedTrials International,Triple Blind,2023-10-13,2027-11-21,50,230,206,17,2,False,False
TRIAL-0788,Phase 2,Colorectal Cancer,MedTrials International,Single Blind,2020-08-16,2023-03-04,31,122,118,2,1,True,True
TRIAL-0789,Phase 4,Breast Cancer,OncoPharm Therapeutics,Double Blind,2023-01-06,2027-04-15,52,150,142,8,1,True,True
TRIAL-0790,Phase 3,Colorectal Cancer,Apex Oncology Labs,Double Blind,2023-09-25,2027-02-06,41,331,274,8,2,False,True
TRIAL-0791,Phase 2,Melanoma,Clinical Research Group A,Single Blind,2020-09-18,2022-07-10,22,57,45,6,1,False,True
TRIAL-0792,Phase 3,Lymphoma,OncoPharm Therapeutics,Double Blind,2021-08-02,2023-12-20,29,534,445,35,3,False,True
TRIAL-0793,Phase 2,Melanoma,Clinical Research Group A,Open Label,2023-07-16,2025-05-06,22,65,63,5,1,True,False
TRIAL-0794,Phase 2,Pancreatic Cancer,Clinical Research Group A,Double Blind,2021-09-28,2023-08-19,23,129,124,6,1,True,True
TRIAL-0795,Phase 1,Melanoma,NovaCure Biotech,Open Label,2022-11-12,2024-05-05,18,34,32,2,1,True,False
TRIAL-0796,Phase 2,Breast Cancer,OncoPharm Therapeutics,Double Blind,2020-12-19,2023-11-04,35,166,164,9,2,True,True
TRIAL-0797,Phase 3,Leukemia,NovaCure Biotech,Double Blind,2021-06-02,2025-09-09,52,338,300,16,3,False,False
TRIAL-0798,Phase 1,Melanoma,Helix Therapeutics,Open Label,2018-05-04,2020-02-23,22,38,33,3,1,False,True
TRIAL-0799,Phase 1,Leukemia,OncoPharm Therapeutics,Open Label,2022-07-09,2023-11-01,16,41,40,8,1,True,True
TRIAL-0800,Phase 2,Breast Cancer,Apex Oncology Labs,Single Blind,2018-08-04,2021-01-20,30,93,90,5,1,True,False
TRIAL-0801,Phase 1,Pancreatic Cancer,Helix Therapeutics,Single Blind,2020-03-20,2021-10-11,19,26,23,3,1,False,True
TRIAL-0802,Phase 4,Prostate Cancer,NovaCure Biotech,Double Blind,2022-04-10,2024-09-26,30,148,136,8,1,True,True
TRIAL-0803,Phase 2,Lymphoma,MedTrials International,Open Label,2023-10-04,2026-08-19,35,109,105,7,2,True,True
TRIAL-0804,Phase 2,Pancreatic Cancer,NovaCure Biotech,Open Label,2020-09-26,2023-01-14,28,110,105,8,1,True,True
TRIAL-0805,Phase 3,Leukemia,Global BioResearch,Double Blind,2021-11-25,2026-08-01,57,418,303,13,2,False,False
TRIAL-0806,Phase 3,Colorectal Cancer,Helix Therapeutics,Double Blind,2023-09-26,2027-09-05,48,499,491,44,2,True,False
TRIAL-0807,Phase 3,Lymphoma,Helix Therapeutics,Double Blind,2020-08-05,2024-09-13,50,373,359,6,1,True,True
TRIAL-0808,Phase 3,Melanoma,MedTrials International,Double Blind,2018-11-07,2021-08-23,34,127,121,4,2,True,False
TRIAL-0809,Phase 2,Melanoma,Clinical Research Group A,Open Label,2021-04-04,2023-02-23,23,100,95,7,2,True,True
TRIAL-0810,Phase 1,Melanoma,NovaCure Biotech,Open Label,2021-11-02,2022-11-27,13,43,36,2,1,False,True
TRIAL-0811,Phase 2,Breast Cancer,Apex Oncology Labs,Double Blind,2019-11-28,2021-12-17,25,154,139,4,2,True,True
TRIAL-0812,Phase 3,Breast Cancer,OncoPharm Therapeutics,Triple Blind,2020-02-14,2023-11-25,46,489,487,20,2,True,False
TRIAL-0813,Phase 3,Lung Cancer,NovaCure Biotech,Triple Blind,2022-12-17,2026-03-01,39,362,361,9,1,True,False
TRIAL-0814,Phase 2,Melanoma,NovaCure Biotech,Double Blind,2022-02-25,2024-07-14,29,115,113,3,1,True,False
TRIAL-0815,Phase 2,Lymphoma,MedTrials International,Double Blind,2021-04-05,2023-02-24,23,34,31,1,1,True,True
TRIAL-0816,Phase 1,Melanoma,NovaCure Biotech,Open Label,2018-08-18,2019-11-11,15,33,31,3,1,True,True
TRIAL-0817,Phase 4,Leukemia,Helix Therapeutics,Single Blind,2019-06-16,2022-07-30,38,206,187,12,3,True,False
TRIAL-0818,Phase 3,Breast Cancer,Clinical Research Group A,Triple Blind,2023-01-23,2026-12-03,47,397,388,6,2,True,False
TRIAL-0819,Phase 3,Melanoma,Helix Therapeutics,Double Blind,2023-02-18,2026-02-02,36,422,418,38,3,True,False
TRIAL-0820,Phase 3,Lymphoma,OncoPharm Therapeutics,Triple Blind,2020-05-03,2023-09-15,41,530,471,40,3,False,False
TRIAL-0821,Phase 3,Melanoma,Global BioResearch,Triple Blind,2023-06-26,2025-08-14,26,321,313,10,2,True,False
TRIAL-0822,Phase 2,Breast Cancer,Apex Oncology Labs,Double Blind,2021-08-24,2023-02-15,18,114,83,8,2,False,True
TRIAL-0823,Phase 3,Lymphoma,MedTrials International,Double Blind,2022-02-12,2025-11-23,46,192,151,10,2,False,True
TRIAL-0824,Phase 3,Leukemia,NovaCure Biotech,Double Blind,2019-11-15,2022-08-01,33,367,310,6,2,False,False
TRIAL-0825,Phase 1,Lymphoma,Global BioResearch,Open Label,2022-02-04,2023-07-29,18,33,32,2,1,True,True
TRIAL-0826,Phase 2,Colorectal Cancer,MedTrials International,Double Blind,2020-08-16,2022-08-06,24,139,121,5,2,False,False
TRIAL-0827,Phase 1,Colorectal Cancer,Clinical Research Group A,Open Label,2020-04-03,2021-08-26,17,30,23,2,1,False,True
TRIAL-0828,Phase 1,Lymphoma,MedTrials International,Single Blind,2018-01-18,2019-01-13,12,32,30,1,1,True,True
TRIAL-0829,Phase 2,Lung Cancer,NovaCure Biotech,Open Label,2018-07-20,2020-11-06,28,63,62,7,2,True,True
TRIAL-0830,Phase 2,Lung Cancer,Apex Oncology Labs,Open Label,2018-01-23,2020-11-08,34,40,39,3,1,True,True
TRIAL-0831,Phase 3,Pancreatic Cancer,MedTrials International,Double Blind,2019-04-28,2022-11-08,43,314,300,8,1,True,False
TRIAL-0832,Phase 2,Pancreatic Cancer,NovaCure Biotech,Open Label,2019-05-24,2020-11-14,18,96,94,8,1,True,False
TRIAL-0833,Phase 2,Lymphoma,MedTrials International,Open Label,2019-10-15,2021-08-05,22,88,84,4,2,True,False
TRIAL-0834,Phase 2,Pancreatic Cancer,OncoPharm Therapeutics,Open Label,2020-12-13,2023-07-01,31,135,100,3,1,False,False
TRIAL-0835,Phase 3,Lymphoma,Clinical Research Group A,Double Blind,2018-01-11,2022-12-16,60,518,502,19,1,True,False
TRIAL-0836,Phase 2,Leukemia,Helix Therapeutics,Double Blind,2023-01-01,2024-12-21,24,57,47,8,1,False,True
TRIAL-0837,Phase 2,Melanoma,NovaCure Biotech,Double Blind,2022-01-19,2024-12-04,35,70,68,3,1,True,True
TRIAL-0838,Phase 1,Pancreatic Cancer,Apex Oncology Labs,Single Blind,2018-06-23,2020-04-13,22,16,14,1,1,False,True
TRIAL-0839,Phase 1,Lung Cancer,Apex Oncology Labs,Open Label,2021-05-24,2023-05-14,24,28,27,1,1,True,True
TRIAL-0840,Phase 2,Melanoma,Helix Therapeutics,Double Blind,2021-03-11,2023-04-30,26,66,64,4,1,True,False
TRIAL-0841,Phase 2,Colorectal Cancer,Helix Therapeutics,Double Blind,2021-01-07,2023-03-28,27,78,75,7,2,True,True
TRIAL-0842,Phase 1,Breast Cancer,NovaCure Biotech,Open Label,2021-07-04,2022-08-28,14,27,26,3,1,True,False
TRIAL-0843,Phase 4,Breast Cancer,NovaCure Biotech,Single Blind,2018-12-28,2020-10-18,22,219,209,20,2,True,True
TRIAL-0844,Phase 2,Prostate Cancer,MedTrials International,Open Label,2022-05-19,2023-09-11,16,104,99,8,1,True,False
TRIAL-0845,Phase 2,Breast Cancer,Helix Therapeutics,Double Blind,2021-02-08,2022-05-04,15,128,125,3,1,True,False
TRIAL-0846,Phase 3,Leukemia,OncoPharm Therapeutics,Double Blind,2022-02-27,2026-04-07,50,380,367,8,1,True,True
TRIAL-0847,Phase 1,Pancreatic Cancer,MedTrials International,Open Label,2021-11-09,2023-05-03,18,29,28,2,1,True,True
TRIAL-0848,Phase 1,Breast Cancer,Clinical Research Group A,Open Label,2020-12-24,2022-08-16,20,38,36,2,1,True,False
TRIAL-0849,Phase 3,Colorectal Cancer,Global BioResearch,Triple Blind,2018-12-03,2024-03-06,64,360,304,14,2,False,False
TRIAL-0850,Phase 2,Lung Cancer,NovaCure Biotech,Open Label,2021-02-01,2023-08-20,31,121,120,3,1,True,False
TRIAL-0851,Phase 1,Lymphoma,Apex Oncology Labs,Open Label,2019-02-10,2021-01-30,24,46,39,3,1,False,True
TRIAL-0852,Phase 2,Melanoma,Clinical Research Group A,Double Blind,2020-09-07,2022-06-29,22,57,56,4,2,True,True
TRIAL-0853,Phase 3,Pancreatic Cancer,Apex Oncology Labs,Double Blind,2021-06-20,2025-03-31,46,500,486,42,1,True,True
TRIAL-0854,Phase 2,Lung Cancer,OncoPharm Therapeutics,Double Blind,2023-11-23,2026-02-10,27,116,107,5,2,True,True
TRIAL-0855,Phase 2,Lung Cancer,Apex Oncology Labs,Single Blind,2021-05-05,2024-03-20,35,89,86,2,1,True,False
TRIAL-0856,Phase 3,Melanoma,MedTrials International,Double Blind,2018-09-03,2022-10-12,50,446,400,42,2,False,False
TRIAL-0857,Phase 2,Lymphoma,NovaCure Biotech,Open Label,2020-06-09,2023-06-24,37,126,118,7,2,True,True
TRIAL-0858,Phase 3,Breast Cancer,OncoPharm Therapeutics,Double Blind,2019-07-02,2022-08-15,38,266,244,19,1,True,True
TRIAL-0859,Phase 3,Melanoma,Apex Oncology Labs,Double Blind,2021-10-26,2026-04-03,54,340,315,19,3,True,True
TRIAL-0860,Phase 4,Colorectal Cancer,Global BioResearch,Open Label,2018-07-18,2020-06-07,23,225,201,13,3,False,True
TRIAL-0861,Phase 2,Breast Cancer,Global BioResearch,Double Blind,2023-12-20,2026-03-09,27,165,162,19,2,True,False
TRIAL-0862,Phase 2,Leukemia,Clinical Research Group A,Double Blind,2020-02-05,2022-06-24,29,92,88,7,2,True,True
TRIAL-0863,Phase 1,Breast Cancer,Clinical Research Group A,Single Blind,2019-08-21,2020-10-14,14,30,29,1,1,True,True
TRIAL-0864,Phase 1,Prostate Cancer,OncoPharm Therapeutics,Open Label,2019-08-14,2020-04-10,8,33,30,2,1,True,True
TRIAL-0865,Phase 1,Colorectal Cancer,Clinical Research Group A,Open Label,2021-01-28,2022-08-21,19,26,18,2,1,False,True
TRIAL-0866,Phase 1,Melanoma,Helix Therapeutics,Single Blind,2018-06-01,2020-06-20,25,31,28,2,1,True,True
TRIAL-0867,Phase 3,Lymphoma,NovaCure Biotech,Triple Blind,2018-08-13,2022-09-21,50,536,514,50,3,True,True
TRIAL-0868,Phase 2,Pancreatic Cancer,Global BioResearch,Double Blind,2018-07-19,2020-06-08,23,37,36,3,1,True,True
TRIAL-0869,Phase 1,Lymphoma,NovaCure Biotech,Open Label,2020-08-23,2021-04-20,8,49,47,6,2,True,True
TRIAL-0870,Phase 1,Prostate Cancer,NovaCure Biotech,Open Label,2022-04-19,2023-10-11,18,37,36,1,1,True,False
TRIAL-0871,Phase 2,Pancreatic Cancer,Global BioResearch,Double Blind,2023-07-14,2026-11-25,41,37,36,3,1,True,False
TRIAL-0872,Phase 3,Leukemia,MedTrials International,Double Blind,2020-12-24,2024-11-03,47,436,403,25,2,True,True
TRIAL-0873,Phase 2,Colorectal Cancer,Global BioResearch,Open Label,2021-08-10,2023-07-31,24,58,55,5,1,True,True
TRIAL-0874,Phase 2,Breast Cancer,Apex Oncology Labs,Double Blind,2019-09-02,2020-12-25,16,118,117,4,2,True,False
TRIAL-0875,Phase 2,Lung Cancer,Helix Therapeutics,Open Label,2020-06-26,2022-09-14,27,70,69,6,1,True,True
TRIAL-0876,Phase 1,Melanoma,Global BioResearch,Single Blind,2022-11-04,2024-07-26,21,24,23,3,1,True,False
TRIAL-0877,Phase 4,Pancreatic Cancer,MedTrials International,Single Blind,2022-10-26,2025-03-14,29,330,313,8,2,True,False
TRIAL-0878,Phase 1,Breast Cancer,Helix Therapeutics,Open Label,2018-04-12,2019-08-05,16,26,18,3,1,False,True
TRIAL-0879,Phase 2,Pancreatic Cancer,MedTrials International,Double Blind,2019-11-12,2021-05-05,18,147,137,7,2,True,True
TRIAL-0880,Phase 1,Prostate Cancer,NovaCure Biotech,Single Blind,2019-08-11,2021-06-01,22,15,11,1,1,False,True
TRIAL-0881,Phase 1,Melanoma,Apex Oncology Labs,Open Label,2020-11-22,2021-08-19,9,29,26,2,1,False,True
TRIAL-0882,Phase 3,Lymphoma,MedTrials International,Double Blind,2021-08-28,2025-03-10,43,429,409,42,2,True,False
TRIAL-0883,Phase 3,Breast Cancer,NovaCure Biotech,Double Blind,2022-02-03,2026-06-12,53,389,386,5,2,True,True
TRIAL-0884,Phase 2,Colorectal Cancer,NovaCure Biotech,Open Label,2023-03-19,2025-08-05,29,105,89,8,1,False,True
TRIAL-0885,Phase 2,Melanoma,NovaCure Biotech,Single Blind,2020-12-24,2022-08-16,20,128,105,7,2,False,True
TRIAL-0886,Phase 2,Melanoma,Helix Therapeutics,Double Blind,2023-07-15,2025-05-05,22,109,93,3,1,False,True
TRIAL-0887,Phase 3,Pancreatic Cancer,Clinical Research Group A,Double Blind,2020-02-02,2022-06-21,29,281,257,17,3,True,False
TRIAL-0888,Phase 2,Colorectal Cancer,Helix Therapeutics,Double Blind,2022-09-10,2024-12-28,28,95,89,4,1,True,True
TRIAL-0889,Phase 3,Colorectal Cancer,OncoPharm Therapeutics,Double Blind,2020-12-14,2026-07-16,68,361,317,13,2,False,False
TRIAL-0890,Phase 1,Breast Cancer,MedTrials International,Open Label,2022-06-04,2023-09-27,16,15,14,3,1,True,True
TRIAL-0891,Phase 3,Lung Cancer,NovaCure Biotech,Double Blind,2019-12-19,2022-10-04,34,485,422,15,2,False,False
TRIAL-0892,Phase 3,Prostate Cancer,Apex Oncology Labs,Double Blind,2022-12-08,2027-01-16,50,542,489,23,3,True,True
TRIAL-0893,Phase 2,Prostate Cancer,MedTrials International,Double Blind,2023-07-27,2024-10-19,15,117,116,5,1,True,True
TRIAL-0894,Phase 1,Lymphoma,Global BioResearch,Open Label,2018-06-22,2020-04-12,22,22,21,2,1,True,True
TRIAL-0895,Phase 2,Lymphoma,MedTrials International,Open Label,2021-12-16,2024-12-30,37,91,89,5,2,True,False
TRIAL-0896,Phase 2,Colorectal Cancer,Global BioResearch,Double Blind,2019-12-17,2021-03-11,15,76,70,5,2,True,False
TRIAL-0897,Phase 1,Prostate Cancer,NovaCure Biotech,Open Label,2019-09-12,2020-11-05,14,27,25,3,1,True,False
TRIAL-0898,Phase 1,Lymphoma,OncoPharm Therapeutics,Open Label,2020-01-17,2021-08-09,19,28,26,3,1,True,True
TRIAL-0899,Phase 2,Leukemia,Apex Oncology Labs,Open Label,2019-03-26,2021-05-14,26,73,71,2,1,True,True
TRIAL-0900,Phase 1,Melanoma,Apex Oncology Labs,Open Label,2021-01-04,2022-12-25,24,30,29,3,1,True,True
TRIAL-0901,Phase 1,Breast Cancer,NovaCure Biotech,Open Label,2022-08-11,2024-05-02,21,29,24,2,1,False,False
TRIAL-0902,Phase 2,Colorectal Cancer,MedTrials International,Open Label,2021-11-15,2024-05-03,30,149,141,7,1,True,True
TRIAL-0903,Phase 3,Lung Cancer,MedTrials International,Double Blind,2021-06-18,2025-04-28,47,438,434,41,2,True,True
TRIAL-0904,Phase 3,Pancreatic Cancer,Clinical Research Group A,Double Blind,2023-01-19,2026-04-03,39,512,435,20,3,False,False
TRIAL-0905,Phase 3,Melanoma,Helix Therapeutics,Double Blind,2022-09-19,2026-08-29,48,452,449,50,1,True,False
TRIAL-0906,Phase 4,Prostate Cancer,MedTrials International,Single Blind,2022-03-01,2023-07-24,17,228,220,5,1,True,True
TRIAL-0907,Phase 1,Pancreatic Cancer,OncoPharm Therapeutics,Single Blind,2020-07-19,2021-05-15,10,27,23,3,1,False,True
TRIAL-0908,Phase 3,Breast Cancer,Apex Oncology Labs,Double Blind,2022-06-13,2025-05-28,36,383,367,18,1,True,True
TRIAL-0909,Phase 1,Lung Cancer,Helix Therapeutics,Open Label,2019-05-25,2021-08-12,27,29,24,1,1,False,True
TRIAL-0910,Phase 2,Lymphoma,Clinical Research Group A,Open Label,2019-01-23,2020-12-13,23,89,87,6,2,True,True
TRIAL-0911,Phase 2,Leukemia,Global BioResearch,Single Blind,2018-01-07,2019-12-28,24,85,79,4,1,True,True
TRIAL-0912,Phase 2,Prostate Cancer,NovaCure Biotech,Double Blind,2018-05-02,2020-10-18,30,98,92,6,1,True,True
TRIAL-0913,Phase 2,Lung Cancer,NovaCure Biotech,Open Label,2019-01-09,2021-12-24,36,28,22,3,1,False,True
TRIAL-0914,Phase 2,Lung Cancer,Global BioResearch,Double Blind,2019-05-19,2022-01-03,32,53,29,3,1,False,True
TRIAL-0915,Phase 1,Prostate Cancer,MedTrials International,Single Blind,2022-03-26,2023-09-17,18,32,30,2,1,True,True
TRIAL-0916,Phase 4,Pancreatic Cancer,OncoPharm Therapeutics,Open Label,2022-05-21,2022-12-17,7,162,157,19,3,True,False
TRIAL-0917,Phase 1,Pancreatic Cancer,Apex Oncology Labs,Open Label,2021-06-27,2023-03-19,21,27,20,3,1,False,True
TRIAL-0918,Phase 2,Melanoma,OncoPharm Therapeutics,Open Label,2020-02-13,2022-09-30,32,44,42,6,1,True,False
TRIAL-0919,Phase 3,Melanoma,NovaCure Biotech,Double Blind,2020-11-09,2025-01-17,51,585,381,15,3,False,False
TRIAL-0920,Phase 3,Melanoma,Global BioResearch,Double Blind,2021-10-11,2026-07-17,58,219,127,4,1,False,True
TRIAL-0921,Phase 3,Breast Cancer,Helix Therapeutics,Double Blind,2021-09-23,2027-06-24,70,399,392,5,2,True,False
TRIAL-0922,Phase 3,Lung Cancer,MedTrials International,Triple Blind,2023-08-22,2027-08-01,48,441,425,19,2,True,True
TRIAL-0923,Phase 4,Lymphoma,MedTrials International,Double Blind,2023-01-04,2027-02-12,50,163,158,17,1,True,True
TRIAL-0924,Phase 4,Pancreatic Cancer,OncoPharm Therapeutics,Open Label,2023-12-12,2026-10-27,35,179,174,5,2,True,True
TRIAL-0925,Phase 3,Melanoma,MedTrials International,Double Blind,2020-01-09,2024-01-18,49,341,324,12,3,True,True
TRIAL-0926,Phase 3,Prostate Cancer,OncoPharm Therapeutics,Double Blind,2020-10-17,2024-08-27,47,619,539,40,1,False,True
TRIAL-0927,Phase 2,Colorectal Cancer,OncoPharm Therapeutics,Double Blind,2020-10-28,2022-07-20,21,106,95,7,1,False,True
TRIAL-0928,Phase 2,Melanoma,Global BioResearch,Double Blind,2023-11-18,2025-07-10,20,142,120,2,1,False,True
TRIAL-0929,Phase 3,Pancreatic Cancer,OncoPharm Therapeutics,Triple Blind,2020-07-28,2024-10-05,51,475,450,18,3,True,False
TRIAL-0930,Phase 2,Pancreatic Cancer,NovaCure Biotech,Single Blind,2023-04-02,2026-02-15,35,40,39,1,1,True,True
TRIAL-0931,Phase 2,Pancreatic Cancer,Apex Oncology Labs,Open Label,2020-02-19,2021-01-14,11,96,92,3,1,True,False
TRIAL-0932,Phase 4,Prostate Cancer,Clinical Research Group A,Single Blind,2019-03-11,2021-04-29,26,193,183,7,2,True,True
TRIAL-0933,Phase 2,Lung Cancer,OncoPharm Therapeutics,Single Blind,2023-06-27,2026-07-11,37,162,156,5,1,True,True
TRIAL-0934,Phase 1,Prostate Cancer,Apex Oncology Labs,Single Blind,2022-04-03,2023-10-25,19,39,38,2,1,True,False
TRIAL-0935,Phase 2,Lung Cancer,Clinical Research Group A,Single Blind,2018-01-02,2019-04-27,16,145,127,2,1,False,True
TRIAL-0936,Phase 3,Lung Cancer,MedTrials International,Double Blind,2022-11-14,2025-04-02,29,379,375,19,1,True,True
TRIAL-0937,Phase 3,Breast Cancer,Apex Oncology Labs,Triple Blind,2021-04-28,2024-04-12,36,301,284,17,1,True,False
TRIAL-0938,Phase 3,Breast Cancer,NovaCure Biotech,Double Blind,2022-02-11,2024-05-31,28,470,335,18,3,False,False
TRIAL-0939,Phase 3,Breast Cancer,NovaCure Biotech,Double Blind,2018-10-23,2022-10-02,48,336,327,11,1,True,True
TRIAL-0940,Phase 3,Prostate Cancer,Helix Therapeutics,Double Blind,2021-12-20,2026-03-29,52,225,217,13,2,True,True
TRIAL-0941,Phase 1,Breast Cancer,OncoPharm Therapeutics,Open Label,2021-09-21,2023-02-13,17,18,16,3,1,False,False
TRIAL-0942,Phase 2,Colorectal Cancer,Global BioResearch,Single Blind,2020-01-17,2021-08-09,19,96,93,6,1,True,True
TRIAL-0943,Phase 3,Breast Cancer,Global BioResearch,Double Blind,2019-04-21,2023-11-26,56,340,312,6,1,True,False
TRIAL-0944,Phase 3,Leukemia,Global BioResearch,Double Blind,2020-10-19,2024-11-27,50,284,259,19,2,True,False
TRIAL-0945,Phase 2,Lymphoma,Apex Oncology Labs,Open Label,2018-08-08,2021-06-23,35,50,48,5,2,True,False
TRIAL-0946,Phase 2,Prostate Cancer,NovaCure Biotech,Double Blind,2021-12-25,2024-12-09,36,105,104,3,1,True,False
TRIAL-0947,Phase 2,Lymphoma,Global BioResearch,Single Blind,2020-01-03,2020-11-28,11,98,95,8,2,True,True
TRIAL-0948,Phase 2,Colorectal Cancer,Apex Oncology Labs,Single Blind,2020-01-01,2021-02-24,14,101,81,7,1,False,True
TRIAL-0949,Phase 2,Prostate Cancer,Apex Oncology Labs,Double Blind,2019-03-07,2021-10-22,32,112,101,4,2,True,True
TRIAL-0950,Phase 3,Lung Cancer,OncoPharm Therapeutics,Triple Blind,2018-06-07,2021-07-21,38,468,438,23,2,True,True
TRIAL-0951,Phase 1,Leukemia,Clinical Research Group A,Open Label,2022-07-23,2023-09-16,14,24,23,3,1,True,True
TRIAL-0952,Phase 1,Colorectal Cancer,MedTrials International,Open Label,2021-12-12,2023-03-07,15,32,31,3,1,True,True
TRIAL-0953,Phase 2,Prostate Cancer,OncoPharm Therapeutics,Double Blind,2022-05-26,2023-02-20,9,129,127,6,1,True,True
TRIAL-0954,Phase 1,Melanoma,MedTrials International,Open Label,2021-04-24,2022-06-18,14,50,43,6,2,False,True
TRIAL-0955,Phase 2,Lung Cancer,Global BioResearch,Double Blind,2022-06-16,2024-05-06,23,79,78,8,2,True,True
TRIAL-0956,Phase 1,Leukemia,Helix Therapeutics,Open Label,2021-08-09,2022-06-05,10,25,22,3,1,False,True
TRIAL-0957,Phase 2,Breast Cancer,Global BioResearch,Open Label,2021-04-13,2024-01-28,34,115,105,3,1,True,True
TRIAL-0958,Phase 2,Lymphoma,Helix Therapeutics,Open Label,2022-02-05,2023-09-28,20,59,58,8,1,True,False
TRIAL-0959,Phase 2,Leukemia,Global BioResearch,Double Blind,2020-07-15,2023-01-31,31,132,106,5,1,False,True
TRIAL-0960,Phase 2,Pancreatic Cancer,Apex Oncology Labs,Open Label,2019-08-08,2022-01-24,30,132,90,2,1,False,True
TRIAL-0961,Phase 1,Lung Cancer,Apex Oncology Labs,Single Blind,2022-11-03,2024-06-25,20,28,27,3,1,True,False
TRIAL-0962,Phase 4,Lung Cancer,OncoPharm Therapeutics,Open Label,2020-04-22,2023-03-08,35,252,236,6,1,True,True
TRIAL-0963,Phase 2,Melanoma,Global BioResearch,Double Blind,2023-12-18,2026-01-06,25,106,100,3,1,True,False
TRIAL-0964,Phase 1,Melanoma,Apex Oncology Labs,Single Blind,2021-10-25,2022-10-20,12,15,13,2,1,False,True
TRIAL-0965,Phase 2,Colorectal Cancer,MedTrials International,Single Blind,2023-12-07,2026-03-26,28,72,63,3,1,False,True
TRIAL-0966,Phase 2,Pancreatic Cancer,Clinical Research Group A,Double Blind,2020-04-14,2021-02-08,10,85,72,4,2,False,False
TRIAL-0967,Phase 3,Prostate Cancer,NovaCure Biotech,Double Blind,2022-03-10,2025-09-20,43,344,304,5,1,False,False
TRIAL-0968,Phase 1,Leukemia,Apex Oncology Labs,Open Label,2023-07-25,2025-02-14,19,35,26,2,1,False,False
TRIAL-0969,Phase 2,Leukemia,Helix Therapeutics,Open Label,2019-03-11,2020-03-05,12,116,102,8,1,False,True
TRIAL-0970,Phase 3,Lymphoma,NovaCure Biotech,Double Blind,2021-04-16,2025-04-25,49,323,294,17,1,True,True
TRIAL-0971,Phase 2,Pancreatic Cancer,Clinical Research Group A,Double Blind,2019-02-22,2022-03-08,37,85,84,2,1,True,True
TRIAL-0972,Phase 1,Pancreatic Cancer,OncoPharm Therapeutics,Open Label,2021-05-07,2022-11-28,19,32,31,1,1,True,True
TRIAL-0973,Phase 3,Lung Cancer,NovaCure Biotech,Double Blind,2021-07-06,2026-08-09,62,244,222,5,1,True,False
TRIAL-0974,Phase 1,Lymphoma,NovaCure Biotech,Open Label,2019-03-28,2021-02-15,23,48,46,5,2,True,True
TRIAL-0975,Phase 2,Pancreatic Cancer,Global BioResearch,Double Blind,2022-12-22,2025-06-09,30,125,116,4,1,True,True
TRIAL-0976,Phase 1,Colorectal Cancer,NovaCure Biotech,Open Label,2022-04-17,2023-12-08,20,42,37,2,1,False,True
TRIAL-0977,Phase 2,Pancreatic Cancer,NovaCure Biotech,Single Blind,2023-02-10,2024-08-03,18,86,83,2,1,True,True
TRIAL-0978,Phase 4,Leukemia,Clinical Research Group A,Double Blind,2019-07-08,2022-11-19,41,217,201,14,2,True,True
TRIAL-0979,Phase 2,Lymphoma,NovaCure Biotech,Single Blind,2022-02-13,2024-08-31,31,112,89,7,1,False,False
TRIAL-0980,Phase 1,Colorectal Cancer,Apex Oncology Labs,Single Blind,2020-11-03,2022-01-27,15,20,18,3,1,True,True
TRIAL-0981,Phase 3,Prostate Cancer,NovaCure Biotech,Double Blind,2018-02-17,2021-02-01,36,319,308,8,2,True,False
TRIAL-0982,Phase 2,Pancreatic Cancer,Global BioResearch,Open Label,2018-02-21,2020-09-08,31,59,56,6,1,True,False
TRIAL-0983,Phase 3,Lymphoma,Apex Oncology Labs,Double Blind,2018-05-04,2022-11-09,55,469,368,11,2,False,False
TRIAL-0984,Phase 1,Pancreatic Cancer,NovaCure Biotech,Open Label,2022-11-08,2024-09-28,23,29,27,1,1,True,False
TRIAL-0985,Phase 2,Pancreatic Cancer,MedTrials International,Open Label,2019-01-20,2021-07-08,30,94,92,3,1,True,True
TRIAL-0986,Phase 2,Lymphoma,Global BioResearch,Open Label,2020-03-15,2023-02-28,36,73,67,8,1,True,True
TRIAL-0987,Phase 1,Breast Cancer,Clinical Research Group A,Open Label,2023-09-21,2025-02-12,17,41,40,5,2,True,True
TRIAL-0988,Phase 3,Lung Cancer,NovaCure Biotech,Double Blind,2018-01-25,2022-11-30,59,344,247,19,1,False,True
TRIAL-0989,Phase 1,Prostate Cancer,Apex Oncology Labs,Single Blind,2018-01-14,2019-10-06,21,35,24,1,1,False,True
TRIAL-0990,Phase 1,Prostate Cancer,Clinical Research Group A,Open Label,2018-11-06,2020-02-29,16,23,22,1,1,True,False
TRIAL-0991,Phase 1,Lung Cancer,MedTrials International,Open Label,2023-04-20,2024-11-10,19,19,18,3,1,True,True
TRIAL-0992,Phase 2,Lymphoma,OncoPharm Therapeutics,Open Label,2020-06-06,2022-08-25,27,117,96,2,1,False,True
TRIAL-0993,Phase 3,Breast Cancer,NovaCure Biotech,Double Blind,2020-11-20,2024-09-30,47,539,496,29,1,True,True
TRIAL-0994,Phase 1,Prostate Cancer,NovaCure Biotech,Open Label,2021-02-23,2022-09-16,19,26,25,3,1,True,True
TRIAL-0995,Phase 4,Colorectal Cancer,Apex Oncology Labs,Double Blind,2023-12-13,2027-06-25,43,135,134,6,1,True,True
TRIAL-0996,Phase 4,Colorectal Cancer,Apex Oncology Labs,Open Label,2020-11-16,2022-10-07,23,165,141,8,2,False,True
TRIAL-0997,Phase 1,Pancreatic Cancer,NovaCure Biotech,Open Label,2019-09-19,2020-12-12,15,44,33,3,1,False,False
TRIAL-0998,Phase 1,Breast Cancer,Helix Therapeutics,Open Label,2020-04-24,2021-07-18,15,27,26,1,1,True,True
TRIAL-0999,Phase 1,Lung Cancer,OncoPharm Therapeutics,Open Label,2020-04-05,2021-06-29,15,18,14,2,1,False,True
TRIAL-1000,Phase 2,Prostate Cancer,Clinical Research Group A,Double Blind,2020-03-09,2021-10-30,20,124,117,5,2,True,True
